datetime,Volume,FlowIn,FlowOut,Rain,HypoTemp,EpiTemp,TP,Chla,SW_DOC,Secchi
2003-12-02,1.1e+08,7.3906848,7.3906848,0,4.4,4.4,0.08,NA,NA,2.5
2003-12-03,1.1e+08,4.5023712,4.5023712,0,NA,NA,NA,NA,NA,NA
2003-12-04,1.1e+08,3.0298976,3.0298976,0.4158000129828,NA,NA,NA,NA,NA,NA
2003-12-05,1.1e+08,2.7467296,2.7467296,2.395300014643,NA,NA,NA,NA,NA,NA
2003-12-06,1.1e+08,2.5768288,2.5768288,0,NA,NA,NA,NA,NA,NA
2003-12-07,1.1e+08,3.0582144,3.0582144,0,NA,NA,NA,NA,NA,NA
2003-12-08,1.1e+08,3.2281152,3.2281152,0.508400001504925,NA,NA,NA,NA,NA,NA
2003-12-09,1.1e+08,3.4829664,3.4829664,1.76080004870892,NA,NA,NA,NA,NA,NA
2003-12-10,1.1e+08,4.105936,4.105936,42.5643995595165,NA,NA,NA,NA,NA,NA
2003-12-11,1.1e+08,2.973264,2.973264,0,NA,NA,NA,NA,NA,NA
2003-12-12,1.1e+08,2.1520768,2.1520768,0,NA,NA,NA,NA,NA,NA
2003-12-13,1.1e+08,2.4352448,2.4352448,0,NA,NA,NA,NA,NA,NA
2003-12-14,1.1e+08,2.6051456,2.6051456,0.211199998855591,NA,NA,NA,NA,NA,NA
2003-12-15,1.1e+08,2.6334624,2.6334624,0,NA,NA,NA,NA,NA,NA
2003-12-16,1.1e+08,3.0582144,3.0582144,1.30039998143911,NA,NA,NA,NA,NA,NA
2003-12-17,1.1e+08,3.1714816,3.1714816,0,NA,NA,NA,NA,NA,NA
2003-12-18,1.1e+08,2.973264,2.973264,0,NA,NA,NA,NA,NA,NA
2003-12-19,1.1e+08,3.398016,3.398016,0,NA,NA,NA,NA,NA,NA
2003-12-20,1.1e+08,2.3219776,2.3219776,0,NA,NA,NA,NA,NA,NA
2003-12-21,1.1e+08,3.0015808,3.0015808,0,NA,NA,NA,NA,NA,NA
2003-12-22,1.1e+08,2.690096,2.690096,0,NA,NA,NA,NA,NA,NA
2003-12-23,1.1e+08,2.9449472,2.9449472,0.0856000036001204,NA,NA,NA,NA,NA,NA
2003-12-24,1.1e+08,2.7467296,2.7467296,0.023199999704957,NA,NA,NA,NA,NA,NA
2003-12-25,1.1e+08,2.690096,2.690096,0,NA,NA,NA,NA,NA,NA
2003-12-26,1.1e+08,2.4635616,2.4635616,0,NA,NA,NA,NA,NA,NA
2003-12-27,1.1e+08,2.690096,2.690096,0,NA,NA,NA,NA,NA,NA
2003-12-28,1.1e+08,3.0298976,3.0298976,5.5194999507803,NA,NA,NA,NA,NA,NA
2003-12-29,1.1e+08,2.8599968,2.8599968,0,NA,NA,NA,NA,NA,NA
2003-12-30,1.1e+08,2.8883136,2.8883136,0,NA,NA,NA,NA,NA,NA
2003-12-31,1.1e+08,2.8599968,2.8599968,0,NA,NA,NA,NA,NA,NA
2004-01-01,1.1e+08,2.4918784,2.4918784,0,NA,NA,NA,NA,NA,NA
2004-01-02,1.1e+08,2.7467296,2.7467296,0.304000006464776,NA,NA,NA,NA,NA,NA
2004-01-03,1.1e+08,3.1997984,3.1997984,0.342800006270409,NA,NA,NA,NA,NA,NA
2004-01-04,1.1e+08,3.0865312,3.0865312,4.53459998592734,NA,NA,NA,NA,NA,NA
2004-01-05,1.1e+08,3.6245504,3.6245504,0.803200006484984,NA,NA,NA,NA,NA,NA
2004-01-06,1.1e+08,2.690096,2.690096,0,NA,NA,NA,NA,NA,NA
2004-01-07,1.1e+08,2.5768288,2.5768288,0,NA,NA,NA,NA,NA,NA
2004-01-08,1.1e+08,2.406928,2.406928,0,NA,NA,NA,NA,NA,NA
2004-01-09,1.1e+08,2.2370272,2.2370272,0,NA,NA,NA,NA,NA,NA
2004-01-10,1.1e+08,2.2936608,2.2936608,0,NA,NA,NA,NA,NA,NA
2004-01-11,1.1e+08,2.6051456,2.6051456,0,NA,NA,NA,NA,NA,NA
2004-01-12,1.1e+08,2.2087104,2.2087104,0,NA,NA,NA,NA,NA,NA
2004-01-13,1.1e+08,2.0388096,2.0388096,0,NA,NA,NA,NA,NA,NA
2004-01-14,1.1e+08,2.265344,2.265344,0.0199999995529652,NA,NA,NA,NA,NA,NA
2004-01-15,1.1e+08,2.7184128,2.7184128,0,NA,NA,NA,NA,NA,NA
2004-01-16,1.1e+08,2.5201952,2.5201952,0.0892000001622362,NA,NA,NA,NA,NA,NA
2004-01-17,1.1e+08,2.406928,2.406928,4.43000002019107,NA,NA,NA,NA,NA,NA
2004-01-18,1.1e+08,2.973264,2.973264,0,NA,NA,NA,NA,NA,NA
2004-01-19,1.1e+08,2.7184128,2.7184128,0,NA,NA,NA,NA,NA,NA
2004-01-20,1.1e+08,2.1803936,2.1803936,0,NA,NA,NA,NA,NA,NA
2004-01-21,1.1e+08,2.3786112,2.3786112,0,NA,NA,NA,NA,NA,NA
2004-01-22,1.1e+08,2.7750464,2.7750464,0,NA,NA,NA,NA,NA,NA
2004-01-23,1.1e+08,2.690096,2.690096,2.83170003816486,NA,NA,NA,NA,NA,NA
2004-01-24,1.1e+08,2.406928,2.406928,0,NA,NA,NA,NA,NA,NA
2004-01-25,1.1e+08,2.2370272,2.2370272,0,NA,NA,NA,NA,NA,NA
2004-01-26,1.1e+08,2.7750464,2.7750464,6.12640004671994,NA,NA,NA,NA,NA,NA
2004-01-27,1.1e+08,2.2936608,2.2936608,0.293999991379678,NA,NA,NA,NA,NA,NA
2004-01-28,1.1e+08,2.5768288,2.5768288,0,NA,NA,NA,NA,NA,NA
2004-01-29,1.1e+08,2.8883136,2.8883136,0.0108000002801418,NA,NA,NA,NA,NA,NA
2004-01-30,1.1e+08,3.114848,3.114848,0,NA,NA,NA,NA,NA,NA
2004-01-31,1.1e+08,2.5768288,2.5768288,0,NA,NA,NA,NA,NA,NA
2004-02-01,1.1e+08,2.5201952,2.5201952,0,NA,NA,NA,NA,NA,NA
2004-02-02,1.1e+08,2.8883136,2.8883136,5.37059989705449,NA,NA,NA,NA,NA,NA
2004-02-03,1.1e+08,2.6334624,2.6334624,2.56700000539422,NA,NA,NA,NA,5.408,NA
2004-02-04,1.1e+08,2.6051456,2.6051456,0,NA,NA,NA,NA,NA,NA
2004-02-05,1.1e+08,2.7184128,2.7184128,3.27720007300377,NA,NA,NA,NA,NA,NA
2004-02-06,1.1e+08,2.8033632,2.8033632,8.10560011930647,NA,NA,NA,NA,NA,NA
2004-02-07,1.1e+08,2.690096,2.690096,0,NA,NA,NA,NA,NA,NA
2004-02-08,1.1e+08,2.690096,2.690096,0,NA,NA,NA,NA,NA,NA
2004-02-09,1.1e+08,2.7467296,2.7467296,0.181600004434585,NA,NA,NA,NA,NA,NA
2004-02-10,1.1e+08,2.973264,2.973264,0,NA,NA,NA,NA,NA,NA
2004-02-11,1.1e+08,2.6617792,2.6617792,0.0575999990105629,NA,NA,NA,NA,NA,NA
2004-02-12,1.1e+08,2.6334624,2.6334624,0.0208000000566244,NA,NA,NA,NA,NA,NA
2004-02-13,1.1e+08,2.6334624,2.6334624,0,NA,NA,NA,NA,NA,NA
2004-02-14,1.1e+08,2.6334624,2.6334624,0,NA,NA,NA,NA,NA,NA
2004-02-15,1.1e+08,2.7184128,2.7184128,0,NA,NA,NA,NA,NA,NA
2004-02-16,1.1e+08,2.7750464,2.7750464,0,NA,NA,NA,NA,NA,NA
2004-02-17,1.1e+08,2.690096,2.690096,0,3.24,2.12,0.12,NA,NA,5.2
2004-02-18,1.1e+08,2.83168,2.83168,0,NA,NA,NA,NA,NA,NA
2004-02-19,1.1e+08,2.6334624,2.6334624,0.580099992454052,NA,NA,NA,NA,NA,NA
2004-02-20,1.1e+08,3.5679168,3.5679168,8.48619997704372,NA,NA,NA,NA,NA,NA
2004-02-21,1.1e+08,2.6051456,2.6051456,3.27819997072219,NA,NA,NA,NA,NA,NA
2004-02-22,1.1e+08,2.690096,2.690096,2.58840009942651,NA,NA,NA,NA,NA,NA
2004-02-23,1.1e+08,2.7750464,2.7750464,1.56919999420643,NA,NA,NA,NA,NA,NA
2004-02-24,1.1e+08,2.4635616,2.4635616,0,NA,NA,NA,NA,NA,NA
2004-02-25,1.1e+08,2.1520768,2.1520768,0,NA,NA,NA,NA,NA,NA
2004-02-26,1.1e+08,1.2176224,1.2176224,0,NA,NA,NA,NA,NA,NA
2004-02-27,1.1e+08,1.1609888,1.1609888,0,NA,NA,NA,NA,NA,NA
2004-02-28,1.1e+08,1.3025728,1.3025728,0,NA,NA,NA,NA,NA,NA
2004-02-29,1.1e+08,1.2459392,1.2459392,0,NA,NA,NA,NA,NA,NA
2004-03-01,1.1e+08,1.5007904,1.5007904,5.50560002774,NA,NA,NA,NA,NA,NA
2004-03-02,1.1e+08,1.2459392,1.2459392,0.453199982643127,NA,NA,NA,NA,NA,NA
2004-03-03,1.1e+08,1.0760384,1.0760384,0.144800003618002,NA,NA,NA,NA,NA,NA
2004-03-04,1.1e+08,1.5857408,1.5857408,0.51639998704195,NA,NA,NA,NA,NA,NA
2004-03-05,1.1e+08,2.1803936,2.1803936,32.5064006149769,NA,NA,NA,NA,NA,NA
2004-03-06,1.1e+08,1.5007904,1.5007904,0,NA,NA,NA,NA,NA,NA
2004-03-07,1.1e+08,1.699008,1.699008,0.58289999514818,NA,NA,NA,NA,NA,NA
2004-03-08,1.1e+08,1.7839584,1.7839584,0.000199999994947575,NA,NA,NA,NA,NA,NA
2004-03-09,1.1e+08,2.3502944,2.3502944,0.0440000011585653,NA,NA,NA,NA,NA,NA
2004-03-10,1.1e+08,2.5201952,2.5201952,0,NA,NA,NA,NA,NA,NA
2004-03-11,1.1e+08,2.4635616,2.4635616,1.70260004326701,NA,NA,NA,NA,NA,NA
2004-03-12,1.1e+08,2.2936608,2.2936608,0,NA,NA,NA,NA,NA,NA
2004-03-13,1.1e+08,2.406928,2.406928,1.18220001831651,NA,NA,NA,NA,NA,NA
2004-03-14,1.1e+08,2.548512,2.548512,2.5266000404954,NA,NA,NA,NA,NA,NA
2004-03-15,1.1e+08,2.1803936,2.1803936,0,NA,NA,NA,NA,NA,NA
2004-03-16,1.1e+08,2.5768288,2.5768288,0,NA,NA,NA,NA,NA,NA
2004-03-17,1.1e+08,2.6617792,2.6617792,3.89119995385408,NA,NA,NA,NA,NA,NA
2004-03-18,1.1e+08,2.2936608,2.2936608,2.53150001168251,NA,NA,NA,NA,NA,NA
2004-03-19,1.1e+08,2.265344,2.265344,0.00130000000353903,NA,NA,NA,NA,NA,NA
2004-03-20,1.1e+08,2.3786112,2.3786112,0.557099994737655,NA,NA,NA,NA,NA,NA
2004-03-21,1.1e+08,2.0388096,2.0388096,0,NA,NA,NA,NA,NA,NA
2004-03-22,1.1e+08,2.0388096,2.0388096,0,NA,NA,NA,NA,NA,NA
2004-03-23,1.1e+08,2.2370272,2.2370272,0,NA,NA,NA,NA,NA,NA
2004-03-24,1.1e+08,2.4352448,2.4352448,5.33380002866033,NA,NA,NA,NA,NA,NA
2004-03-25,1.1e+08,2.548512,2.548512,0,NA,NA,NA,NA,NA,NA
2004-03-26,1.1e+08,2.6051456,2.6051456,29.794400213752,NA,NA,NA,NA,NA,NA
2004-03-27,1.1e+08,2.3502944,2.3502944,0.0507999993860721,NA,NA,NA,NA,NA,NA
2004-03-28,1.1e+08,2.7467296,2.7467296,8.95439999084919,NA,NA,NA,NA,NA,NA
2004-03-29,1.1e+08,4.813856,4.813856,2.06819999217988,NA,NA,NA,NA,NA,NA
2004-03-30,1.1e+08,6.7110816,6.7110816,1.18239998817444,NA,NA,NA,NA,NA,NA
2004-03-31,1.1e+08,6.5978144,6.5978144,0.26240000128746,6.03,6.1,0.06,NA,NA,2.4
2004-04-01,1.1e+08,6.5694976,6.5694976,0,NA,NA,NA,NA,NA,NA
2004-04-02,1.1e+08,6.654448,6.654448,0,NA,NA,NA,NA,NA,NA
2004-04-03,1.1e+08,7.1924672,7.1924672,0,NA,NA,NA,NA,NA,NA
2004-04-04,1.1e+08,6.5694976,6.5694976,0,NA,NA,NA,NA,NA,NA
2004-04-05,1.1e+08,6.2863296,6.2863296,0,NA,NA,NA,NA,NA,NA
2004-04-06,1.1e+08,6.4845472,6.4845472,1.25800000969321,NA,NA,NA,NA,NA,NA
2004-04-07,1.1e+08,6.4562304,6.4562304,0,NA,NA,NA,NA,NA,NA
2004-04-08,1.1e+08,6.8526656,6.8526656,0,NA,NA,NA,NA,NA,NA
2004-04-09,1.1e+08,6.2580128,6.2580128,0,NA,NA,NA,NA,NA,NA
2004-04-10,1.1e+08,6.1447456,6.1447456,0,NA,NA,NA,NA,NA,NA
2004-04-11,1.1e+08,5.4368256,5.4368256,0,NA,NA,NA,NA,NA,NA
2004-04-12,1.1e+08,3.822768,3.822768,0,NA,NA,NA,NA,8.256,NA
2004-04-13,1.1e+08,3.3130656,3.3130656,0,7.61,7.8,0.05,NA,NA,2.7
2004-04-14,1.1e+08,4.0493024,4.0493024,0,NA,NA,NA,NA,NA,NA
2004-04-15,1.1e+08,3.2281152,3.2281152,9.99999974737875e-05,NA,NA,NA,NA,NA,NA
2004-04-16,1.1e+08,2.973264,2.973264,1.40840000472963,NA,NA,NA,NA,NA,NA
2004-04-17,1.1e+08,3.3696992,3.3696992,12.7633001059294,NA,NA,NA,NA,NA,NA
2004-04-18,1.1e+08,3.2281152,3.2281152,3.63700002338737,NA,NA,NA,NA,NA,NA
2004-04-19,1.1e+08,3.114848,3.114848,0.532400001175119,NA,NA,NA,NA,NA,NA
2004-04-20,1.1e+08,2.7750464,2.7750464,9.619199834764,NA,NA,NA,NA,NA,NA
2004-04-21,1.1e+08,2.8033632,2.8033632,7.87320013251156,NA,NA,NA,NA,NA,NA
2004-04-22,1.1e+08,2.406928,2.406928,0,NA,NA,NA,NA,NA,NA
2004-04-23,1.1e+08,2.5201952,2.5201952,0,NA,NA,NA,NA,NA,NA
2004-04-24,1.1e+08,2.5768288,2.5768288,0.611999999266118,NA,NA,NA,NA,NA,NA
2004-04-25,1.1e+08,2.4352448,2.4352448,9.16979998350144,NA,NA,NA,NA,NA,NA
2004-04-26,1.1e+08,2.6617792,2.6617792,0,NA,NA,NA,NA,NA,NA
2004-04-27,1.1e+08,2.7184128,2.7184128,0,NA,NA,NA,NA,NA,NA
2004-04-28,1.1e+08,2.9166304,2.9166304,0,NA,NA,NA,NA,NA,NA
2004-04-29,1.1e+08,3.0015808,3.0015808,0,11.51,11.6,0.06,NA,NA,4.1
2004-04-30,1.1e+08,2.8883136,2.8883136,0.031199999153614,NA,NA,NA,NA,NA,NA
2004-05-01,1.1e+08,2.8033632,2.8033632,1.58480006724131,NA,NA,NA,NA,NA,NA
2004-05-02,1.1e+08,2.548512,2.548512,1.40920000523329,NA,NA,NA,NA,NA,NA
2004-05-03,1.1e+08,2.8599968,2.8599968,0,NA,NA,NA,NA,NA,NA
2004-05-04,1.1e+08,2.4352448,2.4352448,0.0916000008583071,NA,NA,NA,NA,NA,NA
2004-05-05,1.1e+08,2.2936608,2.2936608,0,NA,NA,NA,NA,NA,NA
2004-05-06,1.1e+08,2.2370272,2.2370272,0.481999998446554,NA,NA,NA,NA,NA,NA
2004-05-07,1.1e+08,2.265344,2.265344,0.433199991006404,NA,NA,NA,NA,NA,NA
2004-05-08,1.1e+08,2.4352448,2.4352448,3.79119998635724,NA,NA,NA,NA,NA,NA
2004-05-09,1.1e+08,2.6051456,2.6051456,15.6492001954466,NA,NA,NA,NA,NA,NA
2004-05-10,1.1e+08,2.5768288,2.5768288,14.3348002189014,NA,NA,NA,NA,6.269,NA
2004-05-11,1.1e+08,2.3786112,2.3786112,1.29080000519753,12.18,13.4,0.08,NA,NA,5.5
2004-05-12,1.1e+08,2.3786112,2.3786112,0.138400001218542,NA,NA,NA,NA,NA,NA
2004-05-13,1.1e+08,2.2936608,2.2936608,9.19359992950921,NA,NA,NA,NA,NA,NA
2004-05-14,1.1e+08,2.265344,2.265344,10.1380000384524,NA,NA,NA,NA,NA,NA
2004-05-15,1.1e+08,2.3502944,2.3502944,0,NA,NA,NA,NA,NA,NA
2004-05-16,1.1e+08,2.4352448,2.4352448,0,NA,NA,NA,NA,NA,NA
2004-05-17,1.1e+08,2.4635616,2.4635616,0,NA,NA,NA,NA,NA,NA
2004-05-18,1.1e+08,2.2087104,2.2087104,21.8964008311741,NA,NA,NA,NA,NA,NA
2004-05-19,1.1e+08,2.2370272,2.2370272,0.233200002461672,NA,NA,NA,NA,NA,NA
2004-05-20,1.1e+08,2.2087104,2.2087104,0,NA,NA,NA,NA,NA,NA
2004-05-21,1.1e+08,3.7378176,3.7378176,41.8133999122655,NA,NA,NA,NA,NA,NA
2004-05-22,1.1e+08,4.105936,4.105936,54.6021998226642,NA,NA,NA,NA,NA,NA
2004-05-23,1.1e+08,5.4651424,5.4651424,49.5124001428485,NA,NA,NA,NA,NA,NA
2004-05-24,1.1e+08,6.9942496,6.9942496,1.12119996547699,NA,NA,NA,NA,NA,NA
2004-05-25,1.1e+08,8.1269216,8.1269216,2.71860000491142,NA,NA,NA,NA,NA,NA
2004-05-26,1.1e+08,8.1835552,8.1835552,0.192800000309944,NA,NA,NA,NA,NA,NA
2004-05-27,1.1e+08,9.5144448,9.5144448,0,12.93,16.33,0.04,NA,NA,2.7
2004-05-28,1.1e+08,11.609888,11.609888,0,NA,NA,NA,NA,NA,NA
2004-05-29,1.1e+08,12.4027584,12.4027584,11.9221996767447,NA,NA,NA,NA,NA,NA
2004-05-30,1.1e+08,10.2223648,10.2223648,20.7684002183378,NA,NA,NA,NA,NA,NA
2004-05-31,1.1e+08,10.6471168,10.6471168,8.08040010812693,NA,NA,NA,NA,NA,NA
2004-06-01,1.1e+08,11.2417696,11.2417696,0.743600008485374,NA,NA,NA,NA,NA,NA
2004-06-02,1.1e+08,11.1001856,11.1001856,0.023199999704957,NA,NA,NA,NA,NA,NA
2004-06-03,1.1e+08,11.3833536,11.3833536,0,NA,NA,NA,NA,NA,NA
2004-06-04,1.1e+08,11.8081056,11.8081056,0,NA,NA,NA,NA,NA,NA
2004-06-05,1.1e+08,12.4310752,12.4310752,0,NA,NA,NA,NA,NA,NA
2004-06-06,1.1e+08,12.5443424,12.5443424,0.464400000870228,NA,NA,NA,NA,NA,NA
2004-06-07,1.1e+08,12.7708768,12.7708768,0,NA,NA,NA,NA,5.503,NA
2004-06-08,1.1e+08,12.2045408,12.2045408,0,13.19,18.64,0.14,NA,NA,3
2004-06-09,1.1e+08,10.194048,10.194048,3.94359997450374,NA,NA,NA,NA,NA,NA
2004-06-10,1.1e+08,8.1269216,8.1269216,17.4760999632417,NA,NA,NA,NA,NA,NA
2004-06-11,1.1e+08,5.5500928,5.5500928,17.2387998700142,NA,NA,NA,NA,NA,NA
2004-06-12,1.1e+08,5.097024,5.097024,11.5675996653736,NA,NA,NA,NA,NA,NA
2004-06-13,1.1e+08,5.2669248,5.2669248,0.311000021174549,NA,NA,NA,NA,NA,NA
2004-06-14,1.1e+08,5.1253408,5.1253408,2.70840010046959,NA,NA,NA,NA,NA,NA
2004-06-15,1.1e+08,6.37128,6.37128,0,NA,NA,NA,NA,NA,NA
2004-06-16,1.1e+08,8.0986048,8.0986048,0.295999997761101,NA,NA,NA,NA,NA,NA
2004-06-17,1.1e+08,8.6932576,8.6932576,18.614400178194,NA,NA,NA,NA,NA,NA
2004-06-18,1.1e+08,8.49504,8.49504,0.383199999108911,NA,NA,NA,NA,NA,NA
2004-06-19,1.1e+08,8.6649408,8.6649408,0,NA,NA,NA,NA,NA,NA
2004-06-20,1.1e+08,8.5233568,8.5233568,0,NA,NA,NA,NA,NA,NA
2004-06-21,1.1e+08,8.636624,8.636624,7.84119988977908,NA,NA,NA,NA,NA,NA
2004-06-22,1.1e+08,8.8914752,8.8914752,0,14.1,19.65,0.05,NA,NA,2.5
2004-06-23,1.1e+08,6.8809824,6.8809824,0.531799991018488,NA,NA,NA,NA,NA,NA
2004-06-24,1.1e+08,5.4651424,5.4651424,13.7748010078794,NA,NA,NA,NA,NA,NA
2004-06-25,1.1e+08,5.4934592,5.4934592,0,NA,NA,NA,NA,NA,NA
2004-06-26,1.1e+08,5.521776,5.521776,0,NA,NA,NA,NA,NA,NA
2004-06-27,1.1e+08,5.521776,5.521776,1.83399999141693,NA,NA,NA,NA,NA,NA
2004-06-28,1.1e+08,5.4934592,5.4934592,1.50759999454021,NA,NA,NA,NA,NA,NA
2004-06-29,1.1e+08,6.229696,6.229696,0,NA,NA,NA,NA,NA,NA
2004-06-30,1.1e+08,6.9659328,6.9659328,0,NA,NA,NA,NA,NA,NA
2004-07-01,1.1e+08,9.2595936,9.2595936,0.050400000065565,NA,NA,NA,NA,NA,NA
2004-07-02,1.1e+08,10.0241472,10.0241472,0.0187999997287989,NA,NA,NA,NA,NA,NA
2004-07-03,1.1e+08,9.8825632,9.8825632,26.5475996490568,NA,NA,NA,NA,NA,NA
2004-07-04,1.1e+08,6.8809824,6.8809824,29.792399758473,NA,NA,NA,NA,NA,NA
2004-07-05,1.1e+08,6.7393984,6.7393984,0.324600000400096,NA,NA,NA,NA,NA,NA
2004-07-06,1.1e+08,6.654448,6.654448,2.61360001697904,NA,NA,NA,NA,5.811,NA
2004-07-07,1.1e+08,6.8243488,6.8243488,5.71920000761749,14.61,20.82,0.19,NA,NA,2
2004-07-08,1.1e+08,7.6738528,7.6738528,0,NA,NA,NA,NA,NA,NA
2004-07-09,1.1e+08,8.6649408,8.6649408,7.86999996379018,NA,NA,NA,NA,NA,NA
2004-07-10,1.1e+08,8.6649408,8.6649408,0.00520000001415608,NA,NA,NA,NA,NA,NA
2004-07-11,1.1e+08,8.3251392,8.3251392,3.58959989249706,NA,NA,NA,NA,NA,NA
2004-07-12,1.1e+08,8.1552384,8.1552384,0,NA,NA,NA,NA,NA,NA
2004-07-13,1.1e+08,8.0419712,8.0419712,0.0728000029921533,NA,NA,NA,NA,NA,NA
2004-07-14,1.1e+08,9.0330592,9.0330592,0,NA,NA,NA,NA,NA,NA
2004-07-15,1.1e+08,9.2312768,9.2312768,0,NA,NA,NA,NA,NA,NA
2004-07-16,1.1e+08,9.2595936,9.2595936,17.0607999246568,NA,NA,NA,NA,NA,NA
2004-07-17,1.1e+08,8.8914752,8.8914752,0,NA,NA,NA,NA,NA,NA
2004-07-18,1.1e+08,8.6932576,8.6932576,0,NA,NA,NA,NA,NA,NA
2004-07-19,1.1e+08,8.0986048,8.0986048,0.00039999998989515,NA,NA,NA,NA,NA,NA
2004-07-20,1.1e+08,8.211872,8.211872,0.838599981740118,14.57,22.29,0.03,NA,NA,1.6
2004-07-21,1.1e+08,8.1269216,8.1269216,10.2347999364138,NA,NA,NA,NA,NA,NA
2004-07-22,1.1e+08,7.9003872,7.9003872,0.0108000002801418,NA,NA,NA,NA,NA,NA
2004-07-23,1.1e+08,7.0792,7.0792,0,NA,NA,NA,NA,NA,NA
2004-07-24,1.1e+08,5.4085088,5.4085088,0,NA,NA,NA,NA,NA,NA
2004-07-25,1.1e+08,4.7855392,4.7855392,0,NA,NA,NA,NA,NA,NA
2004-07-26,1.1e+08,4.5873216,4.5873216,0,NA,NA,NA,NA,NA,NA
2004-07-27,1.1e+08,2.8033632,2.8033632,0,NA,NA,NA,NA,NA,NA
2004-07-28,1.1e+08,1.8972256,1.8972256,0,NA,NA,NA,NA,NA,NA
2004-07-29,1.1e+08,1.9538592,1.9538592,7.08439989387989,NA,NA,NA,NA,NA,NA
2004-07-30,1.1e+08,2.1520768,2.1520768,21.9723997861147,NA,NA,NA,NA,NA,NA
2004-07-31,1.1e+08,1.9255424,1.9255424,0,NA,NA,NA,NA,NA,NA
2004-08-01,1.1e+08,1.8972256,1.8972256,1.33359996858053,NA,NA,NA,NA,NA,NA
2004-08-02,1.1e+08,1.6140576,1.6140576,2.75360005884432,NA,NA,NA,NA,NA,NA
2004-08-03,1.1e+08,2.1803936,2.1803936,1.72519999206998,NA,NA,NA,NA,6.308,NA
2004-08-04,1.1e+08,2.0104928,2.0104928,26.1179991638638,NA,NA,NA,NA,NA,NA
2004-08-05,1.1e+08,2.2936608,2.2936608,0,14.28,21.66,0.23,NA,NA,1.6
2004-08-06,1.1e+08,2.9166304,2.9166304,1.32379999756813,NA,NA,NA,NA,NA,NA
2004-08-07,1.1e+08,3.6528672,3.6528672,0,NA,NA,NA,NA,NA,NA
2004-08-08,1.1e+08,4.0209856,4.0209856,0,NA,NA,NA,NA,NA,NA
2004-08-09,1.1e+08,3.822768,3.822768,1.06240001693368,NA,NA,NA,NA,NA,NA
2004-08-10,1.1e+08,3.5962336,3.5962336,0.180800005793571,NA,NA,NA,NA,NA,NA
2004-08-11,1.1e+08,3.681184,3.681184,1.67200005054474,NA,NA,NA,NA,NA,NA
2004-08-12,1.1e+08,3.7095008,3.7095008,0.0803999975323675,NA,NA,NA,NA,NA,NA
2004-08-13,1.1e+08,3.6528672,3.6528672,0,NA,NA,NA,NA,NA,NA
2004-08-14,1.1e+08,3.7095008,3.7095008,0.0175999999046326,NA,NA,NA,NA,NA,NA
2004-08-15,1.1e+08,3.822768,3.822768,0.0175999999046326,NA,NA,NA,NA,NA,NA
2004-08-16,1.1e+08,3.681184,3.681184,0,14.28,20.28,0.04,NA,NA,1.5
2004-08-17,1.1e+08,3.5962336,3.5962336,6.99439975619317,NA,NA,NA,NA,NA,NA
2004-08-18,1.1e+08,3.1714816,3.1714816,6.71080014482143,NA,NA,NA,NA,NA,NA
2004-08-19,1.1e+08,2.83168,2.83168,0.681000020354986,NA,NA,NA,NA,NA,NA
2004-08-20,1.1e+08,2.8033632,2.8033632,0,NA,NA,NA,NA,NA,NA
2004-08-21,1.1e+08,2.83168,2.83168,0,NA,NA,NA,NA,NA,NA
2004-08-22,1.1e+08,2.8033632,2.8033632,0,NA,NA,NA,NA,NA,NA
2004-08-23,1.1e+08,2.6617792,2.6617792,0,NA,NA,NA,NA,NA,NA
2004-08-24,1.1e+08,2.6617792,2.6617792,4.91080007769051,NA,NA,NA,NA,NA,NA
2004-08-25,1.1e+08,2.7750464,2.7750464,4.56679991367855,NA,NA,NA,NA,NA,NA
2004-08-26,1.1e+08,2.8033632,2.8033632,0,NA,NA,NA,NA,NA,NA
2004-08-27,1.1e+08,2.8599968,2.8599968,10.3644003788941,NA,NA,NA,NA,NA,NA
2004-08-28,1.1e+08,2.690096,2.690096,10.3327999631874,NA,NA,NA,NA,NA,NA
2004-08-29,1.1e+08,2.690096,2.690096,0.00960000045597554,NA,NA,NA,NA,NA,NA
2004-08-30,1.1e+08,2.6617792,2.6617792,0.0680000018328428,NA,NA,NA,NA,NA,NA
2004-08-31,1.1e+08,2.5768288,2.5768288,0.205600002780557,NA,NA,NA,NA,NA,NA
2004-09-01,1.1e+08,2.8883136,2.8883136,9.42700018221512,NA,NA,NA,NA,NA,NA
2004-09-02,1.1e+08,2.8883136,2.8883136,0.0756000000983477,NA,NA,NA,NA,NA,NA
2004-09-03,1.1e+08,3.0582144,3.0582144,0,NA,NA,NA,NA,NA,NA
2004-09-04,1.1e+08,3.1714816,3.1714816,0,NA,NA,NA,NA,NA,NA
2004-09-05,1.1e+08,3.0865312,3.0865312,0,NA,NA,NA,NA,NA,NA
2004-09-06,1.1e+08,3.0015808,3.0015808,3.80119999870657,NA,NA,NA,NA,NA,NA
2004-09-07,1.1e+08,2.83168,2.83168,1.05239999759942,NA,NA,NA,NA,NA,NA
2004-09-08,1.1e+08,2.6334624,2.6334624,0,NA,NA,NA,NA,NA,NA
2004-09-09,1.1e+08,2.690096,2.690096,0.00719999987632038,14.57,20.12,0.16,NA,NA,1.6
2004-09-10,1.1e+08,2.6051456,2.6051456,0.0292999998200684,NA,NA,NA,NA,NA,NA
2004-09-11,1.1e+08,2.4918784,2.4918784,0,NA,NA,NA,NA,NA,NA
2004-09-12,1.1e+08,2.5768288,2.5768288,0,NA,NA,NA,NA,NA,NA
2004-09-13,1.1e+08,2.12376,2.12376,0,NA,NA,NA,NA,NA,NA
2004-09-14,1.1e+08,1.699008,1.699008,0,NA,NA,NA,NA,NA,NA
2004-09-15,1.1e+08,1.8122752,1.8122752,12.6455999165773,NA,NA,NA,NA,NA,NA
2004-09-16,1.1e+08,1.557424,1.557424,1.1216000043205,NA,NA,NA,NA,NA,NA
2004-09-17,1.1e+08,1.6706912,1.6706912,0,NA,NA,NA,NA,NA,NA
2004-09-18,1.1e+08,1.7556416,1.7556416,0,NA,NA,NA,NA,NA,NA
2004-09-19,1.1e+08,1.7839584,1.7839584,0,NA,NA,NA,NA,NA,NA
2004-09-20,1.1e+08,1.3308896,1.3308896,0.0548000000417233,NA,NA,NA,NA,NA,NA
2004-09-21,1.1e+08,0.9061376,0.9061376,0,NA,NA,NA,NA,NA,NA
2004-09-22,1.1e+08,0.7928704,0.7928704,0,NA,NA,NA,NA,NA,NA
2004-09-23,1.1e+08,1.1043552,1.1043552,0,NA,NA,NA,NA,NA,NA
2004-09-24,1.1e+08,1.1893056,1.1893056,0.105200000107288,NA,NA,NA,NA,NA,NA
2004-09-25,1.1e+08,1.132672,1.132672,0,NA,NA,NA,NA,NA,NA
2004-09-26,1.1e+08,1.274256,1.274256,0,NA,NA,NA,NA,NA,NA
2004-09-27,1.1e+08,1.3025728,1.3025728,0,NA,NA,NA,NA,NA,NA
2004-09-28,1.1e+08,0.9627712,0.9627712,0,NA,NA,NA,NA,NA,NA
2004-09-29,1.1e+08,0.7928704,0.7928704,0,NA,NA,NA,NA,NA,NA
2004-09-30,1.1e+08,0.8211872,0.8211872,0,NA,NA,NA,NA,NA,NA
2004-10-01,1.1e+08,0.7645536,0.7645536,2.58120003715157,NA,NA,NA,NA,NA,NA
2004-10-02,1.1e+08,0.566336,0.566336,13.2342001146171,NA,NA,NA,NA,NA,NA
2004-10-03,1.1e+08,0.70792,0.70792,0,NA,NA,NA,NA,NA,NA
2004-10-04,1.1e+08,0.566336,0.566336,0,NA,NA,NA,NA,NA,NA
2004-10-05,1.1e+08,0.566336,0.566336,0,NA,NA,NA,NA,5.864,NA
2004-10-06,1.1e+08,0.5946528,0.5946528,0,14.61,16.57,0.29,NA,NA,1.3
2004-10-07,1.1e+08,0.5097024,0.5097024,0,NA,NA,NA,NA,NA,NA
2004-10-08,1.1e+08,0.7928704,0.7928704,19.8398003400071,NA,NA,NA,NA,NA,NA
2004-10-09,1.1e+08,0.70792,0.70792,0.364999992540106,NA,NA,NA,NA,NA,NA
2004-10-10,1.1e+08,0.6512864,0.6512864,0,NA,NA,NA,NA,NA,NA
2004-10-11,1.1e+08,0.5380192,0.5380192,0,NA,NA,NA,NA,NA,NA
2004-10-12,1.1e+08,0.5946528,0.5946528,0,NA,NA,NA,NA,NA,NA
2004-10-13,1.1e+08,0.424752,0.424752,0.0931999995373191,NA,NA,NA,NA,NA,NA
2004-10-14,1.1e+08,0.4813856,0.4813856,0.0851999991573394,NA,NA,NA,NA,NA,NA
2004-10-15,1.1e+08,0.7362368,0.7362368,0.423199992626906,NA,NA,NA,NA,NA,NA
2004-10-16,1.1e+08,0.6512864,0.6512864,0.485499994130805,NA,NA,NA,NA,NA,NA
2004-10-17,1.1e+08,0.5946528,0.5946528,0,NA,NA,NA,NA,NA,NA
2004-10-18,1.1e+08,0.70792,0.70792,0.0448000002652407,NA,NA,NA,NA,NA,NA
2004-10-19,1.1e+08,0.5380192,0.5380192,4.33419999410397,NA,NA,NA,NA,NA,NA
2004-10-20,1.1e+08,0.6796032,0.6796032,0.011400000192225,NA,NA,NA,NA,NA,NA
2004-10-21,1.1e+08,0.6229696,0.6229696,0,NA,NA,NA,NA,NA,NA
2004-10-22,1.1e+08,0.70792,0.70792,6.01219987776131,NA,NA,NA,NA,NA,NA
2004-10-23,1.1e+08,1.0760384,1.0760384,21.9559998144396,NA,NA,NA,NA,NA,NA
2004-10-24,1.1e+08,0.7928704,0.7928704,0,NA,NA,NA,NA,NA,NA
2004-10-25,1.1e+08,0.5946528,0.5946528,0,NA,NA,NA,NA,NA,NA
2004-10-26,1.1e+08,0.6229696,0.6229696,2.94919999479316,NA,NA,NA,NA,NA,NA
2004-10-27,1.1e+08,0.7362368,0.7362368,1.6839999705553,NA,NA,NA,NA,NA,NA
2004-10-28,1.1e+08,1.557424,1.557424,0.365000009536743,NA,NA,NA,NA,NA,NA
2004-10-29,1.1e+08,2.6617792,2.6617792,0.426999995717779,NA,NA,NA,NA,NA,NA
2004-10-30,1.1e+08,3.1431648,3.1431648,5.90440011024475,NA,NA,NA,NA,NA,NA
2004-10-31,1.1e+08,2.6051456,2.6051456,0,NA,NA,NA,NA,NA,NA
2004-11-01,1.1e+08,2.5768288,2.5768288,10.3519999682903,NA,NA,NA,NA,NA,NA
2004-11-02,1.1e+08,2.7184128,2.7184128,2.69680001720553,NA,NA,NA,NA,NA,NA
2004-11-03,1.1e+08,4.9271232,4.9271232,0,NA,NA,NA,NA,5.594,NA
2004-11-04,1.1e+08,6.3146464,6.3146464,5.79520011413843,12,12,0.11,NA,NA,2.8
2004-11-05,1.1e+08,6.1447456,6.1447456,0,NA,NA,NA,NA,NA,NA
2004-11-06,1.1e+08,5.8332608,5.8332608,0,NA,NA,NA,NA,NA,NA
2004-11-07,1.1e+08,5.804944,5.804944,0,NA,NA,NA,NA,NA,NA
2004-11-08,1.1e+08,5.521776,5.521776,0,NA,NA,NA,NA,NA,NA
2004-11-09,1.1e+08,5.1536576,5.1536576,0,NA,NA,NA,NA,NA,NA
2004-11-10,1.1e+08,5.4085088,5.4085088,0,NA,NA,NA,NA,NA,NA
2004-11-11,1.1e+08,5.1253408,5.1253408,2.17839999496937,NA,NA,NA,NA,NA,NA
2004-11-12,1.1e+08,4.9271232,4.9271232,0,NA,NA,NA,NA,NA,NA
2004-11-13,1.1e+08,4.95544,4.95544,0,NA,NA,NA,NA,NA,NA
2004-11-14,1.1e+08,4.5023712,4.5023712,0,NA,NA,NA,NA,NA,NA
2004-11-15,1.1e+08,4.5873216,4.5873216,3.09679996594787,NA,NA,NA,NA,NA,NA
2004-11-16,1.1e+08,4.7005888,4.7005888,0,NA,NA,NA,NA,NA,NA
2004-11-17,1.1e+08,4.530688,4.530688,1.29120004177094,NA,NA,NA,NA,NA,NA
2004-11-18,1.1e+08,4.7005888,4.7005888,4.39560000319034,NA,NA,NA,NA,NA,NA
2004-11-19,1.1e+08,4.813856,4.813856,6.76570006977999,NA,NA,NA,NA,NA,NA
2004-11-20,1.1e+08,5.4368256,5.4368256,0.135000005364418,NA,NA,NA,NA,NA,NA
2004-11-21,1.1e+08,5.238608,5.238608,0,NA,NA,NA,NA,NA,NA
2004-11-22,1.1e+08,5.3235584,5.3235584,0.0467999987304212,NA,NA,NA,NA,NA,NA
2004-11-23,1.1e+08,5.0120736,5.0120736,0,NA,NA,NA,NA,NA,NA
2004-11-24,1.1e+08,4.5873216,4.5873216,0.0104000000283122,NA,NA,NA,NA,NA,NA
2004-11-25,1.1e+08,4.5873216,4.5873216,0,NA,NA,NA,NA,NA,NA
2004-11-26,1.1e+08,4.6156384,4.6156384,2.84559999685735,NA,NA,NA,NA,NA,NA
2004-11-27,1.1e+08,5.4368256,5.4368256,12.6726000765339,NA,NA,NA,NA,NA,NA
2004-11-28,1.1e+08,5.3518752,5.3518752,0,NA,NA,NA,NA,NA,NA
2004-11-29,1.1e+08,4.4457376,4.4457376,0.0118000004440546,NA,NA,NA,NA,NA,NA
2004-11-30,1.1e+08,4.5023712,4.5023712,0,NA,NA,NA,NA,NA,NA
2004-12-01,1.1e+08,5.7483104,5.7483104,0,NA,NA,NA,NA,NA,NA
2004-12-02,1.1e+08,6.0597952,6.0597952,0.0686000030109426,NA,NA,NA,NA,NA,NA
2004-12-03,1.1e+08,4.6439552,4.6439552,0.164000004529953,NA,NA,NA,NA,NA,NA
2004-12-04,1.1e+08,3.8794016,3.8794016,0,NA,NA,NA,NA,NA,NA
2004-12-05,1.1e+08,3.3696992,3.3696992,0,NA,NA,NA,NA,NA,NA
2004-12-06,1.1e+08,3.8510848,3.8510848,10.2844000756741,NA,NA,NA,NA,NA,NA
2004-12-07,1.1e+08,4.5590048,4.5590048,19.7806000113487,NA,NA,NA,NA,NA,NA
2004-12-08,1.1e+08,3.8794016,3.8794016,0,NA,NA,NA,NA,NA,NA
2004-12-09,1.1e+08,3.114848,3.114848,0.350800000800519,NA,NA,NA,NA,NA,NA
2004-12-10,1.1e+08,3.681184,3.681184,6.04080005548894,NA,NA,NA,NA,NA,NA
2004-12-11,1.1e+08,4.0776192,4.0776192,2.31639993190765,NA,NA,NA,NA,NA,NA
2004-12-12,1.1e+08,4.5590048,4.5590048,0.18829999724403,NA,NA,NA,NA,NA,NA
2004-12-13,1.1e+08,6.0597952,6.0597952,0.050999998813495,NA,NA,NA,NA,NA,NA
2004-12-14,1.1e+08,5.1819744,5.1819744,0,NA,NA,NA,NA,NA,NA
2004-12-15,1.1e+08,4.3607872,4.3607872,0,NA,NA,NA,NA,NA,NA
2004-12-16,1.1e+08,6.1730624,6.1730624,0,NA,NA,NA,NA,NA,NA
2004-12-17,1.1e+08,3.9926688,3.9926688,0,NA,NA,NA,NA,NA,NA
2004-12-18,1.1e+08,3.5396,3.5396,0,NA,NA,NA,NA,NA,NA
2004-12-19,1.1e+08,2.973264,2.973264,0,NA,NA,NA,NA,NA,NA
2004-12-20,1.1e+08,3.398016,3.398016,0.0976000037044286,NA,NA,NA,NA,NA,NA
2004-12-21,1.1e+08,3.822768,3.822768,0.310899999341928,NA,NA,NA,NA,NA,NA
2004-12-22,1.1e+08,3.6528672,3.6528672,0,NA,NA,NA,NA,NA,NA
2004-12-23,1.1e+08,3.3696992,3.3696992,0,NA,NA,NA,NA,NA,NA
2004-12-24,1.1e+08,3.2281152,3.2281152,0,NA,NA,NA,NA,NA,NA
2004-12-25,1.1e+08,3.4829664,3.4829664,0.611599996685982,NA,NA,NA,NA,NA,NA
2004-12-26,1.1e+08,2.8033632,2.8033632,0.0513999983668325,NA,NA,NA,NA,NA,NA
2004-12-27,1.1e+08,2.4352448,2.4352448,0,NA,NA,NA,NA,NA,NA
2004-12-28,1.1e+08,2.406928,2.406928,0,NA,NA,NA,NA,NA,NA
2004-12-29,1.1e+08,2.3786112,2.3786112,0,NA,NA,NA,NA,NA,NA
2004-12-30,1.1e+08,1.8972256,1.8972256,1.06800001114607,NA,NA,NA,NA,NA,NA
2004-12-31,1.1e+08,1.7273248,1.7273248,0.191399992909283,NA,NA,NA,NA,NA,NA
2005-01-01,1.1e+08,1.7556416,1.7556416,3.75700000231154,NA,NA,NA,NA,NA,NA
2005-01-02,1.1e+08,2.1520768,2.1520768,9.64879995211959,NA,NA,NA,NA,NA,NA
2005-01-03,1.1e+08,2.1803936,2.1803936,0.0202000002464046,NA,NA,NA,NA,NA,NA
2005-01-04,1.1e+08,2.1520768,2.1520768,0.0127999996766448,NA,NA,NA,NA,NA,NA
2005-01-05,1.1e+08,2.265344,2.265344,9.98040004144423,NA,NA,NA,NA,NA,NA
2005-01-06,1.1e+08,2.2370272,2.2370272,9.17370016703353,NA,NA,NA,NA,NA,NA
2005-01-07,1.1e+08,2.12376,2.12376,0,NA,NA,NA,NA,NA,NA
2005-01-08,1.1e+08,2.0388096,2.0388096,0,NA,NA,NA,NA,NA,NA
2005-01-09,1.1e+08,2.0671264,2.0671264,0.0156000000424682,NA,NA,NA,NA,NA,NA
2005-01-10,1.1e+08,2.0671264,2.0671264,0,NA,NA,NA,NA,NA,NA
2005-01-11,1.1e+08,2.2370272,2.2370272,0,NA,NA,NA,NA,NA,NA
2005-01-12,1.1e+08,2.8883136,2.8883136,14.1198001198936,NA,NA,NA,NA,NA,NA
2005-01-13,1.1e+08,1.9255424,1.9255424,5.76279991865159,NA,NA,NA,NA,NA,NA
2005-01-14,1.1e+08,1.8122752,1.8122752,0,NA,NA,NA,NA,NA,NA
2005-01-15,1.1e+08,1.6140576,1.6140576,0,NA,NA,NA,NA,NA,NA
2005-01-16,1.1e+08,1.699008,1.699008,0,NA,NA,NA,NA,NA,NA
2005-01-17,1.1e+08,1.699008,1.699008,0,NA,NA,NA,NA,NA,NA
2005-01-18,1.1e+08,2.0104928,2.0104928,0.3783999979496,NA,NA,NA,NA,NA,NA
2005-01-19,1.1e+08,1.8689088,1.8689088,0.620199993252754,NA,NA,NA,NA,NA,NA
2005-01-20,1.1e+08,2.12376,2.12376,1.28540005726245,NA,NA,NA,NA,NA,NA
2005-01-21,1.1e+08,2.2087104,2.2087104,0.812600016593932,NA,NA,NA,NA,NA,NA
2005-01-22,1.1e+08,2.3786112,2.3786112,16.331300035119,NA,NA,NA,NA,NA,NA
2005-01-23,1.1e+08,1.9255424,1.9255424,0,NA,NA,NA,NA,NA,NA
2005-01-24,1.1e+08,1.8122752,1.8122752,0,NA,NA,NA,NA,NA,NA
2005-01-25,1.1e+08,2.265344,2.265344,0,NA,NA,NA,NA,NA,NA
2005-01-26,1.1e+08,2.2936608,2.2936608,0,NA,NA,NA,NA,NA,NA
2005-01-27,1.1e+08,2.2936608,2.2936608,0,NA,NA,NA,NA,NA,NA
2005-01-28,1.1e+08,2.2936608,2.2936608,0,NA,NA,NA,NA,NA,NA
2005-01-29,1.1e+08,2.3502944,2.3502944,0,NA,NA,NA,NA,NA,NA
2005-01-30,1.1e+08,2.406928,2.406928,0,NA,NA,NA,NA,NA,NA
2005-01-31,1.1e+08,2.6617792,2.6617792,0.0776000022888183,NA,NA,NA,NA,5.682,NA
2005-02-01,1.1e+08,2.5201952,2.5201952,0,NA,NA,NA,NA,NA,NA
2005-02-02,1.1e+08,2.3786112,2.3786112,0,NA,NA,NA,NA,NA,NA
2005-02-03,1.1e+08,2.3219776,2.3219776,0,2.69,1.45,0.17,2.6,NA,6.5
2005-02-04,1.1e+08,2.265344,2.265344,0,NA,NA,NA,NA,NA,NA
2005-02-05,1.1e+08,2.3502944,2.3502944,0,NA,NA,NA,NA,NA,NA
2005-02-06,1.1e+08,2.3786112,2.3786112,0.721999995410442,NA,NA,NA,NA,NA,NA
2005-02-07,1.1e+08,2.3502944,2.3502944,5.8265998363495,NA,NA,NA,NA,NA,NA
2005-02-08,1.1e+08,2.3219776,2.3219776,1.13239999860525,NA,NA,NA,NA,NA,NA
2005-02-09,1.1e+08,2.3502944,2.3502944,3.48719996213914,NA,NA,NA,NA,NA,NA
2005-02-10,1.1e+08,2.3502944,2.3502944,0,NA,NA,NA,NA,NA,NA
2005-02-11,1.1e+08,2.2936608,2.2936608,0.21569999307394,NA,NA,NA,NA,NA,NA
2005-02-12,1.1e+08,2.1803936,2.1803936,0,NA,NA,NA,NA,NA,NA
2005-02-13,1.1e+08,2.5768288,2.5768288,7.30379988532514,NA,NA,NA,NA,NA,NA
2005-02-14,1.1e+08,2.406928,2.406928,4.4285999990243,NA,NA,NA,NA,NA,NA
2005-02-15,1.1e+08,2.6617792,2.6617792,1.97229996323586,NA,NA,NA,NA,NA,NA
2005-02-16,1.1e+08,2.9166304,2.9166304,0.0489999987185,NA,NA,NA,NA,NA,NA
2005-02-17,1.1e+08,3.256432,3.256432,0,NA,NA,NA,NA,NA,NA
2005-02-18,1.1e+08,3.6528672,3.6528672,0,NA,NA,NA,NA,NA,NA
2005-02-19,1.1e+08,3.964352,3.964352,0.17060000449419,NA,NA,NA,NA,NA,NA
2005-02-20,1.1e+08,4.3324704,4.3324704,9.30840002000332,NA,NA,NA,NA,NA,NA
2005-02-21,1.1e+08,3.9077184,3.9077184,0,NA,NA,NA,NA,NA,NA
2005-02-22,1.1e+08,3.9360352,3.9360352,1.44760001517716,NA,NA,NA,NA,NA,NA
2005-02-23,1.1e+08,3.822768,3.822768,0,NA,NA,NA,NA,NA,NA
2005-02-24,1.1e+08,5.8332608,5.8332608,0,NA,NA,NA,NA,NA,NA
2005-02-25,1.1e+08,6.4279136,6.4279136,0.490399996051565,NA,NA,NA,NA,NA,NA
2005-02-26,1.1e+08,6.2013792,6.2013792,0,NA,NA,NA,NA,NA,NA
2005-02-27,1.1e+08,6.1164288,6.1164288,0.574000017193611,NA,NA,NA,NA,NA,NA
2005-02-28,1.1e+08,6.0597952,6.0597952,1.2434000223875,NA,NA,NA,NA,NA,NA
2005-03-01,1.1e+08,5.804944,5.804944,0.974099999461032,NA,NA,NA,NA,NA,NA
2005-03-02,1.1e+08,5.7199936,5.7199936,0,NA,NA,NA,NA,NA,NA
2005-03-03,1.1e+08,5.8332608,5.8332608,0,NA,NA,NA,NA,NA,NA
2005-03-04,1.1e+08,5.5500928,5.5500928,0,NA,NA,NA,NA,NA,NA
2005-03-05,1.1e+08,5.4085088,5.4085088,0,NA,NA,NA,NA,NA,NA
2005-03-06,1.1e+08,5.5500928,5.5500928,0,NA,NA,NA,NA,NA,NA
2005-03-07,1.1e+08,5.6067264,5.6067264,1.99600002914667,NA,NA,NA,NA,NA,NA
2005-03-08,1.1e+08,5.380192,5.380192,0,NA,NA,NA,NA,NA,NA
2005-03-09,1.1e+08,5.5784096,5.5784096,0,NA,NA,NA,NA,NA,NA
2005-03-10,1.1e+08,5.9748448,5.9748448,3.88030001171864,NA,NA,NA,NA,NA,NA
2005-03-11,1.1e+08,5.4934592,5.4934592,0.150600002147257,NA,NA,NA,NA,NA,NA
2005-03-12,1.1e+08,5.380192,5.380192,1.65649997848959,NA,NA,NA,NA,NA,NA
2005-03-13,1.1e+08,5.3235584,5.3235584,0,NA,NA,NA,NA,NA,NA
2005-03-14,1.1e+08,5.2102912,5.2102912,0,NA,NA,NA,NA,NA,NA
2005-03-15,1.1e+08,5.380192,5.380192,0,NA,NA,NA,NA,NA,NA
2005-03-16,1.1e+08,5.5500928,5.5500928,0.0189999993890524,NA,NA,NA,NA,NA,NA
2005-03-17,1.1e+08,5.5784096,5.5784096,1.38759996317094,NA,NA,NA,NA,NA,NA
2005-03-18,1.1e+08,5.5784096,5.5784096,7.76039996573673,NA,NA,NA,NA,NA,NA
2005-03-19,1.1e+08,5.6916768,5.6916768,14.7536000481341,NA,NA,NA,NA,NA,NA
2005-03-20,1.1e+08,5.4651424,5.4651424,0,NA,NA,NA,NA,NA,NA
2005-03-21,1.1e+08,5.238608,5.238608,0,NA,NA,NA,NA,NA,NA
2005-03-22,1.1e+08,4.9837568,4.9837568,0,NA,NA,NA,NA,NA,NA
2005-03-23,1.1e+08,5.1819744,5.1819744,0,NA,NA,NA,NA,NA,NA
2005-03-24,1.1e+08,5.0687072,5.0687072,0,NA,NA,NA,NA,NA,NA
2005-03-25,1.1e+08,5.0120736,5.0120736,0.0111999999498949,NA,NA,NA,NA,NA,NA
2005-03-26,1.1e+08,5.1253408,5.1253408,0.00259999994887039,NA,NA,NA,NA,NA,NA
2005-03-27,1.1e+08,5.2952416,5.2952416,0,NA,NA,NA,NA,NA,NA
2005-03-28,1.1e+08,5.0120736,5.0120736,0,NA,NA,NA,NA,NA,NA
2005-03-29,1.1e+08,5.1536576,5.1536576,0,NA,NA,NA,NA,NA,NA
2005-03-30,1.1e+08,5.7766272,5.7766272,9.29060018062591,NA,NA,NA,NA,NA,NA
2005-03-31,1.1e+08,5.4368256,5.4368256,1.94120004586875,NA,NA,NA,NA,NA,NA
2005-04-01,1.1e+08,5.3235584,5.3235584,0,NA,NA,NA,NA,NA,NA
2005-04-02,1.1e+08,5.1819744,5.1819744,0,NA,NA,NA,NA,NA,NA
2005-04-03,1.1e+08,5.5500928,5.5500928,0,NA,NA,NA,NA,NA,NA
2005-04-04,1.1e+08,5.4085088,5.4085088,0,NA,NA,NA,NA,NA,NA
2005-04-05,1.1e+08,5.4651424,5.4651424,0,NA,NA,NA,NA,NA,NA
2005-04-06,1.1e+08,6.2580128,6.2580128,0.396000012755394,NA,NA,NA,NA,NA,NA
2005-04-07,1.1e+08,5.7199936,5.7199936,23.04119948484,NA,NA,NA,NA,NA,NA
2005-04-08,1.1e+08,4.95544,4.95544,0,NA,NA,NA,NA,NA,NA
2005-04-09,1.1e+08,4.9271232,4.9271232,0,NA,NA,NA,NA,NA,NA
2005-04-10,1.1e+08,4.9837568,4.9837568,0,NA,NA,NA,NA,NA,NA
2005-04-11,1.1e+08,4.4740544,4.4740544,0,NA,NA,NA,NA,NA,NA
2005-04-12,1.1e+08,4.7572224,4.7572224,10.959600046277,NA,NA,NA,NA,NA,NA
2005-04-13,1.1e+08,4.389104,4.389104,0,NA,NA,NA,NA,NA,NA
2005-04-14,1.1e+08,4.3324704,4.3324704,0,NA,NA,NA,NA,NA,NA
2005-04-15,1.1e+08,4.3607872,4.3607872,0,NA,NA,NA,NA,5.666,NA
2005-04-16,1.1e+08,4.8988064,4.8988064,0.116200000979006,NA,NA,NA,NA,NA,NA
2005-04-17,1.1e+08,4.7289056,4.7289056,0.488399994559585,NA,NA,NA,NA,NA,NA
2005-04-18,1.1e+08,4.5590048,4.5590048,0.0112000000663102,7.4,9.88,0.1,18.6,NA,2.5
2005-04-19,1.1e+08,5.1536576,5.1536576,0,NA,NA,NA,NA,NA,NA
2005-04-20,1.1e+08,5.380192,5.380192,5.17239976674319,NA,NA,NA,NA,NA,NA
2005-04-21,1.1e+08,3.5112832,3.5112832,0,NA,NA,NA,NA,NA,NA
2005-04-22,1.1e+08,3.4546496,3.4546496,4.52680003538262,NA,NA,NA,NA,NA,NA
2005-04-23,1.1e+08,4.4740544,4.4740544,0.45320001244545,NA,NA,NA,NA,NA,NA
2005-04-24,1.1e+08,4.4174208,4.4174208,0,NA,NA,NA,NA,NA,NA
2005-04-25,1.1e+08,4.0493024,4.0493024,0.141600001603365,NA,NA,NA,NA,NA,NA
2005-04-26,1.1e+08,3.964352,3.964352,3.07220007479191,NA,NA,NA,NA,NA,NA
2005-04-27,1.1e+08,4.1625696,4.1625696,0.292800004594028,9.88,9.8,0.09,1.63333333333333,NA,5
2005-04-28,1.1e+08,4.1625696,4.1625696,0,NA,NA,NA,NA,NA,NA
2005-04-29,1.1e+08,4.2192032,4.2192032,0,NA,NA,NA,NA,NA,NA
2005-04-30,1.1e+08,4.1342528,4.1342528,0,NA,NA,NA,NA,NA,NA
2005-05-01,1.1e+08,3.7095008,3.7095008,0.321700003332807,NA,NA,NA,NA,NA,NA
2005-05-02,1.1e+08,3.3413824,3.3413824,0.110499998787418,NA,NA,NA,NA,NA,NA
2005-05-03,1.1e+08,3.0015808,3.0015808,0,NA,NA,NA,NA,NA,NA
2005-05-04,1.1e+08,3.3130656,3.3130656,0,NA,NA,NA,NA,NA,NA
2005-05-05,1.1e+08,3.5962336,3.5962336,0,NA,NA,NA,NA,NA,NA
2005-05-06,1.1e+08,4.5590048,4.5590048,11.0991999283433,NA,NA,NA,NA,NA,NA
2005-05-07,1.1e+08,3.5112832,3.5112832,1.33780003339052,NA,NA,NA,NA,NA,NA
2005-05-08,1.1e+08,3.3413824,3.3413824,0.184199996932875,NA,NA,NA,NA,NA,NA
2005-05-09,1.1e+08,3.114848,3.114848,4.73859989643097,NA,NA,NA,NA,6.024,NA
2005-05-10,1.1e+08,3.8794016,3.8794016,0,10.26,12.62,0.09,1.76666666666667,NA,5.2
2005-05-11,1.1e+08,4.4457376,4.4457376,18.5737999584526,NA,NA,NA,NA,NA,NA
2005-05-12,1.1e+08,2.5201952,2.5201952,0.624800008721648,NA,NA,NA,NA,NA,NA
2005-05-13,1.1e+08,3.7378176,3.7378176,13.4003998339176,NA,NA,NA,NA,NA,NA
2005-05-14,1.1e+08,3.681184,3.681184,1.08600001037121,NA,NA,NA,NA,NA,NA
2005-05-15,1.1e+08,4.5023712,4.5023712,0,NA,NA,NA,NA,NA,NA
2005-05-16,1.1e+08,4.3041536,4.3041536,0,NA,NA,NA,NA,NA,NA
2005-05-17,1.1e+08,4.1625696,4.1625696,0.459599995054305,NA,NA,NA,NA,NA,NA
2005-05-18,1.1e+08,2.973264,2.973264,0.410799992270767,NA,NA,NA,NA,NA,NA
2005-05-19,1.1e+08,2.8033632,2.8033632,22.9170000173617,NA,NA,NA,NA,NA,NA
2005-05-20,1.1e+08,1.982176,1.982176,0.16839999705553,NA,NA,NA,NA,NA,NA
2005-05-21,1.1e+08,2.406928,2.406928,0.0216000005602837,NA,NA,NA,NA,NA,NA
2005-05-22,1.1e+08,2.7467296,2.7467296,1.86579997465014,NA,NA,NA,NA,NA,NA
2005-05-23,1.1e+08,2.7184128,2.7184128,0,NA,NA,NA,NA,NA,NA
2005-05-24,1.1e+08,2.7750464,2.7750464,0,11.62,14.49,0.08,3.9,NA,3.9
2005-05-25,1.1e+08,2.5768288,2.5768288,0,NA,NA,NA,NA,NA,NA
2005-05-26,1.1e+08,2.7750464,2.7750464,0.0728000029921533,NA,NA,NA,NA,NA,NA
2005-05-27,1.1e+08,2.8883136,2.8883136,5.02800008654594,NA,NA,NA,NA,NA,NA
2005-05-28,1.1e+08,2.7467296,2.7467296,0,NA,NA,NA,NA,NA,NA
2005-05-29,1.1e+08,2.9166304,2.9166304,0.587199998495635,NA,NA,NA,NA,NA,NA
2005-05-30,1.1e+08,2.9166304,2.9166304,0.096399998292327,NA,NA,NA,NA,NA,NA
2005-05-31,1.1e+08,2.973264,2.973264,0,NA,NA,NA,NA,NA,NA
2005-06-01,1.1e+08,3.0015808,3.0015808,0,NA,NA,NA,NA,NA,NA
2005-06-02,1.1e+08,2.8883136,2.8883136,0,NA,NA,NA,NA,NA,NA
2005-06-03,1.1e+08,1.5857408,1.5857408,0,NA,NA,NA,NA,NA,NA
2005-06-04,1.1e+08,2.6334624,2.6334624,0.705999991158022,NA,NA,NA,NA,NA,NA
2005-06-05,1.1e+08,3.0015808,3.0015808,17.0911998786032,NA,NA,NA,NA,NA,NA
2005-06-06,1.1e+08,2.0104928,2.0104928,0.0500000007450579,NA,NA,NA,NA,6.336,NA
2005-06-07,1.1e+08,0.7645536,0.7645536,0,12.39,18.42,0.14,5.18,NA,1.8
2005-06-08,1.1e+08,0.70792,0.70792,0,NA,NA,NA,NA,NA,NA
2005-06-09,1.1e+08,0.849504,0.849504,2.61560000479222,NA,NA,NA,NA,NA,NA
2005-06-10,1.1e+08,0.9627712,0.9627712,0.348800007253886,NA,NA,NA,NA,NA,NA
2005-06-11,1.1e+08,0.9344544,0.9344544,12.9459998433012,NA,NA,NA,NA,NA,NA
2005-06-12,1.1e+08,0.9627712,0.9627712,1.36639998201281,NA,NA,NA,NA,NA,NA
2005-06-13,1.1e+08,0.7362368,0.7362368,10.3436003830284,NA,NA,NA,NA,NA,NA
2005-06-14,1.1e+08,0.7928704,0.7928704,0.151600005105138,NA,NA,NA,NA,NA,NA
2005-06-15,1.1e+08,0.9061376,0.9061376,1.70820001326501,NA,NA,NA,NA,NA,NA
2005-06-16,1.1e+08,1.132672,1.132672,0,NA,NA,NA,NA,NA,NA
2005-06-17,1.1e+08,1.5857408,1.5857408,0,NA,NA,NA,NA,NA,NA
2005-06-18,1.1e+08,1.4441568,1.4441568,0,NA,NA,NA,NA,NA,NA
2005-06-19,1.1e+08,1.132672,1.132672,0,NA,NA,NA,NA,NA,NA
2005-06-20,1.1e+08,1.0194048,1.0194048,0,NA,NA,NA,NA,NA,NA
2005-06-21,1.1e+08,0.9061376,0.9061376,0,12.52,20.26,0.04,5.76666666666667,NA,1.4
2005-06-22,1.1e+08,1.0760384,1.0760384,0,NA,NA,NA,NA,NA,NA
2005-06-23,1.1e+08,0.991088,0.991088,0,NA,NA,NA,NA,NA,NA
2005-06-24,1.1e+08,0.8778208,0.8778208,0.0015999999595806,NA,NA,NA,NA,NA,NA
2005-06-25,1.1e+08,0.9344544,0.9344544,6.83440009178594,NA,NA,NA,NA,NA,NA
2005-06-26,1.1e+08,0.7362368,0.7362368,15.9512003641576,NA,NA,NA,NA,NA,NA
2005-06-27,1.1e+08,0.7362368,0.7362368,0.0196000009018462,NA,NA,NA,NA,NA,NA
2005-06-28,1.1e+08,0.6512864,0.6512864,11.8260002136231,NA,NA,NA,NA,NA,NA
2005-06-29,1.1e+08,0.7645536,0.7645536,0.00039999998989515,NA,NA,NA,NA,NA,NA
2005-06-30,1.1e+08,0.5097024,0.5097024,9.58680006043871,NA,NA,NA,NA,NA,NA
2005-07-01,1.1e+08,0.424752,0.424752,0,NA,NA,NA,NA,NA,NA
2005-07-02,1.1e+08,0.5946528,0.5946528,0,NA,NA,NA,NA,NA,NA
2005-07-03,1.1e+08,0.5946528,0.5946528,0.382400009781122,NA,NA,NA,NA,NA,NA
2005-07-04,1.1e+08,0.3681184,0.3681184,7.19339991360902,NA,NA,NA,NA,NA,NA
2005-07-05,1.1e+08,0.5097024,0.5097024,0.0175999998464249,12.62,21.25,0.24,5.35,6.562,2.2
2005-07-06,1.1e+08,0.6796032,0.6796032,1.55839999765158,NA,NA,NA,NA,NA,NA
2005-07-07,1.1e+08,0.991088,0.991088,0.489600017666816,NA,NA,NA,NA,NA,NA
2005-07-08,1.1e+08,0.7928704,0.7928704,0,NA,NA,NA,NA,NA,NA
2005-07-09,1.1e+08,0.6512864,0.6512864,0,NA,NA,NA,NA,NA,NA
2005-07-10,1.1e+08,0.566336,0.566336,0,NA,NA,NA,NA,NA,NA
2005-07-11,1.1e+08,0.5946528,0.5946528,0,NA,NA,NA,NA,NA,NA
2005-07-12,1.1e+08,0.5097024,0.5097024,0.517399990669218,NA,NA,NA,NA,NA,NA
2005-07-13,1.1e+08,0.4813856,0.4813856,4.8455999669386,NA,NA,NA,NA,NA,NA
2005-07-14,1.1e+08,0.424752,0.424752,0,NA,NA,NA,NA,NA,NA
2005-07-15,1.1e+08,0.6229696,0.6229696,0,NA,NA,NA,NA,NA,NA
2005-07-16,1.1e+08,0.5946528,0.5946528,0,NA,NA,NA,NA,NA,NA
2005-07-17,1.1e+08,0.5380192,0.5380192,2.87060000747442,NA,NA,NA,NA,NA,NA
2005-07-18,1.1e+08,0.3964352,0.3964352,0,NA,NA,NA,NA,NA,NA
2005-07-19,1.1e+08,0.26051456,0.26051456,0,12.51,21.87,0.03,9.9,NA,1.3
2005-07-20,1.1e+08,0.5946528,0.5946528,14.4160003587604,NA,NA,NA,NA,NA,NA
2005-07-21,1.1e+08,0.5380192,0.5380192,21.7444000225515,NA,NA,NA,NA,NA,NA
2005-07-22,1.1e+08,0.3964352,0.3964352,0.0127999996766448,NA,NA,NA,NA,NA,NA
2005-07-23,1.1e+08,0.3964352,0.3964352,4.76180005865172,NA,NA,NA,NA,NA,NA
2005-07-24,1.1e+08,0.3398016,0.3398016,0,NA,NA,NA,NA,NA,NA
2005-07-25,1.1e+08,0.3114848,0.3114848,10.7639997238293,NA,NA,NA,NA,NA,NA
2005-07-26,1.1e+08,0.4813856,0.4813856,13.3250000963453,NA,NA,NA,NA,NA,NA
2005-07-27,1.1e+08,0.70792,0.70792,0.0599999995902181,NA,NA,NA,NA,NA,NA
2005-07-28,1.1e+08,0.566336,0.566336,1.92799997329712,NA,NA,NA,NA,NA,NA
2005-07-29,1.1e+08,0.566336,0.566336,3.26279997825623,NA,NA,NA,NA,NA,NA
2005-07-30,1.1e+08,0.7362368,0.7362368,0,NA,NA,NA,NA,NA,NA
2005-07-31,1.1e+08,0.5097024,0.5097024,0,NA,NA,NA,NA,NA,NA
2005-08-01,1.1e+08,0.4530688,0.4530688,0,NA,NA,NA,NA,7.501,NA
2005-08-02,1.1e+08,0.5380192,0.5380192,0,NA,NA,NA,NA,NA,NA
2005-08-03,1.1e+08,0.4530688,0.4530688,1.81060003556195,13.79,24.27,0.29,4.82222222222222,NA,0.9
2005-08-04,1.1e+08,0.4530688,0.4530688,2.92359993443825,NA,NA,NA,NA,NA,NA
2005-08-05,1.1e+08,0.6229696,0.6229696,0,NA,NA,NA,NA,NA,NA
2005-08-06,1.1e+08,0.5946528,0.5946528,0,NA,NA,NA,NA,NA,NA
2005-08-07,1.1e+08,0.5380192,0.5380192,0,NA,NA,NA,NA,NA,NA
2005-08-08,1.1e+08,0.4813856,0.4813856,0,NA,NA,NA,NA,NA,NA
2005-08-09,1.1e+08,0.5097024,0.5097024,0,NA,NA,NA,NA,NA,NA
2005-08-10,1.1e+08,0.4813856,0.4813856,4.32159996312112,NA,NA,NA,NA,NA,NA
2005-08-11,1.1e+08,0.4530688,0.4530688,5.40600004419684,NA,NA,NA,NA,NA,NA
2005-08-12,1.1e+08,0.5380192,0.5380192,2.94600000319769,NA,NA,NA,NA,NA,NA
2005-08-13,1.1e+08,0.566336,0.566336,0.475200003944337,NA,NA,NA,NA,NA,NA
2005-08-14,1.1e+08,0.5946528,0.5946528,0,NA,NA,NA,NA,NA,NA
2005-08-15,1.1e+08,0.5097024,0.5097024,0,13.77,24.74,0.02,3.25,NA,1.7
2005-08-16,1.1e+08,0.6512864,0.6512864,0,NA,NA,NA,NA,NA,NA
2005-08-17,1.1e+08,0.6796032,0.6796032,0,NA,NA,NA,NA,NA,NA
2005-08-18,1.1e+08,0.7645536,0.7645536,14.7831999566406,NA,NA,NA,NA,NA,NA
2005-08-19,1.1e+08,0.6229696,0.6229696,5.57639980316163,NA,NA,NA,NA,NA,NA
2005-08-20,1.1e+08,0.9061376,0.9061376,2.34719996593777,NA,NA,NA,NA,NA,NA
2005-08-21,1.1e+08,0.7362368,0.7362368,0,NA,NA,NA,NA,NA,NA
2005-08-22,1.1e+08,0.566336,0.566336,0,NA,NA,NA,NA,NA,NA
2005-08-23,1.1e+08,0.8211872,0.8211872,0,NA,NA,NA,NA,NA,NA
2005-08-24,1.1e+08,0.6229696,0.6229696,0,NA,NA,NA,NA,NA,NA
2005-08-25,1.1e+08,0.6512864,0.6512864,0,NA,NA,NA,NA,NA,NA
2005-08-26,1.1e+08,0.7928704,0.7928704,0.0419999994337558,NA,NA,NA,NA,NA,NA
2005-08-27,1.1e+08,0.70792,0.70792,5.42439998287592,NA,NA,NA,NA,NA,NA
2005-08-28,1.1e+08,0.566336,0.566336,0,NA,NA,NA,NA,NA,NA
2005-08-29,1.1e+08,0.4530688,0.4530688,0,NA,NA,NA,NA,6.334,NA
2005-08-30,1.1e+08,0.4813856,0.4813856,0,13.03,22.86,0.3,3.06,NA,1.7
2005-08-31,1.1e+08,0.424752,0.424752,0,NA,NA,NA,NA,NA,NA
2005-09-01,1.1e+08,0.4530688,0.4530688,0,NA,NA,NA,NA,NA,NA
2005-09-02,1.1e+08,0.3681184,0.3681184,0,NA,NA,NA,NA,NA,NA
2005-09-03,1.1e+08,0.3681184,0.3681184,0,NA,NA,NA,NA,NA,NA
2005-09-04,1.1e+08,0.424752,0.424752,0.0964000006206332,NA,NA,NA,NA,NA,NA
2005-09-05,1.1e+08,0.3681184,0.3681184,0,NA,NA,NA,NA,NA,NA
2005-09-06,1.1e+08,0.3398016,0.3398016,0,NA,NA,NA,NA,NA,NA
2005-09-07,1.1e+08,0.3398016,0.3398016,0.244000006001442,NA,NA,NA,NA,NA,NA
2005-09-08,1.1e+08,0.05097024,0.05097024,0,NA,NA,NA,NA,NA,NA
2005-09-09,1.1e+08,0.3964352,0.3964352,0,NA,NA,NA,NA,NA,NA
2005-09-10,1.1e+08,0.3114848,0.3114848,0,NA,NA,NA,NA,NA,NA
2005-09-11,1.1e+08,0.4530688,0.4530688,0,NA,NA,NA,NA,NA,NA
2005-09-12,1.1e+08,0.4813856,0.4813856,0,NA,NA,NA,NA,NA,NA
2005-09-13,1.1e+08,0.3681184,0.3681184,2.40039996564156,NA,NA,NA,NA,NA,NA
2005-09-14,1.1e+08,0.283168,0.283168,0.256399998441339,NA,NA,NA,NA,NA,NA
2005-09-15,1.1e+08,0.3114848,0.3114848,0.0844000015349595,NA,NA,NA,NA,NA,NA
2005-09-16,1.1e+08,0.24918784,0.24918784,0,NA,NA,NA,NA,NA,NA
2005-09-17,1.1e+08,0.3964352,0.3964352,0,NA,NA,NA,NA,NA,NA
2005-09-18,1.1e+08,0.3398016,0.3398016,0,NA,NA,NA,NA,NA,NA
2005-09-19,1.1e+08,0.4530688,0.4530688,7.90259994007647,NA,NA,NA,NA,NA,NA
2005-09-20,1.1e+08,0.3114848,0.3114848,0.946700006890753,NA,NA,NA,NA,NA,NA
2005-09-21,1.1e+08,0.3398016,0.3398016,0,NA,NA,NA,NA,NA,NA
2005-09-22,1.1e+08,0.3681184,0.3681184,7.59979998503696,NA,NA,NA,NA,NA,NA
2005-09-23,1.1e+08,0.23219776,0.23219776,0.115599997108802,NA,NA,NA,NA,NA,NA
2005-09-24,1.1e+08,0.3114848,0.3114848,4.16519990563393,NA,NA,NA,NA,NA,NA
2005-09-25,1.1e+08,0.7928704,0.7928704,18.0324000101537,NA,NA,NA,NA,NA,NA
2005-09-26,1.1e+08,0.3114848,0.3114848,9.95919982437043,NA,NA,NA,NA,6.726,NA
2005-09-27,1.1e+08,0.424752,0.424752,0.0729000001956592,13.41,20.78,0.23,5.2,NA,1.9
2005-09-28,1.1e+08,0.4530688,0.4530688,6.51220017671585,NA,NA,NA,NA,NA,NA
2005-09-29,1.1e+08,0.17556416,0.17556416,0.213800005614758,NA,NA,NA,NA,NA,NA
2005-09-30,1.1e+08,0.24635616,0.24635616,0.0747999995946883,NA,NA,NA,NA,NA,NA
2005-10-01,1.1e+08,0.3681184,0.3681184,0,NA,NA,NA,NA,NA,NA
2005-10-02,1.1e+08,0.4530688,0.4530688,0,NA,NA,NA,NA,NA,NA
2005-10-03,1.1e+08,0.22936608,0.22936608,0,NA,NA,NA,NA,NA,NA
2005-10-04,1.1e+08,0.28033632,0.28033632,0,NA,NA,NA,NA,NA,NA
2005-10-05,1.1e+08,0.424752,0.424752,0,NA,NA,NA,NA,NA,NA
2005-10-06,1.1e+08,0.2548512,0.2548512,5.57279996341094,NA,NA,NA,NA,NA,NA
2005-10-07,1.1e+08,0.3964352,0.3964352,0.142400000244379,NA,NA,NA,NA,NA,NA
2005-10-08,1.1e+08,0.5380192,0.5380192,0,NA,NA,NA,NA,NA,NA
2005-10-09,1.1e+08,0.5946528,0.5946528,0,NA,NA,NA,NA,NA,NA
2005-10-10,1.1e+08,0.424752,0.424752,0,NA,NA,NA,NA,NA,NA
2005-10-11,1.1e+08,0.2265344,0.2265344,0,NA,NA,NA,NA,NA,NA
2005-10-12,1.1e+08,0.1699008,0.1699008,0.14299999922514,NA,NA,NA,NA,NA,NA
2005-10-13,1.1e+08,0.18689088,0.18689088,0.349999999103603,NA,NA,NA,NA,NA,NA
2005-10-14,1.1e+08,0.15007904,0.15007904,1.05280001461506,NA,NA,NA,NA,NA,NA
2005-10-15,1.1e+08,0.1982176,0.1982176,0,NA,NA,NA,NA,NA,NA
2005-10-16,1.1e+08,0.19255424,0.19255424,0,NA,NA,NA,NA,NA,NA
2005-10-17,1.1e+08,0.283168,0.283168,3.6156000867486,NA,NA,NA,NA,NA,NA
2005-10-18,1.1e+08,0.14441568,0.14441568,0,NA,NA,NA,NA,NA,NA
2005-10-19,1.1e+08,0.03681184,0.03681184,0,NA,NA,NA,NA,NA,NA
2005-10-20,1.1e+08,0.13592064,0.13592064,0,NA,NA,NA,NA,NA,NA
2005-10-21,1.1e+08,0.20671264,0.20671264,0,NA,NA,NA,NA,NA,NA
2005-10-22,1.1e+08,0.24918784,0.24918784,3.90640000998973,NA,NA,NA,NA,NA,NA
2005-10-23,1.1e+08,0.14724736,0.14724736,2.75739999927465,NA,NA,NA,NA,NA,NA
2005-10-24,1.1e+08,0.07928704,0.07928704,0.00800000037997963,NA,NA,NA,NA,NA,NA
2005-10-25,1.1e+08,0.06229696,0.06229696,0.0728000029921533,NA,NA,NA,NA,NA,NA
2005-10-26,1.1e+08,0.13025728,0.13025728,0,NA,NA,NA,NA,NA,NA
2005-10-27,1.1e+08,0.0566336,0.0566336,0,NA,NA,NA,NA,NA,NA
2005-10-28,1.1e+08,0.08778208,0.08778208,0,NA,NA,NA,NA,NA,NA
2005-10-29,1.1e+08,0.04813856,0.04813856,0,NA,NA,NA,NA,NA,NA
2005-10-30,1.1e+08,0.070792,0.070792,3.30499994941056,NA,NA,NA,NA,NA,NA
2005-10-31,1.1e+08,0.05946528,0.05946528,0.0364999994635582,NA,NA,NA,NA,NA,NA
2005-11-01,1.1e+08,4.2758368,4.2758368,0.0729999989271164,NA,NA,NA,NA,NA,NA
2005-11-02,1.1e+08,6.8243488,6.8243488,0,NA,NA,NA,NA,NA,NA
2005-11-03,1.1e+08,6.6827648,6.6827648,0,12.49,12.48,0.1,3.8,NA,3.1
2005-11-04,1.1e+08,6.5694976,6.5694976,0,NA,NA,NA,NA,NA,NA
2005-11-05,1.1e+08,6.796032,6.796032,10.7544001340866,NA,NA,NA,NA,NA,NA
2005-11-06,1.1e+08,6.8243488,6.8243488,22.5355997830629,NA,NA,NA,NA,NA,NA
2005-11-07,1.1e+08,6.3429632,6.3429632,0,NA,NA,NA,NA,NA,NA
2005-11-08,1.1e+08,6.2013792,6.2013792,0,NA,NA,NA,NA,NA,NA
2005-11-09,1.1e+08,6.4562304,6.4562304,0,NA,NA,NA,NA,NA,NA
2005-11-10,1.1e+08,5.946528,5.946528,0,NA,NA,NA,NA,NA,NA
2005-11-11,1.1e+08,5.6916768,5.6916768,0,NA,NA,NA,NA,NA,NA
2005-11-12,1.1e+08,5.4934592,5.4934592,2.97759993560613,NA,NA,NA,NA,NA,NA
2005-11-13,1.1e+08,5.8615776,5.8615776,1.25379997305572,NA,NA,NA,NA,NA,NA
2005-11-14,1.1e+08,5.0687072,5.0687072,0.724199980497358,NA,NA,NA,NA,NA,NA
2005-11-15,1.1e+08,5.4368256,5.4368256,14.7395998090506,NA,NA,NA,NA,NA,NA
2005-11-16,1.1e+08,5.3235584,5.3235584,5.79299999726937,NA,NA,NA,NA,NA,NA
2005-11-17,1.1e+08,5.0403904,5.0403904,0.226400003302842,NA,NA,NA,NA,NA,NA
2005-11-18,1.1e+08,5.2102912,5.2102912,0,NA,NA,NA,NA,NA,NA
2005-11-19,1.1e+08,5.3235584,5.3235584,0,NA,NA,NA,NA,NA,NA
2005-11-20,1.1e+08,5.3518752,5.3518752,0,NA,NA,NA,NA,NA,NA
2005-11-21,1.1e+08,5.2952416,5.2952416,0,NA,NA,NA,NA,NA,NA
2005-11-22,1.1e+08,5.238608,5.238608,0,NA,NA,NA,NA,NA,NA
2005-11-23,1.1e+08,5.380192,5.380192,1.70900002121926,NA,NA,NA,NA,NA,NA
2005-11-24,1.1e+08,5.238608,5.238608,0,NA,NA,NA,NA,NA,NA
2005-11-25,1.1e+08,3.9926688,3.9926688,2.534200001508,NA,NA,NA,NA,NA,NA
2005-11-26,1.1e+08,5.380192,5.380192,0.31580001115799,NA,NA,NA,NA,NA,NA
2005-11-27,1.1e+08,5.4085088,5.4085088,5.41899992153049,NA,NA,NA,NA,NA,NA
2005-11-28,1.1e+08,5.4651424,5.4651424,15.298799790442,NA,NA,NA,NA,NA,NA
2005-11-29,1.1e+08,5.6350432,5.6350432,0.102400001138449,NA,NA,NA,NA,NA,NA
2005-11-30,1.1e+08,5.2952416,5.2952416,0,NA,NA,NA,NA,NA,NA
2005-12-01,1.1e+08,5.4085088,5.4085088,5.47740003466606,NA,NA,NA,NA,NA,NA
2005-12-02,1.1e+08,4.8988064,4.8988064,0,NA,NA,NA,NA,NA,NA
2005-12-03,1.1e+08,7.0225664,7.0225664,5.2782001082087,NA,NA,NA,NA,NA,NA
2005-12-04,1.1e+08,7.3906848,7.3906848,1.66890001669526,NA,NA,NA,NA,NA,NA
2005-12-05,1.1e+08,6.3995968,6.3995968,0,NA,NA,NA,NA,NA,NA
2005-12-06,1.1e+08,7.2491008,7.2491008,0,NA,NA,NA,NA,NA,NA
2005-12-07,1.1e+08,7.1924672,7.1924672,0,NA,NA,NA,NA,NA,NA
2005-12-08,1.1e+08,7.0225664,7.0225664,3.32500002998858,NA,NA,NA,NA,NA,NA
2005-12-09,1.1e+08,6.7677152,6.7677152,3.71280005574225,NA,NA,NA,NA,NA,NA
2005-12-10,1.1e+08,6.8526656,6.8526656,0.981199979782104,NA,NA,NA,NA,NA,NA
2005-12-11,1.1e+08,6.6261312,6.6261312,0.799499991582707,NA,NA,NA,NA,NA,NA
2005-12-12,1.1e+08,6.5411808,6.5411808,0,NA,NA,NA,NA,NA,NA
2005-12-13,1.1e+08,6.4279136,6.4279136,0,NA,NA,NA,NA,NA,NA
2005-12-14,1.1e+08,4.5023712,4.5023712,9.98070003837348,NA,NA,NA,NA,NA,NA
2005-12-15,1.1e+08,2.8033632,2.8033632,3.22179994825273,NA,NA,NA,NA,NA,NA
2005-12-16,1.1e+08,3.0298976,3.0298976,0.140400007367134,NA,NA,NA,NA,NA,NA
2005-12-17,1.1e+08,2.2087104,2.2087104,0,NA,NA,NA,NA,NA,NA
2005-12-18,1.1e+08,2.8033632,2.8033632,0,NA,NA,NA,NA,NA,NA
2005-12-19,1.1e+08,2.8599968,2.8599968,0,NA,NA,NA,NA,NA,NA
2005-12-20,1.1e+08,2.8883136,2.8883136,0,NA,NA,NA,NA,NA,NA
2005-12-21,1.1e+08,2.7184128,2.7184128,0,NA,NA,NA,NA,NA,NA
2005-12-22,1.1e+08,2.6617792,2.6617792,0,NA,NA,NA,NA,NA,NA
2005-12-23,1.1e+08,2.3786112,2.3786112,0,NA,NA,NA,NA,NA,NA
2005-12-24,1.1e+08,1.557424,1.557424,0.0202000002609566,NA,NA,NA,NA,NA,NA
2005-12-25,1.1e+08,1.6706912,1.6706912,0.013399999588728,NA,NA,NA,NA,NA,NA
2005-12-26,1.1e+08,1.6423744,1.6423744,0.0271999997639797,NA,NA,NA,NA,NA,NA
2005-12-27,1.1e+08,1.699008,1.699008,0.10080000013113,NA,NA,NA,NA,NA,NA
2005-12-28,1.1e+08,1.6140576,1.6140576,0.0348000011581462,NA,NA,NA,NA,NA,NA
2005-12-29,1.1e+08,1.557424,1.557424,0,NA,NA,NA,NA,NA,NA
2005-12-30,1.1e+08,1.0760384,1.0760384,0.433200005441904,NA,NA,NA,NA,NA,NA
2005-12-31,1.1e+08,1.0477216,1.0477216,0,NA,NA,NA,NA,NA,NA
2006-01-01,1.1e+08,1.5857408,1.5857408,0.103999998420477,NA,NA,NA,NA,NA,NA
2006-01-02,1.1e+08,1.840592,1.840592,14.97199974861,NA,NA,NA,NA,NA,NA
2006-01-03,1.1e+08,1.4724736,1.4724736,0,NA,NA,NA,NA,NA,NA
2006-01-04,1.1e+08,1.4724736,1.4724736,0.724800024181605,NA,NA,NA,NA,NA,NA
2006-01-05,1.1e+08,1.6706912,1.6706912,0,NA,NA,NA,NA,NA,NA
2006-01-06,1.1e+08,1.8689088,1.8689088,0,NA,NA,NA,NA,NA,NA
2006-01-07,1.1e+08,1.7556416,1.7556416,0,NA,NA,NA,NA,NA,NA
2006-01-08,1.1e+08,1.6423744,1.6423744,0,NA,NA,NA,NA,NA,NA
2006-01-09,1.1e+08,1.6423744,1.6423744,0.171400004532188,NA,NA,NA,NA,NA,NA
2006-01-10,1.1e+08,1.6423744,1.6423744,0,NA,NA,NA,NA,NA,NA
2006-01-11,1.1e+08,1.557424,1.557424,0.0913999974727629,NA,NA,NA,NA,NA,NA
2006-01-12,1.1e+08,1.6706912,1.6706912,0,NA,NA,NA,NA,NA,NA
2006-01-13,1.1e+08,1.7273248,1.7273248,0.105999998282641,NA,NA,NA,NA,NA,NA
2006-01-14,1.1e+08,1.7273248,1.7273248,0,NA,NA,NA,NA,NA,NA
2006-01-15,1.1e+08,1.557424,1.557424,0,NA,NA,NA,NA,NA,NA
2006-01-16,1.1e+08,1.2459392,1.2459392,0,NA,NA,NA,NA,NA,NA
2006-01-17,1.1e+08,1.1043552,1.1043552,0,NA,NA,NA,NA,NA,NA
2006-01-18,1.1e+08,1.0477216,1.0477216,0,NA,NA,NA,NA,NA,NA
2006-01-19,1.1e+08,0.991088,0.991088,0,NA,NA,NA,NA,NA,NA
2006-01-20,1.1e+08,0.9061376,0.9061376,3.51899990299716,NA,NA,NA,NA,NA,NA
2006-01-21,1.1e+08,0.9061376,0.9061376,2.68720000237227,NA,NA,NA,NA,NA,NA
2006-01-22,1.1e+08,0.991088,0.991088,0,NA,NA,NA,NA,NA,NA
2006-01-23,1.1e+08,0.9627712,0.9627712,0,NA,NA,NA,NA,NA,NA
2006-01-24,1.1e+08,1.1043552,1.1043552,0,NA,NA,NA,NA,NA,NA
2006-01-25,1.1e+08,1.0477216,1.0477216,0,NA,NA,NA,NA,NA,NA
2006-01-26,1.1e+08,0.7928704,0.7928704,0,NA,NA,NA,NA,NA,NA
2006-01-27,1.1e+08,0.8778208,0.8778208,0,NA,NA,NA,NA,NA,NA
2006-01-28,1.1e+08,1.2459392,1.2459392,9.74880003405269,NA,NA,NA,NA,NA,NA
2006-01-29,1.1e+08,1.3025728,1.3025728,16.3989000786096,NA,NA,NA,NA,NA,NA
2006-01-30,1.1e+08,1.1043552,1.1043552,0.930200012400746,NA,NA,NA,NA,NA,NA
2006-01-31,1.1e+08,0.991088,0.991088,0,NA,NA,NA,NA,NA,NA
2006-02-01,1.1e+08,1.1893056,1.1893056,0,NA,NA,NA,NA,NA,NA
2006-02-02,1.1e+08,1.0477216,1.0477216,0,NA,NA,NA,NA,NA,NA
2006-02-03,1.1e+08,0.991088,0.991088,2.67960003018379,NA,NA,NA,NA,NA,NA
2006-02-04,1.1e+08,1.1043552,1.1043552,0.205600022338331,NA,NA,NA,NA,NA,NA
2006-02-05,1.1e+08,1.0477216,1.0477216,0,NA,NA,NA,NA,NA,NA
2006-02-06,1.1e+08,1.132672,1.132672,0,NA,NA,NA,NA,NA,NA
2006-02-07,1.1e+08,1.1893056,1.1893056,0,NA,NA,NA,NA,NA,NA
2006-02-08,1.1e+08,1.0194048,1.0194048,0,NA,NA,NA,NA,NA,NA
2006-02-09,1.1e+08,1.0760384,1.0760384,0,NA,NA,NA,NA,NA,NA
2006-02-10,1.1e+08,1.1043552,1.1043552,1.56030002608895,NA,NA,NA,NA,NA,NA
2006-02-11,1.1e+08,0.9627712,0.9627712,0.184999994933605,NA,NA,NA,NA,NA,NA
2006-02-12,1.1e+08,1.0194048,1.0194048,0.0692000016570092,NA,NA,NA,NA,NA,NA
2006-02-13,1.1e+08,0.991088,0.991088,0,NA,NA,NA,NA,NA,NA
2006-02-14,1.1e+08,0.8778208,0.8778208,0,NA,NA,NA,NA,NA,NA
2006-02-15,1.1e+08,0.9344544,0.9344544,0.731199989328161,NA,NA,NA,NA,NA,NA
2006-02-16,1.1e+08,1.0194048,1.0194048,35.2924997955561,NA,NA,NA,NA,NA,NA
2006-02-17,1.1e+08,0.7928704,0.7928704,0,NA,NA,NA,NA,NA,NA
2006-02-18,1.1e+08,0.566336,0.566336,0,NA,NA,NA,NA,NA,NA
2006-02-19,1.1e+08,0.7362368,0.7362368,0,NA,NA,NA,NA,NA,NA
2006-02-20,1.1e+08,0.9061376,0.9061376,0,NA,NA,NA,NA,NA,NA
2006-02-21,1.1e+08,0.8211872,0.8211872,0,NA,NA,NA,NA,NA,NA
2006-02-22,1.1e+08,0.8778208,0.8778208,0,NA,NA,NA,NA,NA,NA
2006-02-23,1.1e+08,0.70792,0.70792,0.0206000003963709,NA,NA,NA,NA,NA,NA
2006-02-24,1.1e+08,0.7362368,0.7362368,0,NA,NA,NA,NA,NA,NA
2006-02-25,1.1e+08,0.8211872,0.8211872,0,NA,NA,NA,NA,NA,NA
2006-02-26,1.1e+08,0.8778208,0.8778208,0,NA,NA,NA,NA,NA,NA
2006-02-27,1.1e+08,0.849504,0.849504,0,NA,NA,NA,NA,NA,NA
2006-02-28,1.1e+08,0.7928704,0.7928704,0,NA,NA,NA,NA,NA,NA
2006-03-01,1.1e+08,0.849504,0.849504,0.180200000526384,NA,NA,NA,NA,NA,NA
2006-03-02,1.1e+08,0.849504,0.849504,0.669200009433551,NA,NA,NA,NA,NA,NA
2006-03-03,1.1e+08,0.849504,0.849504,0,NA,NA,NA,NA,NA,NA
2006-03-04,1.1e+08,0.7928704,0.7928704,0,NA,NA,NA,NA,NA,NA
2006-03-05,1.1e+08,0.9061376,0.9061376,8.73460002243518,NA,NA,NA,NA,NA,NA
2006-03-06,1.1e+08,1.1043552,1.1043552,1.22700000647456,NA,NA,NA,NA,6.915,NA
2006-03-07,1.1e+08,0.9061376,0.9061376,0,NA,NA,NA,NA,NA,NA
2006-03-08,1.1e+08,1.41584,1.41584,2.10960000753403,NA,NA,NA,NA,NA,NA
2006-03-09,1.1e+08,1.1893056,1.1893056,17.6194000542164,NA,NA,NA,NA,NA,NA
2006-03-10,1.1e+08,1.132672,1.132672,0.563200006494298,NA,NA,NA,NA,NA,NA
2006-03-11,1.1e+08,1.1043552,1.1043552,0,NA,NA,NA,NA,NA,NA
2006-03-12,1.1e+08,1.3875232,1.3875232,3.43179991096258,NA,NA,NA,NA,NA,NA
2006-03-13,1.1e+08,1.7839584,1.7839584,12.3275999899488,NA,NA,NA,NA,NA,NA
2006-03-14,1.1e+08,1.6423744,1.6423744,0.286800004541874,NA,NA,NA,NA,NA,NA
2006-03-15,1.1e+08,1.5007904,1.5007904,0,NA,NA,NA,NA,NA,NA
2006-03-16,1.1e+08,1.9538592,1.9538592,9.1352998880102,NA,NA,NA,NA,NA,NA
2006-03-17,1.1e+08,1.8972256,1.8972256,0,NA,NA,NA,NA,NA,NA
2006-03-18,1.1e+08,1.9538592,1.9538592,0,NA,NA,NA,NA,NA,NA
2006-03-19,1.1e+08,1.840592,1.840592,0,NA,NA,NA,NA,NA,NA
2006-03-20,1.1e+08,1.8122752,1.8122752,0,NA,NA,NA,NA,NA,NA
2006-03-21,1.1e+08,2.0104928,2.0104928,0,NA,NA,NA,NA,NA,NA
2006-03-22,1.1e+08,1.9538592,1.9538592,0,NA,NA,NA,NA,NA,NA
2006-03-23,1.1e+08,1.840592,1.840592,1.92400005087256,NA,NA,NA,NA,NA,NA
2006-03-24,1.1e+08,1.7839584,1.7839584,1.25809997947363,NA,NA,NA,NA,NA,NA
2006-03-25,1.1e+08,2.0104928,2.0104928,0.237000003457069,NA,NA,NA,NA,NA,NA
2006-03-26,1.1e+08,1.8689088,1.8689088,0,NA,NA,NA,NA,NA,NA
2006-03-27,1.1e+08,1.557424,1.557424,0.303799990564585,NA,NA,NA,NA,NA,NA
2006-03-28,1.1e+08,1.5857408,1.5857408,0.608100019337144,NA,NA,NA,NA,NA,NA
2006-03-29,1.1e+08,1.1043552,1.1043552,0,NA,NA,NA,NA,NA,NA
2006-03-30,1.1e+08,0.9344544,0.9344544,0.00719999987632038,NA,NA,NA,NA,NA,NA
2006-03-31,1.1e+08,0.9627712,0.9627712,5.77259999513626,NA,NA,NA,NA,NA,NA
2006-04-01,1.1e+08,0.7645536,0.7645536,0,NA,NA,NA,NA,NA,NA
2006-04-02,1.1e+08,1.1043552,1.1043552,6.83179992623627,NA,NA,NA,NA,NA,NA
2006-04-03,1.1e+08,1.3308896,1.3308896,26.4148002527654,NA,NA,NA,NA,NA,NA
2006-04-04,1.1e+08,1.0194048,1.0194048,0,NA,NA,NA,NA,NA,NA
2006-04-05,1.1e+08,0.9344544,0.9344544,0,5.12,5.06,0.06,12.3,NA,2.3
2006-04-06,1.1e+08,1.3875232,1.3875232,1.26960000023246,NA,NA,NA,NA,NA,NA
2006-04-07,1.1e+08,2.5768288,2.5768288,27.5534005491936,NA,NA,NA,NA,NA,NA
2006-04-08,1.1e+08,1.5857408,1.5857408,0,NA,NA,NA,NA,NA,NA
2006-04-09,1.1e+08,1.9538592,1.9538592,0,NA,NA,NA,NA,NA,NA
2006-04-10,1.1e+08,2.6051456,2.6051456,0,NA,NA,NA,NA,NA,NA
2006-04-11,1.1e+08,3.114848,3.114848,0.219399999827147,NA,NA,NA,NA,NA,NA
2006-04-12,1.1e+08,4.105936,4.105936,9.15910017397256,NA,NA,NA,NA,NA,NA
2006-04-13,1.1e+08,4.530688,4.530688,0.0816999999806285,NA,NA,NA,NA,NA,NA
2006-04-14,1.1e+08,4.5023712,4.5023712,2.72640004451387,NA,NA,NA,NA,NA,NA
2006-04-15,1.1e+08,4.5590048,4.5590048,0.0263999998569489,NA,NA,NA,NA,NA,NA
2006-04-16,1.1e+08,4.7855392,4.7855392,30.7406001297932,NA,NA,NA,NA,NA,NA
2006-04-17,1.1e+08,4.8988064,4.8988064,0.49319999665022,NA,NA,NA,NA,4.721,NA
2006-04-18,1.1e+08,5.521776,5.521776,0,NA,NA,NA,NA,NA,NA
2006-04-19,1.1e+08,5.66336,5.66336,2.08100003399886,7.86,9.26,0.05,2.46666666666667,NA,3
2006-04-20,1.1e+08,5.6916768,5.6916768,0.0020000000949949,NA,NA,NA,NA,NA,NA
2006-04-21,1.1e+08,5.66336,5.66336,0,NA,NA,NA,NA,NA,NA
2006-04-22,1.1e+08,5.8332608,5.8332608,2.62440002383664,NA,NA,NA,NA,NA,NA
2006-04-23,1.1e+08,6.0597952,6.0597952,0,NA,NA,NA,NA,NA,NA
2006-04-24,1.1e+08,5.8332608,5.8332608,0,NA,NA,NA,NA,NA,NA
2006-04-25,1.1e+08,6.0314784,6.0314784,1.63559998851269,NA,NA,NA,NA,NA,NA
2006-04-26,1.1e+08,5.8615776,5.8615776,0,NA,NA,NA,NA,NA,NA
2006-04-27,1.1e+08,4.2758368,4.2758368,0,NA,NA,NA,NA,NA,NA
2006-04-28,1.1e+08,2.7467296,2.7467296,0,NA,NA,NA,NA,NA,NA
2006-04-29,1.1e+08,3.7944512,3.7944512,1.52640001475811,NA,NA,NA,NA,NA,NA
2006-04-30,1.1e+08,4.0493024,4.0493024,36.7048013918102,NA,NA,NA,NA,NA,NA
2006-05-01,1.1e+08,3.3130656,3.3130656,0.330800006151548,NA,NA,NA,NA,NA,NA
2006-05-02,1.1e+08,3.2281152,3.2281152,2.11520001199096,NA,NA,NA,NA,NA,NA
2006-05-03,1.1e+08,3.3696992,3.3696992,0.816199996334035,11.02,11.97,0.06,0.866666666666667,NA,6
2006-05-04,1.1e+08,3.5112832,3.5112832,0.0031999999191612,NA,NA,NA,NA,NA,NA
2006-05-05,1.1e+08,3.4829664,3.4829664,0,NA,NA,NA,NA,NA,NA
2006-05-06,1.1e+08,3.3130656,3.3130656,0,NA,NA,NA,NA,NA,NA
2006-05-07,1.1e+08,3.3130656,3.3130656,0,NA,NA,NA,NA,NA,NA
2006-05-08,1.1e+08,3.3130656,3.3130656,0,NA,NA,NA,NA,NA,NA
2006-05-09,1.1e+08,3.3696992,3.3696992,11.2549999131297,NA,NA,NA,NA,NA,NA
2006-05-10,1.1e+08,3.2847488,3.2847488,0.586399998981505,NA,NA,NA,NA,NA,NA
2006-05-11,1.1e+08,3.8510848,3.8510848,13.504800026305,NA,NA,NA,NA,NA,NA
2006-05-12,1.1e+08,3.3130656,3.3130656,4.49600002283114,NA,NA,NA,NA,NA,NA
2006-05-13,1.1e+08,3.0015808,3.0015808,3.60339994193055,NA,NA,NA,NA,NA,NA
2006-05-14,1.1e+08,2.8883136,2.8883136,4.31479998744908,NA,NA,NA,NA,NA,NA
2006-05-15,1.1e+08,4.0493024,4.0493024,1.82820000872016,NA,NA,NA,NA,4.84,NA
2006-05-16,1.1e+08,4.6156384,4.6156384,6.02700012267451,12.1,12.19,0.1,1.1,NA,3.7
2006-05-17,1.1e+08,5.0120736,5.0120736,6.4314000713639,NA,NA,NA,NA,NA,NA
2006-05-18,1.1e+08,4.95544,4.95544,0.0133999995887279,NA,NA,NA,NA,NA,NA
2006-05-19,1.1e+08,4.672272,4.672272,0.0204000000376254,NA,NA,NA,NA,NA,NA
2006-05-20,1.1e+08,4.5590048,4.5590048,0.0143999999563675,NA,NA,NA,NA,NA,NA
2006-05-21,1.1e+08,4.6156384,4.6156384,0.112000000895932,NA,NA,NA,NA,NA,NA
2006-05-22,1.1e+08,4.4740544,4.4740544,0,NA,NA,NA,NA,NA,NA
2006-05-23,1.1e+08,4.4457376,4.4457376,0,NA,NA,NA,NA,NA,NA
2006-05-24,1.1e+08,5.097024,5.097024,2.34839994803769,NA,NA,NA,NA,NA,NA
2006-05-25,1.1e+08,5.9182112,5.9182112,38.249400255736,NA,NA,NA,NA,NA,NA
2006-05-26,1.1e+08,5.4368256,5.4368256,0.197200000286102,NA,NA,NA,NA,NA,NA
2006-05-27,1.1e+08,5.2952416,5.2952416,1.0564000159502,NA,NA,NA,NA,NA,NA
2006-05-28,1.1e+08,5.2952416,5.2952416,0.00939999986439945,NA,NA,NA,NA,NA,NA
2006-05-29,1.1e+08,4.6439552,4.6439552,0,NA,NA,NA,NA,NA,NA
2006-05-30,1.1e+08,3.0582144,3.0582144,10.9300002520904,NA,NA,NA,NA,NA,NA
2006-05-31,1.1e+08,4.389104,4.389104,2.09280002955347,12.88,19.48,0.05,2.36666666666667,NA,4.8
2006-06-01,1.1e+08,5.0403904,5.0403904,0.0540000014007092,NA,NA,NA,NA,NA,NA
2006-06-02,1.1e+08,5.521776,5.521776,0.379600012674927,NA,NA,NA,NA,NA,NA
2006-06-03,1.1e+08,5.238608,5.238608,0,NA,NA,NA,NA,NA,NA
2006-06-04,1.1e+08,4.7289056,4.7289056,0,NA,NA,NA,NA,NA,NA
2006-06-05,1.1e+08,5.0120736,5.0120736,0.0373999997973442,NA,NA,NA,NA,NA,NA
2006-06-06,1.1e+08,4.8988064,4.8988064,4.45959988981486,NA,NA,NA,NA,NA,NA
2006-06-07,1.1e+08,4.8704896,4.8704896,0.078399999270914,NA,NA,NA,NA,NA,NA
2006-06-08,1.1e+08,4.8988064,4.8988064,0,NA,NA,NA,NA,NA,NA
2006-06-09,1.1e+08,4.8421728,4.8421728,0.925400002262905,NA,NA,NA,NA,NA,NA
2006-06-10,1.1e+08,5.097024,5.097024,17.76179994829,NA,NA,NA,NA,NA,NA
2006-06-11,1.1e+08,4.7005888,4.7005888,2.37679998576641,NA,NA,NA,NA,NA,NA
2006-06-12,1.1e+08,4.1908864,4.1908864,0.0772000029683112,NA,NA,NA,NA,5.697,NA
2006-06-13,1.1e+08,3.3696992,3.3696992,0,13.19,20.77,0.19,4.95,NA,2.8
2006-06-14,1.1e+08,3.7661344,3.7661344,4.65640004791203,NA,NA,NA,NA,NA,NA
2006-06-15,1.1e+08,4.1908864,4.1908864,0.136199999542441,NA,NA,NA,NA,NA,NA
2006-06-16,1.1e+08,4.2758368,4.2758368,0.0092000000877306,NA,NA,NA,NA,NA,NA
2006-06-17,1.1e+08,4.1908864,4.1908864,0,NA,NA,NA,NA,NA,NA
2006-06-18,1.1e+08,4.0776192,4.0776192,15.7747998914856,NA,NA,NA,NA,NA,NA
2006-06-19,1.1e+08,4.105936,4.105936,0.0187999999034219,NA,NA,NA,NA,NA,NA
2006-06-20,1.1e+08,4.0209856,4.0209856,0.122000002040295,NA,NA,NA,NA,NA,NA
2006-06-21,1.1e+08,3.9926688,3.9926688,6.41020012035734,NA,NA,NA,NA,NA,NA
2006-06-22,1.1e+08,3.5962336,3.5962336,0.00439999997615814,NA,NA,NA,NA,NA,NA
2006-06-23,1.1e+08,3.5112832,3.5112832,0,NA,NA,NA,NA,NA,NA
2006-06-24,1.1e+08,3.1431648,3.1431648,3.6008000234142,NA,NA,NA,NA,NA,NA
2006-06-25,1.1e+08,3.3413824,3.3413824,10.0404001050629,NA,NA,NA,NA,NA,NA
2006-06-26,1.1e+08,3.256432,3.256432,11.7455999170779,NA,NA,NA,NA,NA,NA
2006-06-27,1.1e+08,3.0865312,3.0865312,0.0588000020943582,12.65,20.11,0.05,5.33333333333333,NA,2.3
2006-06-28,1.1e+08,3.3130656,3.3130656,0.15540000423789,NA,NA,NA,NA,NA,NA
2006-06-29,1.1e+08,3.4546496,3.4546496,2.32500011427328,NA,NA,NA,NA,NA,NA
2006-06-30,1.1e+08,3.4263328,3.4263328,0,NA,NA,NA,NA,NA,NA
2006-07-01,1.1e+08,3.5679168,3.5679168,0,NA,NA,NA,NA,NA,NA
2006-07-02,1.1e+08,3.4263328,3.4263328,0.747400011168793,NA,NA,NA,NA,NA,NA
2006-07-03,1.1e+08,3.4263328,3.4263328,0.486399997025728,NA,NA,NA,NA,NA,NA
2006-07-04,1.1e+08,3.0015808,3.0015808,0,NA,NA,NA,NA,NA,NA
2006-07-05,1.1e+08,2.406928,2.406928,0,NA,NA,NA,NA,NA,NA
2006-07-06,1.1e+08,2.9449472,2.9449472,0,NA,NA,NA,NA,NA,NA
2006-07-07,1.1e+08,2.4352448,2.4352448,0,NA,NA,NA,NA,NA,NA
2006-07-08,1.1e+08,2.4635616,2.4635616,2.58359988452866,NA,NA,NA,NA,NA,NA
2006-07-09,1.1e+08,2.3502944,2.3502944,0.312199996988056,NA,NA,NA,NA,NA,NA
2006-07-10,1.1e+08,3.1997984,3.1997984,5.02360010147096,NA,NA,NA,NA,5.636,NA
2006-07-11,1.1e+08,4.7572224,4.7572224,31.9051994932815,NA,NA,NA,NA,NA,NA
2006-07-12,1.1e+08,3.5679168,3.5679168,0,13.81,22.76,0.24,3.95,NA,2
2006-07-13,1.1e+08,3.2281152,3.2281152,0,NA,NA,NA,NA,NA,NA
2006-07-14,1.1e+08,2.6051456,2.6051456,1.17079996853136,NA,NA,NA,NA,NA,NA
2006-07-15,1.1e+08,2.8883136,2.8883136,0.00800000037997963,NA,NA,NA,NA,NA,NA
2006-07-16,1.1e+08,2.8599968,2.8599968,0,NA,NA,NA,NA,NA,NA
2006-07-17,1.1e+08,2.0104928,2.0104928,0.0351999998092651,NA,NA,NA,NA,NA,NA
2006-07-18,1.1e+08,1.840592,1.840592,0.18639999628067,NA,NA,NA,NA,NA,NA
2006-07-19,1.1e+08,2.3502944,2.3502944,3.25920007936657,NA,NA,NA,NA,NA,NA
2006-07-20,1.1e+08,2.690096,2.690096,22.4284001290798,NA,NA,NA,NA,NA,NA
2006-07-21,1.1e+08,2.2087104,2.2087104,2.60119998059236,NA,NA,NA,NA,NA,NA
2006-07-22,1.1e+08,2.406928,2.406928,1.76880000112579,NA,NA,NA,NA,NA,NA
2006-07-23,1.1e+08,2.6334624,2.6334624,0.110800001770258,NA,NA,NA,NA,NA,NA
2006-07-24,1.1e+08,2.0104928,2.0104928,6.1332001686096,NA,NA,NA,NA,NA,NA
2006-07-25,1.1e+08,2.0954432,2.0954432,0.896000013628507,13.46,23.41,0.04,8.36666666666667,NA,1.4
2006-07-26,1.1e+08,2.2087104,2.2087104,10.3404000625014,NA,NA,NA,NA,NA,NA
2006-07-27,1.1e+08,3.6245504,3.6245504,23.2582003651186,NA,NA,NA,NA,NA,NA
2006-07-28,1.1e+08,1.8972256,1.8972256,0.0731999971903861,NA,NA,NA,NA,NA,NA
2006-07-29,1.1e+08,1.8689088,1.8689088,0,NA,NA,NA,NA,NA,NA
2006-07-30,1.1e+08,1.699008,1.699008,0.249600005074171,NA,NA,NA,NA,NA,NA
2006-07-31,1.1e+08,1.7273248,1.7273248,0.00400000018998981,NA,NA,NA,NA,NA,NA
2006-08-01,1.1e+08,1.7556416,1.7556416,8.23400012403728,NA,NA,NA,NA,NA,NA
2006-08-02,1.1e+08,1.982176,1.982176,13.098399984272,NA,NA,NA,NA,NA,NA
2006-08-03,1.1e+08,1.840592,1.840592,0.921399977058173,NA,NA,NA,NA,NA,NA
2006-08-04,1.1e+08,1.7556416,1.7556416,0,NA,NA,NA,NA,NA,NA
2006-08-05,1.1e+08,1.6423744,1.6423744,0.102799997664988,NA,NA,NA,NA,NA,NA
2006-08-06,1.1e+08,1.8689088,1.8689088,16.8546001836658,NA,NA,NA,NA,NA,NA
2006-08-07,1.1e+08,1.7556416,1.7556416,0,NA,NA,NA,NA,5.366,NA
2006-08-08,1.1e+08,1.6706912,1.6706912,0,13.07,22.72,0.26,4.25,NA,2
2006-08-09,1.1e+08,1.699008,1.699008,0,NA,NA,NA,NA,NA,NA
2006-08-10,1.1e+08,1.4724736,1.4724736,0.654400016588623,NA,NA,NA,NA,NA,NA
2006-08-11,1.1e+08,1.5857408,1.5857408,0,NA,NA,NA,NA,NA,NA
2006-08-12,1.1e+08,1.9255424,1.9255424,0,NA,NA,NA,NA,NA,NA
2006-08-13,1.1e+08,1.699008,1.699008,0,NA,NA,NA,NA,NA,NA
2006-08-14,1.1e+08,1.3875232,1.3875232,1.02039999864064,NA,NA,NA,NA,NA,NA
2006-08-15,1.1e+08,1.1043552,1.1043552,0,NA,NA,NA,NA,NA,NA
2006-08-16,1.1e+08,1.0194048,1.0194048,0,NA,NA,NA,NA,NA,NA
2006-08-17,1.1e+08,1.132672,1.132672,6.57879990406218,NA,NA,NA,NA,NA,NA
2006-08-18,1.1e+08,1.1893056,1.1893056,6.58760012686253,NA,NA,NA,NA,NA,NA
2006-08-19,1.1e+08,1.132672,1.132672,0.116399998543784,NA,NA,NA,NA,NA,NA
2006-08-20,1.1e+08,1.1893056,1.1893056,0,NA,NA,NA,NA,NA,NA
2006-08-21,1.1e+08,1.1609888,1.1609888,0,13.59,23.24,0.04,7.5,NA,1.7
2006-08-22,1.1e+08,1.0760384,1.0760384,0,NA,NA,NA,NA,NA,NA
2006-08-23,1.1e+08,1.1609888,1.1609888,0.0192000009119511,NA,NA,NA,NA,NA,NA
2006-08-24,1.1e+08,2.4918784,2.4918784,51.321999669075,NA,NA,NA,NA,NA,NA
2006-08-25,1.1e+08,2.1803936,2.1803936,21.4880001679994,NA,NA,NA,NA,NA,NA
2006-08-26,1.1e+08,1.2459392,1.2459392,0.92639999673702,NA,NA,NA,NA,NA,NA
2006-08-27,1.1e+08,1.1609888,1.1609888,1.23199999704957,NA,NA,NA,NA,NA,NA
2006-08-28,1.1e+08,1.0477216,1.0477216,3.71840013418114,NA,NA,NA,NA,NA,NA
2006-08-29,1.1e+08,1.274256,1.274256,0.135199999407632,NA,NA,NA,NA,NA,NA
2006-08-30,1.1e+08,1.2459392,1.2459392,0.0316000001039356,NA,NA,NA,NA,NA,NA
2006-08-31,1.1e+08,1.274256,1.274256,0,NA,NA,NA,NA,NA,NA
2006-09-01,1.1e+08,1.1893056,1.1893056,0,NA,NA,NA,NA,NA,NA
2006-09-02,1.1e+08,1.2459392,1.2459392,0,NA,NA,NA,NA,NA,NA
2006-09-03,1.1e+08,1.3592064,1.3592064,0.151199996471405,NA,NA,NA,NA,NA,NA
2006-09-04,1.1e+08,1.2459392,1.2459392,23.3968004805211,NA,NA,NA,NA,NA,NA
2006-09-05,1.1e+08,1.3025728,1.3025728,1.67160001397133,NA,NA,NA,NA,NA,NA
2006-09-06,1.1e+08,1.132672,1.132672,0.0525999997626059,NA,NA,NA,NA,4.995,NA
2006-09-07,1.1e+08,1.274256,1.274256,0,13.09,20.86,0.29,3.57,NA,1.9
2006-09-08,1.1e+08,1.274256,1.274256,0.336400005500764,NA,NA,NA,NA,NA,NA
2006-09-09,1.1e+08,1.2459392,1.2459392,1.73819997161627,NA,NA,NA,NA,NA,NA
2006-09-10,1.1e+08,1.3025728,1.3025728,7.55920003328356,NA,NA,NA,NA,NA,NA
2006-09-11,1.1e+08,1.2459392,1.2459392,23.2583996971952,NA,NA,NA,NA,NA,NA
2006-09-12,1.1e+08,1.4724736,1.4724736,38.7420000322163,NA,NA,NA,NA,NA,NA
2006-09-13,1.1e+08,1.6706912,1.6706912,0.0471999980509281,NA,NA,NA,NA,NA,NA
2006-09-14,1.1e+08,1.5007904,1.5007904,0.115599997341633,NA,NA,NA,NA,NA,NA
2006-09-15,1.1e+08,1.41584,1.41584,0,NA,NA,NA,NA,NA,NA
2006-09-16,1.1e+08,1.5857408,1.5857408,0,NA,NA,NA,NA,NA,NA
2006-09-17,1.1e+08,1.3592064,1.3592064,5.18079989776014,NA,NA,NA,NA,NA,NA
2006-09-18,1.1e+08,1.274256,1.274256,0.794400008395314,NA,NA,NA,NA,NA,NA
2006-09-19,1.1e+08,1.3308896,1.3308896,0,NA,NA,NA,NA,NA,NA
2006-09-20,1.1e+08,1.3875232,1.3875232,0.0943999995943159,NA,NA,NA,NA,NA,NA
2006-09-21,1.1e+08,1.132672,1.132672,0,NA,NA,NA,NA,NA,NA
2006-09-22,1.1e+08,1.1609888,1.1609888,5.12520006299019,NA,NA,NA,NA,NA,NA
2006-09-23,1.1e+08,1.2459392,1.2459392,8.90319998096675,NA,NA,NA,NA,NA,NA
2006-09-24,1.1e+08,1.1893056,1.1893056,1.11960002873093,NA,NA,NA,NA,NA,NA
2006-09-25,1.1e+08,0.991088,0.991088,0,NA,NA,NA,NA,NA,NA
2006-09-26,1.1e+08,0.9061376,0.9061376,0,NA,NA,NA,NA,NA,NA
2006-09-27,1.1e+08,0.991088,0.991088,1.43629994895309,NA,NA,NA,NA,NA,NA
2006-09-28,1.1e+08,0.7645536,0.7645536,0.0196000002324581,NA,NA,NA,NA,NA,NA
2006-09-29,1.1e+08,0.7928704,0.7928704,0,NA,NA,NA,NA,NA,NA
2006-09-30,1.1e+08,1.0760384,1.0760384,1.93410004168982,NA,NA,NA,NA,NA,NA
2006-10-01,1.1e+08,1.3592064,1.3592064,0.118599996785633,NA,NA,NA,NA,NA,NA
2006-10-02,1.1e+08,1.3308896,1.3308896,0.0661000013351442,NA,NA,NA,NA,5,NA
2006-10-03,1.1e+08,1.5007904,1.5007904,0.994800017913804,NA,NA,NA,NA,NA,NA
2006-10-04,1.1e+08,2.0954432,2.0954432,14.1701997024938,13.3,16.55,0.26,15.1666666666667,NA,1.5
2006-10-05,1.1e+08,1.7839584,1.7839584,0,NA,NA,NA,NA,NA,NA
2006-10-06,1.1e+08,1.7556416,1.7556416,0,NA,NA,NA,NA,NA,NA
2006-10-07,1.1e+08,2.12376,2.12376,0,NA,NA,NA,NA,NA,NA
2006-10-08,1.1e+08,2.1803936,2.1803936,0,NA,NA,NA,NA,NA,NA
2006-10-09,1.1e+08,1.982176,1.982176,0,NA,NA,NA,NA,NA,NA
2006-10-10,1.1e+08,1.9255424,1.9255424,0.538400009274483,NA,NA,NA,NA,NA,NA
2006-10-11,1.1e+08,2.7184128,2.7184128,11.9389000280935,NA,NA,NA,NA,NA,NA
2006-10-12,1.1e+08,4.1342528,4.1342528,0.675599997863174,NA,NA,NA,NA,NA,NA
2006-10-13,1.1e+08,4.4740544,4.4740544,0,NA,NA,NA,NA,NA,NA
2006-10-14,1.1e+08,4.530688,4.530688,0,NA,NA,NA,NA,NA,NA
2006-10-15,1.1e+08,4.5023712,4.5023712,0.0476000010967254,NA,NA,NA,NA,NA,NA
2006-10-16,1.1e+08,4.5590048,4.5590048,2.03440001700074,NA,NA,NA,NA,NA,NA
2006-10-17,1.1e+08,4.7855392,4.7855392,20.4755998756736,NA,NA,NA,NA,NA,NA
2006-10-18,1.1e+08,4.7005888,4.7005888,3.96859989536461,NA,NA,NA,NA,NA,NA
2006-10-19,1.1e+08,4.7855392,4.7855392,0.800400007283315,NA,NA,NA,NA,NA,NA
2006-10-20,1.1e+08,4.7855392,4.7855392,0,NA,NA,NA,NA,NA,NA
2006-10-21,1.1e+08,4.7855392,4.7855392,12.192200049758,NA,NA,NA,NA,NA,NA
2006-10-22,1.1e+08,4.95544,4.95544,6.93599987775086,NA,NA,NA,NA,NA,NA
2006-10-23,1.1e+08,4.8704896,4.8704896,0,NA,NA,NA,NA,NA,NA
2006-10-24,1.1e+08,7.1075168,7.1075168,0,NA,NA,NA,NA,NA,NA
2006-10-25,1.1e+08,10.335632,10.335632,0,NA,NA,NA,NA,NA,NA
2006-10-26,1.1e+08,10.2223648,10.2223648,2.29600008577108,NA,NA,NA,NA,NA,NA
2006-10-27,1.1e+08,9.9958304,9.9958304,0.149600002449006,NA,NA,NA,NA,NA,NA
2006-10-28,1.1e+08,10.5055328,10.5055328,0.0139999997918494,NA,NA,NA,NA,NA,NA
2006-10-29,1.1e+08,10.760384,10.760384,0,NA,NA,NA,NA,NA,NA
2006-10-30,1.1e+08,10.3922656,10.3922656,0,9.08,9.17,0.08,9.76666666666667,5.29,1.3
2006-10-31,1.1e+08,10.5621664,10.5621664,0,NA,NA,NA,NA,NA,NA
2006-11-01,1.1e+08,10.4488992,10.4488992,0,NA,NA,NA,NA,NA,NA
2006-11-02,1.1e+08,10.5055328,10.5055328,0,NA,NA,NA,NA,NA,NA
2006-11-03,1.1e+08,10.4205824,10.4205824,0,NA,NA,NA,NA,NA,NA
2006-11-04,1.1e+08,9.91088,9.91088,0,NA,NA,NA,NA,NA,NA
2006-11-05,1.1e+08,9.2595936,9.2595936,0,NA,NA,NA,NA,NA,NA
2006-11-06,1.1e+08,8.8348416,8.8348416,0,NA,NA,NA,NA,NA,NA
2006-11-07,1.1e+08,8.3817728,8.3817728,0,NA,NA,NA,NA,NA,NA
2006-11-08,1.1e+08,8.5516736,8.5516736,0,NA,NA,NA,NA,NA,NA
2006-11-09,1.1e+08,9.061376,9.061376,0,NA,NA,NA,NA,NA,NA
2006-11-10,1.1e+08,9.4578112,9.4578112,20.0325996875763,NA,NA,NA,NA,NA,NA
2006-11-11,1.1e+08,8.7498912,8.7498912,0.667000024812297,NA,NA,NA,NA,NA,NA
2006-11-12,1.1e+08,7.7021696,7.7021696,0,NA,NA,NA,NA,NA,NA
2006-11-13,1.1e+08,8.5516736,8.5516736,0.610000023152679,NA,NA,NA,NA,NA,NA
2006-11-14,1.1e+08,8.0136544,8.0136544,0,NA,NA,NA,NA,NA,NA
2006-11-15,1.1e+08,8.0136544,8.0136544,0,NA,NA,NA,NA,NA,NA
2006-11-16,1.1e+08,8.5233568,8.5233568,0,NA,NA,NA,NA,NA,NA
2006-11-17,1.1e+08,8.9481088,8.9481088,0,NA,NA,NA,NA,NA,NA
2006-11-18,1.1e+08,9.4578112,9.4578112,0,NA,NA,NA,NA,NA,NA
2006-11-19,1.1e+08,8.8631584,8.8631584,0,NA,NA,NA,NA,NA,NA
2006-11-20,1.1e+08,8.7215744,8.7215744,0,NA,NA,NA,NA,NA,NA
2006-11-21,1.1e+08,8.6083072,8.6083072,0,NA,NA,NA,NA,NA,NA
2006-11-22,1.1e+08,8.1269216,8.1269216,0,NA,NA,NA,NA,NA,NA
2006-11-23,1.1e+08,7.5889024,7.5889024,0,NA,NA,NA,NA,NA,NA
2006-11-24,1.1e+08,7.4473184,7.4473184,0,NA,NA,NA,NA,NA,NA
2006-11-25,1.1e+08,8.3817728,8.3817728,0,NA,NA,NA,NA,NA,NA
2006-11-26,1.1e+08,8.0419712,8.0419712,0,NA,NA,NA,NA,NA,NA
2006-11-27,1.1e+08,8.1269216,8.1269216,8.82620006799697,NA,NA,NA,NA,5.016,NA
2006-11-28,1.1e+08,7.8437536,7.8437536,24.705800190568,NA,NA,NA,NA,NA,NA
2006-11-29,1.1e+08,8.4384064,8.4384064,2.52080002467846,NA,NA,NA,NA,NA,NA
2006-11-30,1.1e+08,8.4667232,8.4667232,4.94640003144741,NA,NA,NA,NA,NA,NA
2006-12-01,1.1e+08,8.7215744,8.7215744,4.87240007147193,NA,NA,NA,NA,NA,NA
2006-12-02,1.1e+08,9.0047424,9.0047424,0,NA,NA,NA,NA,NA,NA
2006-12-03,1.1e+08,8.8631584,8.8631584,0,NA,NA,NA,NA,NA,NA
2006-12-04,1.1e+08,8.778208,8.778208,0,NA,NA,NA,NA,NA,NA
2006-12-05,1.1e+08,4.530688,4.530688,0,NA,NA,NA,NA,NA,NA
2006-12-06,1.1e+08,3.5396,3.5396,0.0302000008523464,NA,NA,NA,NA,NA,NA
2006-12-07,1.1e+08,1.7839584,1.7839584,0,NA,NA,NA,NA,NA,NA
2006-12-08,1.1e+08,2.1803936,2.1803936,0,NA,NA,NA,NA,NA,NA
2006-12-09,1.1e+08,2.2087104,2.2087104,0,NA,NA,NA,NA,NA,NA
2006-12-10,1.1e+08,1.8122752,1.8122752,0,NA,NA,NA,NA,NA,NA
2006-12-11,1.1e+08,1.7839584,1.7839584,0,1.21,1.18,0.07,1.03333333333333,NA,4.7
2006-12-12,1.1e+08,1.699008,1.699008,0.949600009247659,NA,NA,NA,NA,NA,NA
2006-12-13,1.1e+08,1.3875232,1.3875232,0.0175999999046326,NA,NA,NA,NA,NA,NA
2006-12-14,1.1e+08,2.2370272,2.2370272,0,NA,NA,NA,NA,NA,NA
2006-12-15,1.1e+08,2.7467296,2.7467296,0,NA,NA,NA,NA,NA,NA
2006-12-16,1.1e+08,2.690096,2.690096,0,NA,NA,NA,NA,NA,NA
2006-12-17,1.1e+08,2.548512,2.548512,0.0436000004410746,NA,NA,NA,NA,NA,NA
2006-12-18,1.1e+08,2.973264,2.973264,0,NA,NA,NA,NA,NA,NA
2006-12-19,1.1e+08,3.3696992,3.3696992,0,NA,NA,NA,NA,NA,NA
2006-12-20,1.1e+08,3.3130656,3.3130656,0.122000001370907,NA,NA,NA,NA,NA,NA
2006-12-21,1.1e+08,3.7661344,3.7661344,20.8507997698325,NA,NA,NA,NA,NA,NA
2006-12-22,1.1e+08,3.7661344,3.7661344,7.95959985256195,NA,NA,NA,NA,NA,NA
2006-12-23,1.1e+08,3.681184,3.681184,0,NA,NA,NA,NA,NA,NA
2006-12-24,1.1e+08,3.5112832,3.5112832,0,NA,NA,NA,NA,NA,NA
2006-12-25,1.1e+08,3.5679168,3.5679168,0,NA,NA,NA,NA,NA,NA
2006-12-26,1.1e+08,3.4263328,3.4263328,0,NA,NA,NA,NA,NA,NA
2006-12-27,1.1e+08,3.3696992,3.3696992,0.0171999999001855,NA,NA,NA,NA,NA,NA
2006-12-28,1.1e+08,3.0298976,3.0298976,0.0309999997261911,NA,NA,NA,NA,NA,NA
2006-12-29,1.1e+08,3.2847488,3.2847488,0,NA,NA,NA,NA,NA,NA
2006-12-30,1.1e+08,3.1714816,3.1714816,0,NA,NA,NA,NA,NA,NA
2006-12-31,1.1e+08,3.1714816,3.1714816,5.79760012403131,NA,NA,NA,NA,NA,NA
2007-01-01,1.1e+08,3.4546496,3.4546496,0,NA,NA,NA,NA,NA,NA
2007-01-02,1.1e+08,3.3130656,3.3130656,0,NA,NA,NA,NA,NA,NA
2007-01-03,1.1e+08,3.114848,3.114848,0,NA,NA,NA,NA,5.188,NA
2007-01-04,1.1e+08,3.114848,3.114848,0,NA,NA,NA,NA,NA,NA
2007-01-05,1.1e+08,3.1431648,3.1431648,12.338399887085,2.12,2,0.08,1.03333333333333,NA,5.2
2007-01-06,1.1e+08,3.256432,3.256432,0.0208000004931819,NA,NA,NA,NA,NA,NA
2007-01-07,1.1e+08,3.1997984,3.1997984,0.228799998760223,NA,NA,NA,NA,NA,NA
2007-01-08,1.1e+08,3.4829664,3.4829664,0,NA,NA,NA,NA,NA,NA
2007-01-09,1.1e+08,2.6051456,2.6051456,0,NA,NA,NA,NA,NA,NA
2007-01-10,1.1e+08,2.265344,2.265344,0,NA,NA,NA,NA,NA,NA
2007-01-11,1.1e+08,3.1997984,3.1997984,0,NA,NA,NA,NA,NA,NA
2007-01-12,1.1e+08,3.1714816,3.1714816,0.836400032043458,NA,NA,NA,NA,NA,NA
2007-01-13,1.1e+08,3.2281152,3.2281152,1.74599996209145,NA,NA,NA,NA,NA,NA
2007-01-14,1.1e+08,3.3413824,3.3413824,0.338000001385808,NA,NA,NA,NA,NA,NA
2007-01-15,1.1e+08,3.5396,3.5396,9.95840016007423,NA,NA,NA,NA,NA,NA
2007-01-16,1.1e+08,3.1714816,3.1714816,0,NA,NA,NA,NA,NA,NA
2007-01-17,1.1e+08,3.0865312,3.0865312,0,NA,NA,NA,NA,NA,NA
2007-01-18,1.1e+08,3.1431648,3.1431648,0.0587000008672475,NA,NA,NA,NA,NA,NA
2007-01-19,1.1e+08,3.3130656,3.3130656,0.31020000576973,NA,NA,NA,NA,NA,NA
2007-01-20,1.1e+08,3.4546496,3.4546496,0,NA,NA,NA,NA,NA,NA
2007-01-21,1.1e+08,3.4546496,3.4546496,7.95960010262207,NA,NA,NA,NA,NA,NA
2007-01-22,1.1e+08,3.1997984,3.1997984,0,NA,NA,NA,NA,NA,NA
2007-01-23,1.1e+08,3.3130656,3.3130656,0,NA,NA,NA,NA,NA,NA
2007-01-24,1.1e+08,3.3413824,3.3413824,0,NA,NA,NA,NA,NA,NA
2007-01-25,1.1e+08,3.4546496,3.4546496,0,NA,NA,NA,NA,NA,NA
2007-01-26,1.1e+08,3.3130656,3.3130656,0,NA,NA,NA,NA,NA,NA
2007-01-27,1.1e+08,3.256432,3.256432,0,NA,NA,NA,NA,NA,NA
2007-01-28,1.1e+08,3.3696992,3.3696992,0.568300008773804,NA,NA,NA,NA,NA,NA
2007-01-29,1.1e+08,2.973264,2.973264,0,NA,NA,NA,NA,NA,NA
2007-01-30,1.1e+08,2.7184128,2.7184128,2.21580004692078,NA,NA,NA,NA,NA,NA
2007-01-31,1.1e+08,2.6334624,2.6334624,0,NA,NA,NA,NA,NA,NA
2007-02-01,1.1e+08,2.7750464,2.7750464,0.192700004205108,NA,NA,NA,NA,NA,NA
2007-02-02,1.1e+08,2.4635616,2.4635616,0,NA,NA,NA,NA,NA,NA
2007-02-03,1.1e+08,2.2087104,2.2087104,0.124799996614456,NA,NA,NA,NA,NA,NA
2007-02-04,1.1e+08,2.7184128,2.7184128,0,NA,NA,NA,NA,NA,NA
2007-02-05,1.1e+08,2.9449472,2.9449472,0,NA,NA,NA,NA,NA,NA
2007-02-06,1.1e+08,3.1997984,3.1997984,1.67860001325607,NA,NA,NA,NA,NA,NA
2007-02-07,1.1e+08,2.406928,2.406928,0,NA,NA,NA,NA,NA,NA
2007-02-08,1.1e+08,2.690096,2.690096,0,NA,NA,NA,NA,NA,NA
2007-02-09,1.1e+08,2.7184128,2.7184128,0,NA,NA,NA,NA,NA,NA
2007-02-10,1.1e+08,2.7467296,2.7467296,0,NA,NA,NA,NA,NA,NA
2007-02-11,1.1e+08,2.7750464,2.7750464,0,NA,NA,NA,NA,NA,NA
2007-02-12,1.1e+08,3.8794016,3.8794016,3.80930002778769,NA,NA,NA,NA,NA,NA
2007-02-13,1.1e+08,2.9166304,2.9166304,0.607199996709823,NA,NA,NA,NA,NA,NA
2007-02-14,1.1e+08,2.9449472,2.9449472,0,NA,NA,NA,NA,NA,NA
2007-02-15,1.1e+08,3.4263328,3.4263328,0,NA,NA,NA,NA,NA,NA
2007-02-16,1.1e+08,3.1997984,3.1997984,0,NA,NA,NA,NA,NA,NA
2007-02-17,1.1e+08,2.973264,2.973264,0.191699996590614,NA,NA,NA,NA,NA,NA
2007-02-18,1.1e+08,2.83168,2.83168,0,NA,NA,NA,NA,NA,NA
2007-02-19,1.1e+08,3.0015808,3.0015808,0,NA,NA,NA,NA,4.986,NA
2007-02-20,1.1e+08,3.4546496,3.4546496,0,NA,NA,NA,NA,NA,NA
2007-02-21,1.1e+08,3.256432,3.256432,0,NA,NA,NA,NA,NA,NA
2007-02-22,1.1e+08,2.8033632,2.8033632,0,NA,NA,NA,NA,NA,NA
2007-02-23,1.1e+08,2.8033632,2.8033632,1.34740000450984,NA,NA,NA,NA,NA,NA
2007-02-24,1.1e+08,3.114848,3.114848,16.0218002125621,NA,NA,NA,NA,NA,NA
2007-02-25,1.1e+08,3.398016,3.398016,22.6474003493786,NA,NA,NA,NA,NA,NA
2007-02-26,1.1e+08,3.398016,3.398016,1.66430003673304,2.51,1.61,0.14,4.13333333333333,NA,6.4
2007-02-27,1.1e+08,3.681184,3.681184,0,NA,NA,NA,NA,NA,NA
2007-02-28,1.1e+08,3.681184,3.681184,1.99839997291565,NA,NA,NA,NA,NA,NA
2007-03-01,1.1e+08,3.3413824,3.3413824,7.95759999286383,NA,NA,NA,NA,NA,NA
2007-03-02,1.1e+08,3.0865312,3.0865312,2.71360002591973,NA,NA,NA,NA,NA,NA
2007-03-03,1.1e+08,3.114848,3.114848,0.0268000003416091,NA,NA,NA,NA,NA,NA
2007-03-04,1.1e+08,3.0865312,3.0865312,0,NA,NA,NA,NA,NA,NA
2007-03-05,1.1e+08,3.0015808,3.0015808,0,NA,NA,NA,NA,NA,NA
2007-03-06,1.1e+08,2.9449472,2.9449472,0.311800001189113,NA,NA,NA,NA,NA,NA
2007-03-07,1.1e+08,2.9166304,2.9166304,0.105099999345839,NA,NA,NA,NA,NA,NA
2007-03-08,1.1e+08,3.0865312,3.0865312,0,NA,NA,NA,NA,NA,NA
2007-03-09,1.1e+08,3.114848,3.114848,5.46059996262193,NA,NA,NA,NA,NA,NA
2007-03-10,1.1e+08,3.1714816,3.1714816,0.705200098454952,NA,NA,NA,NA,NA,NA
2007-03-11,1.1e+08,3.114848,3.114848,0,NA,NA,NA,NA,NA,NA
2007-03-12,1.1e+08,3.4263328,3.4263328,0,NA,NA,NA,NA,NA,NA
2007-03-13,1.1e+08,3.5112832,3.5112832,0,NA,NA,NA,NA,NA,NA
2007-03-14,1.1e+08,3.398016,3.398016,0.339200005138992,NA,NA,NA,NA,NA,NA
2007-03-15,1.1e+08,3.3696992,3.3696992,1.14900006353855,NA,NA,NA,NA,NA,NA
2007-03-16,1.1e+08,3.3696992,3.3696992,0.0550000006332993,NA,NA,NA,NA,NA,NA
2007-03-17,1.1e+08,3.3696992,3.3696992,0,NA,NA,NA,NA,NA,NA
2007-03-18,1.1e+08,3.4546496,3.4546496,0,NA,NA,NA,NA,NA,NA
2007-03-19,1.1e+08,3.4263328,3.4263328,0,NA,NA,NA,NA,NA,NA
2007-03-20,1.1e+08,3.3696992,3.3696992,0,NA,NA,NA,NA,NA,NA
2007-03-21,1.1e+08,3.681184,3.681184,6.77019999618642,NA,NA,NA,NA,NA,NA
2007-03-22,1.1e+08,5.097024,5.097024,22.1630003601313,NA,NA,NA,NA,NA,NA
2007-03-23,1.1e+08,5.380192,5.380192,0,NA,NA,NA,NA,NA,NA
2007-03-24,1.1e+08,7.0225664,7.0225664,0.241800005518599,NA,NA,NA,NA,NA,NA
2007-03-25,1.1e+08,7.1358336,7.1358336,2.82279997240403,NA,NA,NA,NA,NA,NA
2007-03-26,1.1e+08,9.0047424,9.0047424,0.0551999993622304,NA,NA,NA,NA,NA,NA
2007-03-27,1.1e+08,9.5993952,9.5993952,0,NA,NA,NA,NA,NA,NA
2007-03-28,1.1e+08,9.2312768,9.2312768,4.67959998082369,NA,NA,NA,NA,NA,NA
2007-03-29,1.1e+08,8.9481088,8.9481088,0,NA,NA,NA,NA,NA,NA
2007-03-30,1.1e+08,8.778208,8.778208,1.44239999167621,NA,NA,NA,NA,NA,NA
2007-03-31,1.1e+08,9.4294944,9.4294944,6.88959995307961,NA,NA,NA,NA,NA,NA
2007-04-01,1.1e+08,8.778208,8.778208,26.6127998307347,NA,NA,NA,NA,NA,NA
2007-04-02,1.1e+08,8.5516736,8.5516736,0.0217999996966682,NA,NA,NA,NA,NA,NA
2007-04-03,1.1e+08,9.8259296,9.8259296,42.68360010162,5.6,5.88,0.09,20.7666666666667,NA,1.4
2007-04-04,1.1e+08,7.8154368,7.8154368,0,NA,NA,NA,NA,NA,NA
2007-04-05,1.1e+08,7.1075168,7.1075168,0,NA,NA,NA,NA,NA,NA
2007-04-06,1.1e+08,8.1552384,8.1552384,0,NA,NA,NA,NA,NA,NA
2007-04-07,1.1e+08,9.1463264,9.1463264,0,NA,NA,NA,NA,NA,NA
2007-04-08,1.1e+08,9.5993952,9.5993952,0,NA,NA,NA,NA,NA,NA
2007-04-09,1.1e+08,9.6843456,9.6843456,0,NA,NA,NA,NA,NA,NA
2007-04-10,1.1e+08,9.769296,9.769296,0.223999994806945,NA,NA,NA,NA,NA,NA
2007-04-11,1.1e+08,9.9958304,9.9958304,19.2842000462115,NA,NA,NA,NA,NA,NA
2007-04-12,1.1e+08,10.1090976,10.1090976,0.0362000000459375,NA,NA,NA,NA,NA,NA
2007-04-13,1.1e+08,10.6188,10.6188,0,NA,NA,NA,NA,NA,NA
2007-04-14,1.1e+08,11.2700864,11.2700864,0,NA,NA,NA,NA,NA,NA
2007-04-15,1.1e+08,11.2417696,11.2417696,0,NA,NA,NA,NA,NA,NA
2007-04-16,1.1e+08,11.1001856,11.1001856,0,NA,NA,NA,NA,4.709,NA
2007-04-17,1.1e+08,11.0718688,11.0718688,0,4.78,6.03,0.06,15.0333333333333,NA,2.1
2007-04-18,1.1e+08,11.0152352,11.0152352,0.312399996444583,NA,NA,NA,NA,NA,NA
2007-04-19,1.1e+08,11.2417696,11.2417696,0,NA,NA,NA,NA,NA,NA
2007-04-20,1.1e+08,10.0241472,10.0241472,0,NA,NA,NA,NA,NA,NA
2007-04-21,1.1e+08,9.0047424,9.0047424,0,NA,NA,NA,NA,NA,NA
2007-04-22,1.1e+08,8.8914752,8.8914752,0,NA,NA,NA,NA,NA,NA
2007-04-23,1.1e+08,8.6932576,8.6932576,17.18699971959,NA,NA,NA,NA,NA,NA
2007-04-24,1.1e+08,8.6932576,8.6932576,5.59159994125365,NA,NA,NA,NA,NA,NA
2007-04-25,1.1e+08,8.5233568,8.5233568,14.7487999014556,NA,NA,NA,NA,NA,NA
2007-04-26,1.1e+08,8.4100896,8.4100896,19.0829996317625,NA,NA,NA,NA,NA,NA
2007-04-27,1.1e+08,8.211872,8.211872,0,NA,NA,NA,NA,NA,NA
2007-04-28,1.1e+08,8.4384064,8.4384064,0,NA,NA,NA,NA,NA,NA
2007-04-29,1.1e+08,8.4100896,8.4100896,0.0443999996641651,NA,NA,NA,NA,NA,NA
2007-04-30,1.1e+08,8.3817728,8.3817728,1.54000001109671,NA,NA,NA,NA,NA,NA
2007-05-01,1.1e+08,7.8720704,7.8720704,1.10140001983382,NA,NA,NA,NA,NA,NA
2007-05-02,1.1e+08,7.5889024,7.5889024,0,9.36,11.46,0.05,0.933333333333333,NA,5.2
2007-05-03,1.1e+08,7.5322688,7.5322688,0,NA,NA,NA,NA,NA,NA
2007-05-04,1.1e+08,7.5605856,7.5605856,0.141199999226956,NA,NA,NA,NA,NA,NA
2007-05-05,1.1e+08,7.5322688,7.5322688,1.49040007428266,NA,NA,NA,NA,NA,NA
2007-05-06,1.1e+08,7.5605856,7.5605856,0,NA,NA,NA,NA,NA,NA
2007-05-07,1.1e+08,7.5605856,7.5605856,0,NA,NA,NA,NA,NA,NA
2007-05-08,1.1e+08,7.5605856,7.5605856,0,NA,NA,NA,NA,NA,NA
2007-05-09,1.1e+08,7.4756352,7.4756352,0.0271999997203238,NA,NA,NA,NA,NA,NA
2007-05-10,1.1e+08,7.4756352,7.4756352,0,NA,NA,NA,NA,NA,NA
2007-05-11,1.1e+08,7.5605856,7.5605856,0,NA,NA,NA,NA,NA,NA
2007-05-12,1.1e+08,7.5605856,7.5605856,0,NA,NA,NA,NA,NA,NA
2007-05-13,1.1e+08,7.5605856,7.5605856,10.2200999874622,NA,NA,NA,NA,NA,NA
2007-05-14,1.1e+08,7.4756352,7.4756352,0.0447999995376449,NA,NA,NA,NA,5.05,NA
2007-05-15,1.1e+08,7.6738528,7.6738528,12.4542000435758,NA,NA,NA,NA,NA,NA
2007-05-16,1.1e+08,7.3057344,7.3057344,2.62960005924105,NA,NA,NA,NA,NA,NA
2007-05-17,1.1e+08,7.2491008,7.2491008,0,NA,NA,NA,NA,NA,NA
2007-05-18,1.1e+08,7.3340512,7.3340512,0,NA,NA,NA,NA,NA,NA
2007-05-19,1.1e+08,7.3906848,7.3906848,0.0924000001687089,NA,NA,NA,NA,NA,NA
2007-05-20,1.1e+08,7.1641504,7.1641504,0.00980000011622904,NA,NA,NA,NA,NA,NA
2007-05-21,1.1e+08,6.796032,6.796032,0,10.67,15.71,0.13,2.26666666666667,NA,5.5
2007-05-22,1.1e+08,6.1730624,6.1730624,0,NA,NA,NA,NA,NA,NA
2007-05-23,1.1e+08,6.1730624,6.1730624,0,NA,NA,NA,NA,NA,NA
2007-05-24,1.1e+08,5.946528,5.946528,8.85559974744685,NA,NA,NA,NA,NA,NA
2007-05-25,1.1e+08,5.3235584,5.3235584,1.90559998992831,NA,NA,NA,NA,NA,NA
2007-05-26,1.1e+08,5.238608,5.238608,2.52839989773929,NA,NA,NA,NA,NA,NA
2007-05-27,1.1e+08,5.238608,5.238608,0,NA,NA,NA,NA,NA,NA
2007-05-28,1.1e+08,5.0403904,5.0403904,0,NA,NA,NA,NA,NA,NA
2007-05-29,1.1e+08,4.4174208,4.4174208,0.213599993381649,11.26,16.31,0.06,4.23333333333333,NA,3.9
2007-05-30,1.1e+08,3.822768,3.822768,0.0868000015616417,NA,NA,NA,NA,NA,NA
2007-05-31,1.1e+08,2.5768288,2.5768288,0.4796000123024,NA,NA,NA,NA,NA,NA
2007-06-01,1.1e+08,3.256432,3.256432,5.44479978084565,NA,NA,NA,NA,NA,NA
2007-06-02,1.1e+08,3.5112832,3.5112832,12.4564002696425,NA,NA,NA,NA,NA,NA
2007-06-03,1.1e+08,3.9926688,3.9926688,5.00919995270669,NA,NA,NA,NA,NA,NA
2007-06-04,1.1e+08,2.9449472,2.9449472,31.1250005986076,NA,NA,NA,NA,NA,NA
2007-06-05,1.1e+08,3.2847488,3.2847488,4.62659995234572,NA,NA,NA,NA,NA,NA
2007-06-06,1.1e+08,1.982176,1.982176,2.3879999978817,NA,NA,NA,NA,NA,NA
2007-06-07,1.1e+08,2.7467296,2.7467296,0.0480000004172326,NA,NA,NA,NA,NA,NA
2007-06-08,1.1e+08,3.0015808,3.0015808,0.143999998923391,NA,NA,NA,NA,NA,NA
2007-06-09,1.1e+08,2.0104928,2.0104928,0,NA,NA,NA,NA,NA,NA
2007-06-10,1.1e+08,1.6140576,1.6140576,0,NA,NA,NA,NA,NA,NA
2007-06-11,1.1e+08,1.557424,1.557424,0,11.97,18.52,0.19,2.72,5.15,3.1
2007-06-12,1.1e+08,1.3875232,1.3875232,0,NA,NA,NA,NA,NA,NA
2007-06-13,1.1e+08,1.274256,1.274256,0,NA,NA,NA,NA,NA,NA
2007-06-14,1.1e+08,1.3025728,1.3025728,0,NA,NA,NA,NA,NA,NA
2007-06-15,1.1e+08,1.5291072,1.5291072,0,NA,NA,NA,NA,NA,NA
2007-06-16,1.1e+08,1.6423744,1.6423744,0.946399986743925,NA,NA,NA,NA,NA,NA
2007-06-17,1.1e+08,1.6423744,1.6423744,0.224399998784065,NA,NA,NA,NA,NA,NA
2007-06-18,1.1e+08,1.4441568,1.4441568,3.28120005733217,NA,NA,NA,NA,NA,NA
2007-06-19,1.1e+08,1.1893056,1.1893056,5.01399992778897,NA,NA,NA,NA,NA,NA
2007-06-20,1.1e+08,0.991088,0.991088,0,NA,NA,NA,NA,NA,NA
2007-06-21,1.1e+08,1.4724736,1.4724736,7.69039975758642,NA,NA,NA,NA,NA,NA
2007-06-22,1.1e+08,1.1609888,1.1609888,13.3856001803652,NA,NA,NA,NA,NA,NA
2007-06-23,1.1e+08,0.991088,0.991088,0,NA,NA,NA,NA,NA,NA
2007-06-24,1.1e+08,1.5291072,1.5291072,0,NA,NA,NA,NA,NA,NA
2007-06-25,1.1e+08,0.991088,0.991088,0,13.04,20.82,0.03,3.86666666666667,NA,2.3
2007-06-26,1.1e+08,0.6796032,0.6796032,0,NA,NA,NA,NA,NA,NA
2007-06-27,1.1e+08,1.0760384,1.0760384,0,NA,NA,NA,NA,NA,NA
2007-06-28,1.1e+08,0.9344544,0.9344544,0,NA,NA,NA,NA,NA,NA
2007-06-29,1.1e+08,0.70792,0.70792,0,NA,NA,NA,NA,NA,NA
2007-06-30,1.1e+08,0.9627712,0.9627712,0,NA,NA,NA,NA,NA,NA
2007-07-01,1.1e+08,0.991088,0.991088,0,NA,NA,NA,NA,NA,NA
2007-07-02,1.1e+08,0.849504,0.849504,0,NA,NA,NA,NA,NA,NA
2007-07-03,1.1e+08,1.1043552,1.1043552,1.126399988716,NA,NA,NA,NA,NA,NA
2007-07-04,1.1e+08,0.9061376,0.9061376,19.389599838294,NA,NA,NA,NA,NA,NA
2007-07-05,1.1e+08,0.8778208,0.8778208,0.0935999974608421,NA,NA,NA,NA,NA,NA
2007-07-06,1.1e+08,1.0477216,1.0477216,0,NA,NA,NA,NA,NA,NA
2007-07-07,1.1e+08,1.0760384,1.0760384,0,NA,NA,NA,NA,NA,NA
2007-07-08,1.1e+08,1.0477216,1.0477216,0,NA,NA,NA,NA,NA,NA
2007-07-09,1.1e+08,0.7645536,0.7645536,2.16599994897842,13.28,23.23,0.27,7.55,5.215,1.5
2007-07-10,1.1e+08,0.7362368,0.7362368,0.352799995336681,NA,NA,NA,NA,NA,NA
2007-07-11,1.1e+08,0.70792,0.70792,1.07519996166229,NA,NA,NA,NA,NA,NA
2007-07-12,1.1e+08,0.6512864,0.6512864,0,NA,NA,NA,NA,NA,NA
2007-07-13,1.1e+08,0.7362368,0.7362368,0,NA,NA,NA,NA,NA,NA
2007-07-14,1.1e+08,0.7928704,0.7928704,0.2895999988541,NA,NA,NA,NA,NA,NA
2007-07-15,1.1e+08,0.70792,0.70792,0,NA,NA,NA,NA,NA,NA
2007-07-16,1.1e+08,0.6796032,0.6796032,0.00500000023748726,NA,NA,NA,NA,NA,NA
2007-07-17,1.1e+08,0.6512864,0.6512864,0.0396000002510846,NA,NA,NA,NA,NA,NA
2007-07-18,1.1e+08,0.7645536,0.7645536,0.141600001603365,NA,NA,NA,NA,NA,NA
2007-07-19,1.1e+08,0.9061376,0.9061376,0.594800003338605,NA,NA,NA,NA,NA,NA
2007-07-20,1.1e+08,1.274256,1.274256,0,NA,NA,NA,NA,NA,NA
2007-07-21,1.1e+08,1.4724736,1.4724736,0,NA,NA,NA,NA,NA,NA
2007-07-22,1.1e+08,1.1043552,1.1043552,0,NA,NA,NA,NA,NA,NA
2007-07-23,1.1e+08,1.274256,1.274256,0,13.35,21.37,0.03,6.26666666666667,NA,1.5
2007-07-24,1.1e+08,0.8211872,0.8211872,0,NA,NA,NA,NA,NA,NA
2007-07-25,1.1e+08,0.7928704,0.7928704,0,NA,NA,NA,NA,NA,NA
2007-07-26,1.1e+08,0.70792,0.70792,2.2396000395529,NA,NA,NA,NA,NA,NA
2007-07-27,1.1e+08,0.9061376,0.9061376,26.6427992768585,NA,NA,NA,NA,NA,NA
2007-07-28,1.1e+08,1.0194048,1.0194048,0,NA,NA,NA,NA,NA,NA
2007-07-29,1.1e+08,0.9627712,0.9627712,0,NA,NA,NA,NA,NA,NA
2007-07-30,1.1e+08,0.70792,0.70792,0,NA,NA,NA,NA,NA,NA
2007-07-31,1.1e+08,0.6796032,0.6796032,0,NA,NA,NA,NA,NA,NA
2007-08-01,1.1e+08,0.6512864,0.6512864,0,NA,NA,NA,NA,NA,NA
2007-08-02,1.1e+08,0.5380192,0.5380192,0,NA,NA,NA,NA,NA,NA
2007-08-03,1.1e+08,0.6512864,0.6512864,0,NA,NA,NA,NA,NA,NA
2007-08-04,1.1e+08,0.70792,0.70792,9.51500025391577,NA,NA,NA,NA,NA,NA
2007-08-05,1.1e+08,0.70792,0.70792,27.4524001553654,NA,NA,NA,NA,NA,NA
2007-08-06,1.1e+08,0.3964352,0.3964352,0.00800000037997963,NA,NA,NA,NA,5.197,NA
2007-08-07,1.1e+08,0.4813856,0.4813856,29.6404005796649,13.74,23.47,0.33,4.3,NA,1.5
2007-08-08,1.1e+08,0.3964352,0.3964352,0.00320000000647269,NA,NA,NA,NA,NA,NA
2007-08-09,1.1e+08,0.6229696,0.6229696,13.4115999266505,NA,NA,NA,NA,NA,NA
2007-08-10,1.1e+08,0.424752,0.424752,0.0839999988675117,NA,NA,NA,NA,NA,NA
2007-08-11,1.1e+08,0.5097024,0.5097024,0.39470000192523,NA,NA,NA,NA,NA,NA
2007-08-12,1.1e+08,0.566336,0.566336,6.77759998664259,NA,NA,NA,NA,NA,NA
2007-08-13,1.1e+08,0.4530688,0.4530688,0,NA,NA,NA,NA,NA,NA
2007-08-14,1.1e+08,0.6229696,0.6229696,29.7059995746239,NA,NA,NA,NA,NA,NA
2007-08-15,1.1e+08,0.566336,0.566336,11.2412999868393,NA,NA,NA,NA,NA,NA
2007-08-16,1.1e+08,1.132672,1.132672,0,NA,NA,NA,NA,NA,NA
2007-08-17,1.1e+08,1.7839584,1.7839584,0,NA,NA,NA,NA,NA,NA
2007-08-18,1.1e+08,2.5201952,2.5201952,4.78740003495477,NA,NA,NA,NA,NA,NA
2007-08-19,1.1e+08,3.0298976,3.0298976,58.811600445275,NA,NA,NA,NA,NA,NA
2007-08-20,1.1e+08,4.4174208,4.4174208,18.1039999276399,14.19,22.31,0.02,8,NA,2
2007-08-21,1.1e+08,7.3340512,7.3340512,0.038399999961257,NA,NA,NA,NA,NA,NA
2007-08-22,1.1e+08,6.512864,6.512864,22.180000229273,NA,NA,NA,NA,NA,NA
2007-08-23,1.1e+08,6.796032,6.796032,30.3424002826214,NA,NA,NA,NA,NA,NA
2007-08-24,1.1e+08,8.6083072,8.6083072,17.2271997451317,NA,NA,NA,NA,NA,NA
2007-08-25,1.1e+08,8.1269216,8.1269216,5.34240002930163,NA,NA,NA,NA,NA,NA
2007-08-26,1.1e+08,6.229696,6.229696,0,NA,NA,NA,NA,NA,NA
2007-08-27,1.1e+08,6.512864,6.512864,18.7860003188253,NA,NA,NA,NA,NA,NA
2007-08-28,1.1e+08,7.9003872,7.9003872,0,NA,NA,NA,NA,NA,NA
2007-08-29,1.1e+08,7.8154368,7.8154368,0.53760000350303,NA,NA,NA,NA,NA,NA
2007-08-30,1.1e+08,7.8154368,7.8154368,0.131999998353422,NA,NA,NA,NA,NA,NA
2007-08-31,1.1e+08,8.1269216,8.1269216,0,NA,NA,NA,NA,NA,NA
2007-09-01,1.1e+08,8.3817728,8.3817728,0,NA,NA,NA,NA,NA,NA
2007-09-02,1.1e+08,8.2685056,8.2685056,0,NA,NA,NA,NA,NA,NA
2007-09-03,1.1e+08,8.2685056,8.2685056,0,NA,NA,NA,NA,NA,NA
2007-09-04,1.1e+08,8.211872,8.211872,0,14.43,23.32,0.32,3.99,5.108,1.9
2007-09-05,1.1e+08,8.2401888,8.2401888,0,NA,NA,NA,NA,NA,NA
2007-09-06,1.1e+08,8.1269216,8.1269216,0.909600019454956,NA,NA,NA,NA,NA,NA
2007-09-07,1.1e+08,8.2968224,8.2968224,8.5668000158621,NA,NA,NA,NA,NA,NA
2007-09-08,1.1e+08,8.1552384,8.1552384,0.0328000001609325,NA,NA,NA,NA,NA,NA
2007-09-09,1.1e+08,8.1552384,8.1552384,0,NA,NA,NA,NA,NA,NA
2007-09-10,1.1e+08,8.2685056,8.2685056,24.346399858594,NA,NA,NA,NA,NA,NA
2007-09-11,1.1e+08,8.1835552,8.1835552,0.00240000011399388,NA,NA,NA,NA,NA,NA
2007-09-12,1.1e+08,7.9570208,7.9570208,0,NA,NA,NA,NA,NA,NA
2007-09-13,1.1e+08,7.9570208,7.9570208,0,NA,NA,NA,NA,NA,NA
2007-09-14,1.1e+08,7.9570208,7.9570208,0.229599997401237,NA,NA,NA,NA,NA,NA
2007-09-15,1.1e+08,7.9853376,7.9853376,0,NA,NA,NA,NA,NA,NA
2007-09-16,1.1e+08,7.928704,7.928704,0,NA,NA,NA,NA,NA,NA
2007-09-17,1.1e+08,8.8914752,8.8914752,0,NA,NA,NA,NA,NA,NA
2007-09-18,1.1e+08,7.6738528,7.6738528,0,NA,NA,NA,NA,NA,NA
2007-09-19,1.1e+08,7.645536,7.645536,0,NA,NA,NA,NA,NA,NA
2007-09-20,1.1e+08,7.5605856,7.5605856,0,NA,NA,NA,NA,NA,NA
2007-09-21,1.1e+08,7.928704,7.928704,0,NA,NA,NA,NA,NA,NA
2007-09-22,1.1e+08,8.5516736,8.5516736,17.0466004409828,NA,NA,NA,NA,NA,NA
2007-09-23,1.1e+08,8.4100896,8.4100896,0,NA,NA,NA,NA,NA,NA
2007-09-24,1.1e+08,8.3251392,8.3251392,0,NA,NA,NA,NA,NA,NA
2007-09-25,1.1e+08,8.49504,8.49504,7.88460009836126,NA,NA,NA,NA,NA,NA
2007-09-26,1.1e+08,8.4667232,8.4667232,0.37399999750778,NA,NA,NA,NA,NA,NA
2007-09-27,1.1e+08,8.4667232,8.4667232,0.0319999994244426,NA,NA,NA,NA,NA,NA
2007-09-28,1.1e+08,7.6172192,7.6172192,0.108199998619966,NA,NA,NA,NA,NA,NA
2007-09-29,1.1e+08,4.5023712,4.5023712,0,NA,NA,NA,NA,NA,NA
2007-09-30,1.1e+08,3.2281152,3.2281152,0,NA,NA,NA,NA,NA,NA
2007-10-01,1.1e+08,3.5679168,3.5679168,21.3272003507591,NA,NA,NA,NA,5.41,NA
2007-10-02,1.1e+08,2.7750464,2.7750464,9.6032010689378,NA,NA,NA,NA,NA,NA
2007-10-03,1.1e+08,2.9449472,2.9449472,6.21040011942387,NA,NA,NA,NA,NA,NA
2007-10-04,1.1e+08,3.0015808,3.0015808,0,14.38,18.92,0.29,12.5,NA,1.1
2007-10-05,1.1e+08,3.0015808,3.0015808,0,NA,NA,NA,NA,NA,NA
2007-10-06,1.1e+08,3.1431648,3.1431648,0,NA,NA,NA,NA,NA,NA
2007-10-07,1.1e+08,3.1714816,3.1714816,0,NA,NA,NA,NA,NA,NA
2007-10-08,1.1e+08,3.3130656,3.3130656,1.60640000551939,NA,NA,NA,NA,NA,NA
2007-10-09,1.1e+08,4.6156384,4.6156384,0.304800009354949,NA,NA,NA,NA,NA,NA
2007-10-10,1.1e+08,5.3518752,5.3518752,0,NA,NA,NA,NA,NA,NA
2007-10-11,1.1e+08,5.3235584,5.3235584,0,NA,NA,NA,NA,NA,NA
2007-10-12,1.1e+08,5.4651424,5.4651424,0.098800003528595,NA,NA,NA,NA,NA,NA
2007-10-13,1.1e+08,5.521776,5.521776,0,NA,NA,NA,NA,NA,NA
2007-10-14,1.1e+08,5.6067264,5.6067264,6.02959989476949,NA,NA,NA,NA,NA,NA
2007-10-15,1.1e+08,5.7199936,5.7199936,0.175200000405312,NA,NA,NA,NA,NA,NA
2007-10-16,1.1e+08,5.8615776,5.8615776,13.0619999608025,NA,NA,NA,NA,NA,NA
2007-10-17,1.1e+08,5.9182112,5.9182112,0.603200003504753,NA,NA,NA,NA,NA,NA
2007-10-18,1.1e+08,5.8615776,5.8615776,28.4491998031736,NA,NA,NA,NA,NA,NA
2007-10-19,1.1e+08,5.9182112,5.9182112,0.474400013685226,NA,NA,NA,NA,NA,NA
2007-10-20,1.1e+08,6.0031616,6.0031616,0.0776000022888183,NA,NA,NA,NA,NA,NA
2007-10-21,1.1e+08,6.0597952,6.0597952,0,NA,NA,NA,NA,NA,NA
2007-10-22,1.1e+08,6.2013792,6.2013792,0.636799991130829,NA,NA,NA,NA,NA,NA
2007-10-23,1.1e+08,6.2580128,6.2580128,0.191600005142391,NA,NA,NA,NA,NA,NA
2007-10-24,1.1e+08,6.2580128,6.2580128,0,NA,NA,NA,NA,NA,NA
2007-10-25,1.1e+08,6.2863296,6.2863296,0,NA,NA,NA,NA,NA,NA
2007-10-26,1.1e+08,6.3146464,6.3146464,0.772799968719481,NA,NA,NA,NA,NA,NA
2007-10-27,1.1e+08,6.3429632,6.3429632,0,NA,NA,NA,NA,NA,NA
2007-10-28,1.1e+08,6.37128,6.37128,0,NA,NA,NA,NA,NA,NA
2007-10-29,1.1e+08,6.4279136,6.4279136,0,14.05,14.25,0.11,5.66666666666667,5.058,1.3
2007-10-30,1.1e+08,6.3995968,6.3995968,0,NA,NA,NA,NA,NA,NA
2007-10-31,1.1e+08,6.4562304,6.4562304,0,NA,NA,NA,NA,NA,NA
2007-11-01,1.1e+08,6.3429632,6.3429632,0,NA,NA,NA,NA,NA,NA
2007-11-02,1.1e+08,6.3995968,6.3995968,0,NA,NA,NA,NA,NA,NA
2007-11-03,1.1e+08,6.37128,6.37128,0,NA,NA,NA,NA,NA,NA
2007-11-04,1.1e+08,6.3995968,6.3995968,0,NA,NA,NA,NA,NA,NA
2007-11-05,1.1e+08,6.3995968,6.3995968,0,NA,NA,NA,NA,NA,NA
2007-11-06,1.1e+08,6.2580128,6.2580128,0,NA,NA,NA,NA,NA,NA
2007-11-07,1.1e+08,6.2863296,6.2863296,0,NA,NA,NA,NA,NA,NA
2007-11-08,1.1e+08,6.2863296,6.2863296,0,NA,NA,NA,NA,NA,NA
2007-11-09,1.1e+08,6.2580128,6.2580128,0,NA,NA,NA,NA,NA,NA
2007-11-10,1.1e+08,6.3429632,6.3429632,0,NA,NA,NA,NA,NA,NA
2007-11-11,1.1e+08,6.3429632,6.3429632,0,NA,NA,NA,NA,NA,NA
2007-11-12,1.1e+08,6.2863296,6.2863296,0,NA,NA,NA,NA,NA,NA
2007-11-13,1.1e+08,6.3429632,6.3429632,0,NA,NA,NA,NA,NA,NA
2007-11-14,1.1e+08,6.2863296,6.2863296,0,NA,NA,NA,NA,NA,NA
2007-11-15,1.1e+08,6.0597952,6.0597952,0.249599993228912,NA,NA,NA,NA,NA,NA
2007-11-16,1.1e+08,6.088112,6.088112,0,NA,NA,NA,NA,NA,NA
2007-11-17,1.1e+08,6.0031616,6.0031616,0,NA,NA,NA,NA,NA,NA
2007-11-18,1.1e+08,6.0031616,6.0031616,0,NA,NA,NA,NA,NA,NA
2007-11-19,1.1e+08,5.9748448,5.9748448,0,NA,NA,NA,NA,NA,NA
2007-11-20,1.1e+08,6.2580128,6.2580128,0,NA,NA,NA,NA,NA,NA
2007-11-21,1.1e+08,6.0597952,6.0597952,0.23920000391081,NA,NA,NA,NA,NA,NA
2007-11-22,1.1e+08,6.0597952,6.0597952,1.42000000923872,NA,NA,NA,NA,NA,NA
2007-11-23,1.1e+08,6.1164288,6.1164288,0.0104000000283122,NA,NA,NA,NA,NA,NA
2007-11-24,1.1e+08,6.088112,6.088112,4.59679985046388,NA,NA,NA,NA,NA,NA
2007-11-25,1.1e+08,6.088112,6.088112,2.15420007705688,NA,NA,NA,NA,NA,NA
2007-11-26,1.1e+08,6.6261312,6.6261312,0,6.3,6.3,0.16,2.63333333333333,5.088,1.5
2007-11-27,1.1e+08,7.5322688,7.5322688,0,NA,NA,NA,NA,NA,NA
2007-11-28,1.1e+08,7.6172192,7.6172192,0,NA,NA,NA,NA,NA,NA
2007-11-29,1.1e+08,7.3340512,7.3340512,0,NA,NA,NA,NA,NA,NA
2007-11-30,1.1e+08,7.1358336,7.1358336,0,NA,NA,NA,NA,NA,NA
2007-12-01,1.1e+08,7.1358336,7.1358336,0,NA,NA,NA,NA,NA,NA
2007-12-02,1.1e+08,7.2774176,7.2774176,0,NA,NA,NA,NA,NA,NA
2007-12-03,1.1e+08,7.1358336,7.1358336,0,NA,NA,NA,NA,NA,NA
2007-12-04,1.1e+08,7.0792,7.0792,0.068400003015995,NA,NA,NA,NA,NA,NA
2007-12-05,1.1e+08,6.9942496,6.9942496,38.8016014099121,NA,NA,NA,NA,NA,NA
2007-12-06,1.1e+08,7.0792,7.0792,0.839800000190733,NA,NA,NA,NA,NA,NA
2007-12-07,1.1e+08,7.0225664,7.0225664,3.40700000524522,NA,NA,NA,NA,NA,NA
2007-12-08,1.1e+08,6.8526656,6.8526656,8.09399996831781,NA,NA,NA,NA,NA,NA
2007-12-09,1.1e+08,6.9942496,6.9942496,3.48460002429783,NA,NA,NA,NA,NA,NA
2007-12-10,1.1e+08,6.9659328,6.9659328,0,NA,NA,NA,NA,NA,NA
2007-12-11,1.1e+08,6.9659328,6.9659328,3.64719993993641,NA,NA,NA,NA,NA,NA
2007-12-12,1.1e+08,6.8809824,6.8809824,2.06359992921352,NA,NA,NA,NA,NA,NA
2007-12-13,1.1e+08,6.9092992,6.9092992,0.0592000000178813,NA,NA,NA,NA,NA,NA
2007-12-14,1.1e+08,6.8243488,6.8243488,0,NA,NA,NA,NA,NA,NA
2007-12-15,1.1e+08,6.9092992,6.9092992,11.2688005869277,NA,NA,NA,NA,NA,NA
2007-12-16,1.1e+08,6.796032,6.796032,2.83759999275208,NA,NA,NA,NA,NA,NA
2007-12-17,1.1e+08,6.8809824,6.8809824,0,NA,NA,NA,NA,NA,NA
2007-12-18,1.1e+08,6.8526656,6.8526656,0.0679999999701977,NA,NA,NA,NA,NA,NA
2007-12-19,1.1e+08,6.796032,6.796032,0,NA,NA,NA,NA,NA,NA
2007-12-20,1.1e+08,6.8243488,6.8243488,3.53799989819526,NA,NA,NA,NA,NA,NA
2007-12-21,1.1e+08,5.4085088,5.4085088,0,NA,NA,NA,NA,NA,NA
2007-12-22,1.1e+08,4.7005888,4.7005888,0,NA,NA,NA,NA,NA,NA
2007-12-23,1.1e+08,4.7855392,4.7855392,0,NA,NA,NA,NA,NA,NA
2007-12-24,1.1e+08,4.530688,4.530688,0.195999994874001,NA,NA,NA,NA,NA,NA
2007-12-25,1.1e+08,4.5590048,4.5590048,0.130400002002716,NA,NA,NA,NA,NA,NA
2007-12-26,1.1e+08,4.5590048,4.5590048,0,NA,NA,NA,NA,NA,NA
2007-12-27,1.1e+08,4.4174208,4.4174208,19.9980002529919,NA,NA,NA,NA,NA,NA
2007-12-28,1.1e+08,4.4740544,4.4740544,0,NA,NA,NA,NA,NA,NA
2007-12-29,1.1e+08,4.530688,4.530688,0,NA,NA,NA,NA,NA,NA
2007-12-30,1.1e+08,4.4457376,4.4457376,0,NA,NA,NA,NA,NA,NA
2007-12-31,1.1e+08,4.4740544,4.4740544,3.9915999174118,NA,NA,NA,NA,NA,NA
2008-01-01,1.1e+08,4.5873216,4.5873216,0.06700000166893,NA,NA,NA,NA,NA,NA
2008-01-02,1.1e+08,4.4457376,4.4457376,0,NA,NA,NA,NA,NA,NA
2008-01-03,1.1e+08,4.530688,4.530688,0,NA,NA,NA,NA,NA,NA
2008-01-04,1.1e+08,4.5590048,4.5590048,0,NA,NA,NA,NA,NA,NA
2008-01-05,1.1e+08,4.6156384,4.6156384,0.0696000036550685,NA,NA,NA,NA,NA,NA
2008-01-06,1.1e+08,4.7289056,4.7289056,0,NA,NA,NA,NA,NA,NA
2008-01-07,1.1e+08,4.95544,4.95544,17.2562005221844,NA,NA,NA,NA,NA,NA
2008-01-08,1.1e+08,4.7005888,4.7005888,7.83439985988662,NA,NA,NA,NA,NA,NA
2008-01-09,1.1e+08,4.6439552,4.6439552,1.75560000538826,NA,NA,NA,NA,NA,NA
2008-01-10,1.1e+08,4.672272,4.672272,3.82360003329814,NA,NA,NA,NA,NA,NA
2008-01-11,1.1e+08,4.6439552,4.6439552,1.34399998933077,NA,NA,NA,NA,NA,NA
2008-01-12,1.1e+08,4.672272,4.672272,2.31820000440348,NA,NA,NA,NA,NA,NA
2008-01-13,1.1e+08,4.672272,4.672272,1.63260003365576,NA,NA,NA,NA,NA,NA
2008-01-14,1.1e+08,4.672272,4.672272,0.237200006842613,NA,NA,NA,NA,NA,NA
2008-01-15,1.1e+08,4.7289056,4.7289056,0,NA,NA,NA,NA,NA,NA
2008-01-16,1.1e+08,4.7572224,4.7572224,0,NA,NA,NA,NA,NA,NA
2008-01-17,1.1e+08,4.7855392,4.7855392,4.54100000322796,NA,NA,NA,NA,NA,NA
2008-01-18,1.1e+08,4.7289056,4.7289056,0,NA,NA,NA,NA,NA,NA
2008-01-19,1.1e+08,4.672272,4.672272,0,NA,NA,NA,NA,NA,NA
2008-01-20,1.1e+08,4.672272,4.672272,0.188199996948242,NA,NA,NA,NA,NA,NA
2008-01-21,1.1e+08,4.813856,4.813856,1.44969998858869,NA,NA,NA,NA,NA,NA
2008-01-22,1.1e+08,4.7572224,4.7572224,7.26700006425382,NA,NA,NA,NA,NA,NA
2008-01-23,1.1e+08,4.7855392,4.7855392,0.546800017356875,NA,NA,NA,NA,NA,NA
2008-01-24,1.1e+08,4.672272,4.672272,0,NA,NA,NA,NA,NA,NA
2008-01-25,1.1e+08,4.7289056,4.7289056,1.25879998505116,NA,NA,NA,NA,NA,NA
2008-01-26,1.1e+08,4.7855392,4.7855392,1.81430000253022,NA,NA,NA,NA,NA,NA
2008-01-27,1.1e+08,4.6156384,4.6156384,0,NA,NA,NA,NA,NA,NA
2008-01-28,1.1e+08,4.813856,4.813856,0,NA,NA,NA,NA,NA,NA
2008-01-29,1.1e+08,4.813856,4.813856,3.22859993577004,NA,NA,NA,NA,NA,NA
2008-01-30,1.1e+08,4.7005888,4.7005888,0,NA,NA,NA,NA,NA,NA
2008-01-31,1.1e+08,4.7572224,4.7572224,0,NA,NA,NA,NA,NA,NA
2008-02-01,1.1e+08,4.7289056,4.7289056,3.15640005469323,NA,NA,NA,NA,NA,NA
2008-02-02,1.1e+08,4.7855392,4.7855392,3.08640004158952,NA,NA,NA,NA,NA,NA
2008-02-03,1.1e+08,4.7289056,4.7289056,0.504000008106233,NA,NA,NA,NA,NA,NA
2008-02-04,1.1e+08,4.813856,4.813856,6.47759985551238,NA,NA,NA,NA,NA,NA
2008-02-05,1.1e+08,4.7005888,4.7005888,5.37000001966954,NA,NA,NA,NA,NA,NA
2008-02-06,1.1e+08,4.7855392,4.7855392,23.0383998388425,NA,NA,NA,NA,NA,NA
2008-02-07,1.1e+08,4.6439552,4.6439552,0,NA,NA,NA,NA,NA,NA
2008-02-08,1.1e+08,4.7005888,4.7005888,0.373600007500499,NA,NA,NA,NA,NA,NA
2008-02-09,1.1e+08,4.6439552,4.6439552,1.46000003814697,NA,NA,NA,NA,NA,NA
2008-02-10,1.1e+08,4.24752,4.24752,0,NA,NA,NA,NA,NA,NA
2008-02-11,1.1e+08,4.4457376,4.4457376,0,NA,NA,NA,NA,NA,NA
2008-02-12,1.1e+08,4.7289056,4.7289056,3.13560002297162,NA,NA,NA,NA,NA,NA
2008-02-13,1.1e+08,4.7289056,4.7289056,0,NA,NA,NA,NA,5.11,NA
2008-02-14,1.1e+08,4.7855392,4.7855392,1.44319999217987,NA,NA,NA,NA,NA,NA
2008-02-15,1.1e+08,4.7005888,4.7005888,0.373000007122755,NA,NA,NA,NA,NA,NA
2008-02-16,1.1e+08,4.7289056,4.7289056,0,NA,NA,NA,NA,NA,NA
2008-02-17,1.1e+08,5.0687072,5.0687072,38.3308009207249,NA,NA,NA,NA,NA,NA
2008-02-18,1.1e+08,4.7855392,4.7855392,1.45880001038313,NA,NA,NA,1.86666666666667,NA,NA
2008-02-19,1.1e+08,4.7005888,4.7005888,0,NA,NA,NA,NA,NA,NA
2008-02-20,1.1e+08,4.7289056,4.7289056,0.0502000004053117,NA,NA,NA,NA,NA,NA
2008-02-21,1.1e+08,4.7855392,4.7855392,0,NA,NA,NA,NA,NA,NA
2008-02-22,1.1e+08,4.672272,4.672272,0,NA,NA,NA,NA,NA,NA
2008-02-23,1.1e+08,4.5023712,4.5023712,0,NA,NA,NA,NA,NA,NA
2008-02-24,1.1e+08,4.5590048,4.5590048,0,NA,NA,NA,NA,NA,NA
2008-02-25,1.1e+08,4.7572224,4.7572224,1.50879995524883,NA,NA,NA,NA,NA,NA
2008-02-26,1.1e+08,4.7289056,4.7289056,1.13459999859333,NA,NA,NA,NA,NA,NA
2008-02-27,1.1e+08,4.672272,4.672272,0,NA,NA,NA,NA,NA,NA
2008-02-28,1.1e+08,4.7572224,4.7572224,0,NA,NA,NA,NA,NA,NA
2008-02-29,1.1e+08,4.7855392,4.7855392,2.64850001037121,NA,NA,NA,NA,NA,NA
2008-03-01,1.1e+08,4.7572224,4.7572224,0,NA,NA,NA,NA,NA,NA
2008-03-02,1.1e+08,5.1253408,5.1253408,0,NA,NA,NA,NA,NA,NA
2008-03-03,1.1e+08,5.1536576,5.1536576,20.1943998932838,3.32,2.33,0.13,NA,NA,10
2008-03-04,1.1e+08,4.7855392,4.7855392,0,NA,NA,NA,NA,NA,NA
2008-03-05,1.1e+08,4.7289056,4.7289056,0.174400001764297,NA,NA,NA,NA,NA,NA
2008-03-06,1.1e+08,4.672272,4.672272,0.140000000596046,NA,NA,NA,NA,NA,NA
2008-03-07,1.1e+08,4.6439552,4.6439552,0,NA,NA,NA,NA,NA,NA
2008-03-08,1.1e+08,4.7289056,4.7289056,0,NA,NA,NA,NA,NA,NA
2008-03-09,1.1e+08,4.7289056,4.7289056,0.0347000006586314,NA,NA,NA,NA,NA,NA
2008-03-10,1.1e+08,4.672272,4.672272,0.0678000003099442,NA,NA,NA,NA,NA,NA
2008-03-11,1.1e+08,4.7855392,4.7855392,0,NA,NA,NA,NA,NA,NA
2008-03-12,1.1e+08,4.8421728,4.8421728,0,NA,NA,NA,NA,NA,NA
2008-03-13,1.1e+08,4.9271232,4.9271232,0,NA,NA,NA,NA,NA,NA
2008-03-14,1.1e+08,4.8421728,4.8421728,0.789199993712827,NA,NA,NA,NA,NA,NA
2008-03-15,1.1e+08,4.7855392,4.7855392,0,NA,NA,NA,NA,NA,NA
2008-03-16,1.1e+08,4.813856,4.813856,0,NA,NA,NA,NA,NA,NA
2008-03-17,1.1e+08,4.8704896,4.8704896,1.72200002148748,NA,NA,NA,NA,NA,NA
2008-03-18,1.1e+08,4.813856,4.813856,1.57560002058745,NA,NA,NA,NA,NA,NA
2008-03-19,1.1e+08,4.813856,4.813856,0,NA,NA,NA,NA,NA,NA
2008-03-20,1.1e+08,5.0403904,5.0403904,0,NA,NA,NA,NA,NA,NA
2008-03-21,1.1e+08,5.7199936,5.7199936,18.557100113816,NA,NA,NA,NA,NA,NA
2008-03-22,1.1e+08,5.9182112,5.9182112,1.98100005183369,NA,NA,NA,NA,NA,NA
2008-03-23,1.1e+08,5.946528,5.946528,0.00419999985024333,NA,NA,NA,NA,NA,NA
2008-03-24,1.1e+08,5.9182112,5.9182112,0.407600000500679,NA,NA,NA,NA,NA,NA
2008-03-25,1.1e+08,5.9748448,5.9748448,0,NA,NA,NA,NA,NA,NA
2008-03-26,1.1e+08,5.8898944,5.8898944,0,NA,NA,NA,NA,NA,NA
2008-03-27,1.1e+08,6.6261312,6.6261312,2.39369999640621,NA,NA,NA,NA,NA,NA
2008-03-28,1.1e+08,6.796032,6.796032,0.142599996514036,NA,NA,NA,NA,NA,NA
2008-03-29,1.1e+08,6.7677152,6.7677152,0,NA,NA,NA,NA,NA,NA
2008-03-30,1.1e+08,6.7393984,6.7393984,0,NA,NA,NA,NA,NA,NA
2008-03-31,1.1e+08,7.1641504,7.1641504,17.8851998969913,NA,NA,NA,NA,NA,NA
2008-04-01,1.1e+08,7.6172192,7.6172192,3.54440002143383,NA,NA,NA,NA,NA,NA
2008-04-02,1.1e+08,8.2685056,8.2685056,0,NA,NA,NA,NA,NA,NA
2008-04-03,1.1e+08,8.3251392,8.3251392,2.36680004000664,NA,NA,NA,NA,NA,NA
2008-04-04,1.1e+08,8.0986048,8.0986048,4.72399993240833,NA,NA,NA,NA,NA,NA
2008-04-05,1.1e+08,7.7021696,7.7021696,0,NA,NA,NA,NA,NA,NA
2008-04-06,1.1e+08,8.1269216,8.1269216,0,NA,NA,NA,NA,NA,NA
2008-04-07,1.1e+08,7.928704,7.928704,3.30359999276698,NA,NA,NA,NA,NA,NA
2008-04-08,1.1e+08,8.5516736,8.5516736,16.8668001226324,NA,NA,NA,NA,NA,NA
2008-04-09,1.1e+08,8.211872,8.211872,10.490399941802,NA,NA,NA,NA,NA,NA
2008-04-10,1.1e+08,8.8914752,8.8914752,22.0318001806736,NA,NA,NA,NA,NA,NA
2008-04-11,1.1e+08,8.5516736,8.5516736,30.5574000859633,NA,NA,NA,NA,NA,NA
2008-04-12,1.1e+08,8.8914752,8.8914752,3.89559999108315,NA,NA,NA,NA,NA,NA
2008-04-13,1.1e+08,10.4205824,10.4205824,0,NA,NA,NA,NA,NA,NA
2008-04-14,1.1e+08,11.9213728,11.9213728,0,NA,NA,NA,NA,4.954,NA
2008-04-15,1.1e+08,12.3744416,12.3744416,0,NA,NA,NA,NA,NA,NA
2008-04-16,1.1e+08,12.2328576,12.2328576,0,NA,NA,NA,NA,NA,NA
2008-04-17,1.1e+08,10.0241472,10.0241472,0.0311999994883081,5.41,5.54,0.07,14.9333333333333,NA,2.1
2008-04-18,1.1e+08,8.49504,8.49504,17.4946000138298,NA,NA,NA,NA,NA,NA
2008-04-19,1.1e+08,8.5516736,8.5516736,5.39419994689523,NA,NA,NA,NA,NA,NA
2008-04-20,1.1e+08,10.9869184,10.9869184,0.0248000001156469,NA,NA,NA,NA,NA,NA
2008-04-21,1.1e+08,12.4027584,12.4027584,0,NA,NA,NA,NA,NA,NA
2008-04-22,1.1e+08,13.1956288,13.1956288,2.48560000211001,NA,NA,NA,NA,NA,NA
2008-04-23,1.1e+08,13.0823616,13.0823616,0.243200005032122,NA,NA,NA,NA,NA,NA
2008-04-24,1.1e+08,10.9302848,10.9302848,5.95999985933304,NA,NA,NA,NA,NA,NA
2008-04-25,1.1e+08,10.1374144,10.1374144,48.4083997532726,NA,NA,NA,NA,NA,NA
2008-04-26,1.1e+08,9.344544,9.344544,0.708799995481967,NA,NA,NA,NA,NA,NA
2008-04-27,1.1e+08,9.3728608,9.3728608,0,NA,NA,NA,NA,NA,NA
2008-04-28,1.1e+08,9.6843456,9.6843456,4.18560002930463,NA,NA,NA,NA,NA,NA
2008-04-29,1.1e+08,10.9869184,10.9869184,0,NA,NA,NA,NA,NA,NA
2008-04-30,1.1e+08,11.7231552,11.7231552,0,8,9.79,0.05,5.26666666666667,NA,4.5
2008-05-01,1.1e+08,11.7231552,11.7231552,0,NA,NA,NA,NA,NA,NA
2008-05-02,1.1e+08,11.7797888,11.7797888,13.3659998066723,NA,NA,NA,NA,NA,NA
2008-05-03,1.1e+08,11.5815712,11.5815712,0.199599997140467,NA,NA,NA,NA,NA,NA
2008-05-04,1.1e+08,12.4310752,12.4310752,0,NA,NA,NA,NA,NA,NA
2008-05-05,1.1e+08,12.7991936,12.7991936,0,NA,NA,NA,NA,NA,NA
2008-05-06,1.1e+08,12.8558272,12.8558272,0,NA,NA,NA,NA,NA,NA
2008-05-07,1.1e+08,12.884144,12.884144,9.52800000458956,NA,NA,NA,NA,NA,NA
2008-05-08,1.1e+08,12.8558272,12.8558272,0,NA,NA,NA,NA,NA,NA
2008-05-09,1.1e+08,12.7142432,12.7142432,0,NA,NA,NA,NA,NA,NA
2008-05-10,1.1e+08,12.7142432,12.7142432,0.110999997705221,NA,NA,NA,NA,NA,NA
2008-05-11,1.1e+08,12.6859264,12.6859264,10.7619999958551,NA,NA,NA,NA,NA,NA
2008-05-12,1.1e+08,12.5443424,12.5443424,0,NA,NA,NA,NA,NA,NA
2008-05-13,1.1e+08,12.459392,12.459392,0,NA,NA,NA,NA,NA,NA
2008-05-14,1.1e+08,12.4310752,12.4310752,0.667200028896333,11.82,12.01,0.06,1.7,NA,6.5
2008-05-15,1.1e+08,12.4027584,12.4027584,0,NA,NA,NA,NA,NA,NA
2008-05-16,1.1e+08,12.2328576,12.2328576,0,NA,NA,NA,NA,NA,NA
2008-05-17,1.1e+08,12.2045408,12.2045408,0.906499981880189,NA,NA,NA,NA,NA,NA
2008-05-18,1.1e+08,12.1195904,12.1195904,0.619100011186672,NA,NA,NA,NA,NA,NA
2008-05-19,1.1e+08,12.0629568,12.0629568,0.0423999987542629,NA,NA,NA,NA,NA,NA
2008-05-20,1.1e+08,11.9496896,11.9496896,0.335400014650076,NA,NA,NA,NA,NA,NA
2008-05-21,1.1e+08,11.9213728,11.9213728,0,NA,NA,NA,NA,NA,NA
2008-05-22,1.1e+08,11.9496896,11.9496896,0,NA,NA,NA,NA,NA,NA
2008-05-23,1.1e+08,9.4578112,9.4578112,0,NA,NA,NA,NA,NA,NA
2008-05-24,1.1e+08,6.8526656,6.8526656,0,NA,NA,NA,NA,NA,NA
2008-05-25,1.1e+08,7.0225664,7.0225664,0,NA,NA,NA,NA,NA,NA
2008-05-26,1.1e+08,6.8809824,6.8809824,12.782399951946,NA,NA,NA,NA,NA,NA
2008-05-27,1.1e+08,6.7677152,6.7677152,0,NA,NA,NA,NA,NA,NA
2008-05-28,1.1e+08,6.7110816,6.7110816,0,12,14.85,0.07,2.4,NA,6
2008-05-29,1.1e+08,6.7677152,6.7677152,2.43499998212792,NA,NA,NA,NA,NA,NA
2008-05-30,1.1e+08,7.362368,7.362368,26.5972001934424,NA,NA,NA,NA,NA,NA
2008-05-31,1.1e+08,6.8809824,6.8809824,0,NA,NA,NA,NA,NA,NA
2008-06-01,1.1e+08,6.9092992,6.9092992,0,NA,NA,NA,NA,NA,NA
2008-06-02,1.1e+08,6.7393984,6.7393984,0.180400007142452,NA,NA,NA,NA,NA,NA
2008-06-03,1.1e+08,6.7110816,6.7110816,3.01040010061115,NA,NA,NA,NA,NA,NA
2008-06-04,1.1e+08,6.7677152,6.7677152,0,NA,NA,NA,NA,NA,NA
2008-06-05,1.1e+08,7.3057344,7.3057344,41.5428000986577,NA,NA,NA,NA,NA,NA
2008-06-06,1.1e+08,7.928704,7.928704,3.38760002143681,NA,NA,NA,NA,NA,NA
2008-06-07,1.1e+08,9.4294944,9.4294944,8.55560002475976,NA,NA,NA,NA,NA,NA
2008-06-08,1.1e+08,11.1001856,11.1001856,49.208401071839,NA,NA,NA,NA,NA,NA
2008-06-09,1.1e+08,9.2312768,9.2312768,58.8312000999576,NA,NA,NA,NA,NA,NA
2008-06-10,1.1e+08,9.5144448,9.5144448,0,14.72,18.55,0.13,2.27,NA,3.8
2008-06-11,1.1e+08,12.7708768,12.7708768,0.085599998012185,NA,NA,NA,NA,NA,NA
2008-06-12,1.1e+08,16.8201792,16.8201792,10.3703997423872,NA,NA,NA,NA,NA,NA
2008-06-13,1.1e+08,16.3954272,16.3954272,39.6687994599343,NA,NA,NA,NA,NA,NA
2008-06-14,1.1e+08,17.0467136,17.0467136,5.66840004362166,NA,NA,NA,NA,NA,NA
2008-06-15,1.1e+08,17.8962176,17.8962176,1.07920000329614,NA,NA,NA,NA,NA,NA
2008-06-16,1.1e+08,17.839584,17.839584,0,NA,NA,NA,NA,NA,NA
2008-06-17,1.1e+08,17.698,17.698,0,NA,NA,NA,NA,NA,NA
2008-06-18,1.1e+08,17.6130496,17.6130496,0,NA,NA,NA,NA,NA,NA
2008-06-19,1.1e+08,17.3581984,17.3581984,0,NA,NA,NA,NA,NA,NA
2008-06-20,1.1e+08,17.1599808,17.1599808,0.0652000014088114,NA,NA,NA,NA,NA,NA
2008-06-21,1.1e+08,16.9334464,16.9334464,1.08280003257096,NA,NA,NA,NA,NA,NA
2008-06-22,1.1e+08,16.0839424,16.0839424,2.54079997300869,NA,NA,NA,NA,NA,NA
2008-06-23,1.1e+08,15.4892896,15.4892896,0.134799996390939,NA,NA,NA,NA,NA,NA
2008-06-24,1.1e+08,14.8380032,14.8380032,0,15.02,20.85,0.07,6.43333333333333,NA,2.2
2008-06-25,1.1e+08,12.7708768,12.7708768,0,NA,NA,NA,NA,NA,NA
2008-06-26,1.1e+08,12.7142432,12.7142432,0,NA,NA,NA,NA,NA,NA
2008-06-27,1.1e+08,11.5532544,11.5532544,1.57519995886832,NA,NA,NA,NA,NA,NA
2008-06-28,1.1e+08,10.2506816,10.2506816,3.78299994021654,NA,NA,NA,NA,NA,NA
2008-06-29,1.1e+08,10.3073152,10.3073152,0.334800004959106,NA,NA,NA,NA,NA,NA
2008-06-30,1.1e+08,10.194048,10.194048,0.0595999993383883,NA,NA,NA,NA,NA,NA
2008-07-01,1.1e+08,9.3162272,9.3162272,0,NA,NA,NA,NA,NA,NA
2008-07-02,1.1e+08,9.1180096,9.1180096,4.77999994147103,NA,NA,NA,NA,NA,NA
2008-07-03,1.1e+08,6.9942496,6.9942496,0,NA,NA,NA,NA,NA,NA
2008-07-04,1.1e+08,5.7483104,5.7483104,0,NA,NA,NA,NA,NA,NA
2008-07-05,1.1e+08,6.3429632,6.3429632,0,NA,NA,NA,NA,NA,NA
2008-07-06,1.1e+08,7.362368,7.362368,0,NA,NA,NA,NA,NA,NA
2008-07-07,1.1e+08,6.2013792,6.2013792,5.0631999684847,NA,NA,NA,NA,5.037,NA
2008-07-08,1.1e+08,6.1447456,6.1447456,28.3643995374441,15.51,21.19,0.22,6.49,NA,2
2008-07-09,1.1e+08,6.4279136,6.4279136,0.00240000011399388,NA,NA,NA,NA,NA,NA
2008-07-10,1.1e+08,6.5411808,6.5411808,7.76240021802367,NA,NA,NA,NA,NA,NA
2008-07-11,1.1e+08,7.5889024,7.5889024,51.7700007706881,NA,NA,NA,NA,NA,NA
2008-07-12,1.1e+08,7.9003872,7.9003872,10.7520000202931,NA,NA,NA,NA,NA,NA
2008-07-13,1.1e+08,8.8348416,8.8348416,0,NA,NA,NA,NA,NA,NA
2008-07-14,1.1e+08,9.8259296,9.8259296,0,NA,NA,NA,NA,NA,NA
2008-07-15,1.1e+08,11.1001856,11.1001856,0,NA,NA,NA,NA,NA,NA
2008-07-16,1.1e+08,12.2328576,12.2328576,0,NA,NA,NA,NA,NA,NA
2008-07-17,1.1e+08,13.0540448,13.0540448,0,NA,NA,NA,NA,NA,NA
2008-07-18,1.1e+08,14.8946368,14.8946368,0.0163999994692859,NA,NA,NA,NA,NA,NA
2008-07-19,1.1e+08,13.6770144,13.6770144,1.58799999952316,NA,NA,NA,NA,NA,NA
2008-07-20,1.1e+08,11.9780064,11.9780064,4.30519990925677,NA,NA,NA,NA,NA,NA
2008-07-21,1.1e+08,11.6382048,11.6382048,0.138999998569488,15.35,22.87,0.04,14.4666666666667,NA,1.7
2008-07-22,1.1e+08,11.185136,11.185136,0.00680000009015204,NA,NA,NA,NA,NA,NA
2008-07-23,1.1e+08,10.8736512,10.8736512,0,NA,NA,NA,NA,NA,NA
2008-07-24,1.1e+08,10.2789984,10.2789984,0,NA,NA,NA,NA,NA,NA
2008-07-25,1.1e+08,9.9958304,9.9958304,0,NA,NA,NA,NA,NA,NA
2008-07-26,1.1e+08,8.1269216,8.1269216,0.057599999679951,NA,NA,NA,NA,NA,NA
2008-07-27,1.1e+08,7.7021696,7.7021696,0,NA,NA,NA,NA,NA,NA
2008-07-28,1.1e+08,6.9659328,6.9659328,0,NA,NA,NA,NA,NA,NA
2008-07-29,1.1e+08,7.1075168,7.1075168,0,NA,NA,NA,NA,NA,NA
2008-07-30,1.1e+08,6.654448,6.654448,2.22079999791459,NA,NA,NA,NA,NA,NA
2008-07-31,1.1e+08,5.8615776,5.8615776,1.18840003013611,NA,NA,NA,NA,NA,NA
2008-08-01,1.1e+08,5.380192,5.380192,0,NA,NA,NA,NA,NA,NA
2008-08-02,1.1e+08,5.380192,5.380192,0,NA,NA,NA,NA,NA,NA
2008-08-03,1.1e+08,5.3235584,5.3235584,0,NA,NA,NA,NA,NA,NA
2008-08-04,1.1e+08,5.6067264,5.6067264,26.5810003103688,NA,NA,NA,NA,5.396,NA
2008-08-05,1.1e+08,5.3235584,5.3235584,0,15.9,23.89,0.27,8.49,NA,1.5
2008-08-06,1.1e+08,5.3235584,5.3235584,0,NA,NA,NA,NA,NA,NA
2008-08-07,1.1e+08,5.3235584,5.3235584,0.781599998474121,NA,NA,NA,NA,NA,NA
2008-08-08,1.1e+08,5.2669248,5.2669248,0,NA,NA,NA,NA,NA,NA
2008-08-09,1.1e+08,5.238608,5.238608,1.04279997199774,NA,NA,NA,NA,NA,NA
2008-08-10,1.1e+08,5.1536576,5.1536576,0,NA,NA,NA,NA,NA,NA
2008-08-11,1.1e+08,5.0403904,5.0403904,0,NA,NA,NA,NA,NA,NA
2008-08-12,1.1e+08,5.2102912,5.2102912,0,NA,NA,NA,NA,NA,NA
2008-08-13,1.1e+08,5.6350432,5.6350432,5.05480008712038,NA,NA,NA,NA,NA,NA
2008-08-14,1.1e+08,5.6350432,5.6350432,0.114000000059605,NA,NA,NA,NA,NA,NA
2008-08-15,1.1e+08,5.9748448,5.9748448,0.0372000001370906,NA,NA,NA,NA,NA,NA
2008-08-16,1.1e+08,6.796032,6.796032,0,NA,NA,NA,NA,NA,NA
2008-08-17,1.1e+08,6.654448,6.654448,0,NA,NA,NA,NA,NA,NA
2008-08-18,1.1e+08,6.4845472,6.4845472,0,15.69,22.17,0.03,9.36666666666667,NA,1.2
2008-08-19,1.1e+08,6.4562304,6.4562304,0.0160000007599592,NA,NA,NA,NA,NA,NA
2008-08-20,1.1e+08,6.4562304,6.4562304,0,NA,NA,NA,NA,NA,NA
2008-08-21,1.1e+08,6.4562304,6.4562304,0.496800012886524,NA,NA,NA,NA,NA,NA
2008-08-22,1.1e+08,6.4279136,6.4279136,0,NA,NA,NA,NA,NA,NA
2008-08-23,1.1e+08,6.4562304,6.4562304,0.704400008544326,NA,NA,NA,NA,NA,NA
2008-08-24,1.1e+08,6.4562304,6.4562304,0,NA,NA,NA,NA,NA,NA
2008-08-25,1.1e+08,6.9659328,6.9659328,0,NA,NA,NA,NA,NA,NA
2008-08-26,1.1e+08,7.503952,7.503952,0,NA,NA,NA,NA,NA,NA
2008-08-27,1.1e+08,8.1269216,8.1269216,0,NA,NA,NA,NA,NA,NA
2008-08-28,1.1e+08,8.070288,8.070288,3.70319996215403,NA,NA,NA,NA,NA,NA
2008-08-29,1.1e+08,8.0419712,8.0419712,0.0222000000067055,NA,NA,NA,NA,NA,NA
2008-08-30,1.1e+08,8.0419712,8.0419712,0,NA,NA,NA,NA,NA,NA
2008-08-31,1.1e+08,8.0136544,8.0136544,0,NA,NA,NA,NA,NA,NA
2008-09-01,1.1e+08,8.0136544,8.0136544,0,NA,NA,NA,NA,NA,NA
2008-09-02,1.1e+08,6.2013792,6.2013792,0,NA,NA,NA,NA,NA,NA
2008-09-03,1.1e+08,4.1908864,4.1908864,0.733200022950769,NA,NA,NA,NA,NA,NA
2008-09-04,1.1e+08,4.4174208,4.4174208,25.0150000825524,NA,NA,NA,NA,NA,NA
2008-09-05,1.1e+08,4.3324704,4.3324704,3.19480009377003,16.24,22.76,0.34,8.15555555555556,NA,1.4
2008-09-06,1.1e+08,4.4740544,4.4740544,0.0724000036716462,NA,NA,NA,NA,NA,NA
2008-09-07,1.1e+08,4.5023712,4.5023712,0.548799991607667,NA,NA,NA,NA,NA,NA
2008-09-08,1.1e+08,4.530688,4.530688,4.7783999349922,NA,NA,NA,NA,NA,NA
2008-09-09,1.1e+08,4.530688,4.530688,0.503599993884563,NA,NA,NA,NA,NA,NA
2008-09-10,1.1e+08,4.672272,4.672272,0,NA,NA,NA,NA,NA,NA
2008-09-11,1.1e+08,4.24752,4.24752,2.85239995224402,NA,NA,NA,NA,NA,NA
2008-09-12,1.1e+08,3.7095008,3.7095008,0.282400004565716,NA,NA,NA,NA,NA,NA
2008-09-13,1.1e+08,4.0493024,4.0493024,28.6522009912878,NA,NA,NA,NA,NA,NA
2008-09-14,1.1e+08,3.7378176,3.7378176,7.57080003153533,NA,NA,NA,NA,NA,NA
2008-09-15,1.1e+08,3.7661344,3.7661344,1.53679996728897,NA,NA,NA,NA,NA,NA
2008-09-16,1.1e+08,3.822768,3.822768,0,NA,NA,NA,NA,NA,NA
2008-09-17,1.1e+08,3.8510848,3.8510848,0,NA,NA,NA,NA,NA,NA
2008-09-18,1.1e+08,3.7944512,3.7944512,0,NA,NA,NA,NA,NA,NA
2008-09-19,1.1e+08,4.0209856,4.0209856,0,NA,NA,NA,NA,NA,NA
2008-09-20,1.1e+08,4.105936,4.105936,0,NA,NA,NA,NA,NA,NA
2008-09-21,1.1e+08,4.105936,4.105936,0,NA,NA,NA,NA,NA,NA
2008-09-22,1.1e+08,4.1342528,4.1342528,0,NA,NA,NA,NA,NA,NA
2008-09-23,1.1e+08,4.1908864,4.1908864,0,NA,NA,NA,NA,NA,NA
2008-09-24,1.1e+08,4.105936,4.105936,2.64750003814697,NA,NA,NA,NA,NA,NA
2008-09-25,1.1e+08,4.1625696,4.1625696,0,NA,NA,NA,NA,NA,NA
2008-09-26,1.1e+08,4.3607872,4.3607872,0,NA,NA,NA,NA,NA,NA
2008-09-27,1.1e+08,4.389104,4.389104,0,NA,NA,NA,NA,NA,NA
2008-09-28,1.1e+08,4.3324704,4.3324704,0,NA,NA,NA,NA,NA,NA
2008-09-29,1.1e+08,4.4457376,4.4457376,0.64480005740188,15.63,19.91,0.27,11.4666666666667,5.514,1.3
2008-09-30,1.1e+08,4.0493024,4.0493024,0,NA,NA,NA,NA,NA,NA
2008-10-01,1.1e+08,3.8510848,3.8510848,0,NA,NA,NA,NA,NA,NA
2008-10-02,1.1e+08,3.964352,3.964352,0,NA,NA,NA,NA,NA,NA
2008-10-03,1.1e+08,4.1908864,4.1908864,0.834199994802473,NA,NA,NA,NA,NA,NA
2008-10-04,1.1e+08,4.0209856,4.0209856,0,NA,NA,NA,NA,NA,NA
2008-10-05,1.1e+08,4.105936,4.105936,4.66319997608661,NA,NA,NA,NA,NA,NA
2008-10-06,1.1e+08,4.6439552,4.6439552,0.0104000000283122,NA,NA,NA,NA,NA,NA
2008-10-07,1.1e+08,5.1253408,5.1253408,15.8816007971764,NA,NA,NA,NA,NA,NA
2008-10-08,1.1e+08,4.7855392,4.7855392,14.1874008639715,NA,NA,NA,NA,NA,NA
2008-10-09,1.1e+08,4.7572224,4.7572224,0,NA,NA,NA,NA,NA,NA
2008-10-10,1.1e+08,4.8421728,4.8421728,0,NA,NA,NA,NA,NA,NA
2008-10-11,1.1e+08,4.9837568,4.9837568,0,NA,NA,NA,NA,NA,NA
2008-10-12,1.1e+08,5.0403904,5.0403904,0,NA,NA,NA,NA,NA,NA
2008-10-13,1.1e+08,5.0120736,5.0120736,0,NA,NA,NA,NA,NA,NA
2008-10-14,1.1e+08,4.8988064,4.8988064,0.665600001811979,NA,NA,NA,NA,NA,NA
2008-10-15,1.1e+08,4.95544,4.95544,7.77200005413033,NA,NA,NA,NA,NA,NA
2008-10-16,1.1e+08,4.8704896,4.8704896,0,NA,NA,NA,NA,NA,NA
2008-10-17,1.1e+08,4.8421728,4.8421728,0.476500014345221,NA,NA,NA,NA,NA,NA
2008-10-18,1.1e+08,4.8704896,4.8704896,0,NA,NA,NA,NA,NA,NA
2008-10-19,1.1e+08,4.8704896,4.8704896,0,NA,NA,NA,NA,NA,NA
2008-10-20,1.1e+08,4.7289056,4.7289056,0.977899991310553,NA,NA,NA,NA,NA,NA
2008-10-21,1.1e+08,4.7289056,4.7289056,0,NA,NA,NA,NA,NA,NA
2008-10-22,1.1e+08,4.7855392,4.7855392,0,NA,NA,NA,NA,NA,NA
2008-10-23,1.1e+08,4.7855392,4.7855392,1.06840002536774,NA,NA,NA,NA,NA,NA
2008-10-24,1.1e+08,4.8704896,4.8704896,8.94180007278919,NA,NA,NA,NA,NA,NA
2008-10-25,1.1e+08,4.8704896,4.8704896,4.60600008815527,NA,NA,NA,NA,NA,NA
2008-10-26,1.1e+08,4.8421728,4.8421728,0.210400006733835,NA,NA,NA,NA,NA,NA
2008-10-27,1.1e+08,4.7572224,4.7572224,0.0854000002145767,NA,NA,NA,NA,NA,NA
2008-10-28,1.1e+08,4.8421728,4.8421728,0,NA,NA,NA,NA,NA,NA
2008-10-29,1.1e+08,4.6156384,4.6156384,0,NA,NA,NA,NA,4.907,NA
2008-10-30,1.1e+08,6.1730624,6.1730624,0,NA,NA,NA,NA,NA,NA
2008-10-31,1.1e+08,7.3906848,7.3906848,0,11.35,11.45,0.1,8.6,NA,1.4
2008-11-01,1.1e+08,6.9942496,6.9942496,0,NA,NA,NA,NA,NA,NA
2008-11-02,1.1e+08,7.1075168,7.1075168,0,NA,NA,NA,NA,NA,NA
2008-11-03,1.1e+08,6.9659328,6.9659328,0,NA,NA,NA,NA,NA,NA
2008-11-04,1.1e+08,6.9942496,6.9942496,0,NA,NA,NA,NA,NA,NA
2008-11-05,1.1e+08,7.362368,7.362368,0,NA,NA,NA,NA,NA,NA
2008-11-06,1.1e+08,7.1075168,7.1075168,8.49100012466078,NA,NA,NA,NA,NA,NA
2008-11-07,1.1e+08,7.1924672,7.1924672,2.74939996004106,NA,NA,NA,NA,NA,NA
2008-11-08,1.1e+08,7.0508832,7.0508832,1.17330001294613,NA,NA,NA,NA,NA,NA
2008-11-09,1.1e+08,6.9092992,6.9092992,0,NA,NA,NA,NA,NA,NA
2008-11-10,1.1e+08,6.796032,6.796032,0,NA,NA,NA,NA,NA,NA
2008-11-11,1.1e+08,7.0792,7.0792,0,NA,NA,NA,NA,NA,NA
2008-11-12,1.1e+08,6.9942496,6.9942496,2.53220002353192,NA,NA,NA,NA,NA,NA
2008-11-13,1.1e+08,7.9003872,7.9003872,0.0520000010728838,NA,NA,NA,NA,NA,NA
2008-11-14,1.1e+08,8.353456,8.353456,8.17819995619357,NA,NA,NA,NA,NA,NA
2008-11-15,1.1e+08,8.3817728,8.3817728,0.015599999576807,NA,NA,NA,NA,NA,NA
2008-11-16,1.1e+08,8.4384064,8.4384064,0,NA,NA,NA,NA,NA,NA
2008-11-17,1.1e+08,8.9764256,8.9764256,0.437300013494678,NA,NA,NA,NA,NA,NA
2008-11-18,1.1e+08,9.4011776,9.4011776,0.00970000028610229,NA,NA,NA,NA,NA,NA
2008-11-19,1.1e+08,9.0047424,9.0047424,0,NA,NA,NA,NA,NA,NA
2008-11-20,1.1e+08,8.919792,8.919792,0,NA,NA,NA,NA,NA,NA
2008-11-21,1.1e+08,8.8348416,8.8348416,0,NA,NA,NA,NA,NA,NA
2008-11-22,1.1e+08,9.0330592,9.0330592,0,NA,NA,NA,NA,NA,NA
2008-11-23,1.1e+08,8.8914752,8.8914752,0,NA,NA,NA,NA,NA,NA
2008-11-24,1.1e+08,8.8631584,8.8631584,4.49789999425411,NA,NA,NA,NA,NA,NA
2008-11-25,1.1e+08,8.9481088,8.9481088,0,NA,NA,NA,NA,NA,NA
2008-11-26,1.1e+08,8.7215744,8.7215744,0,NA,NA,NA,NA,NA,NA
2008-11-27,1.1e+08,8.5799904,8.5799904,0,NA,NA,NA,NA,NA,NA
2008-11-28,1.1e+08,8.5233568,8.5233568,0,NA,NA,NA,NA,NA,NA
2008-11-29,1.1e+08,8.3817728,8.3817728,0,NA,NA,NA,NA,NA,NA
2008-11-30,1.1e+08,8.4100896,8.4100896,2.63200001858058,NA,NA,NA,NA,NA,NA
2008-12-01,1.1e+08,8.353456,8.353456,2.11319996682869,NA,NA,NA,NA,NA,NA
2008-12-02,1.1e+08,8.3251392,8.3251392,0,NA,NA,NA,NA,NA,NA
2008-12-03,1.1e+08,8.2968224,8.2968224,4.01389999687672,NA,NA,NA,NA,NA,NA
2008-12-04,1.1e+08,8.0986048,8.0986048,0.178399994969368,NA,NA,NA,NA,NA,NA
2008-12-05,1.1e+08,5.4934592,5.4934592,0,NA,NA,NA,NA,NA,NA
2008-12-06,1.1e+08,8.1552384,8.1552384,2.97950000688434,NA,NA,NA,NA,NA,NA
2008-12-07,1.1e+08,6.37128,6.37128,0.633200017735362,NA,NA,NA,NA,NA,NA
2008-12-08,1.1e+08,8.2968224,8.2968224,3.51799996197224,NA,NA,NA,NA,NA,NA
2008-12-09,1.1e+08,8.211872,8.211872,13.5528000667691,NA,NA,NA,NA,NA,NA
2008-12-10,1.1e+08,8.070288,8.070288,0,NA,NA,NA,NA,NA,NA
2008-12-11,1.1e+08,7.5605856,7.5605856,0,NA,NA,NA,NA,NA,NA
2008-12-12,1.1e+08,5.3518752,5.3518752,0,NA,NA,NA,NA,NA,NA
2008-12-13,1.1e+08,7.645536,7.645536,0.352400001138449,NA,NA,NA,NA,NA,NA
2008-12-14,1.1e+08,7.8437536,7.8437536,0.175400000065565,NA,NA,NA,NA,NA,NA
2008-12-15,1.1e+08,2.7184128,2.7184128,7.55559995770456,NA,NA,NA,NA,NA,NA
2008-12-16,1.1e+08,4.5023712,4.5023712,1.58600003831089,NA,NA,NA,NA,NA,NA
2008-12-17,1.1e+08,6.088112,6.088112,4.39890001714229,NA,NA,NA,NA,NA,NA
2008-12-18,1.1e+08,7.362368,7.362368,0,NA,NA,NA,NA,NA,NA
2008-12-19,1.1e+08,7.8720704,7.8720704,23.07860070467,NA,NA,NA,NA,NA,NA
2008-12-20,1.1e+08,7.9853376,7.9853376,1.72580005228519,NA,NA,NA,NA,NA,NA
2008-12-21,1.1e+08,8.070288,8.070288,1.5685999840498,NA,NA,NA,NA,NA,NA
2008-12-22,1.1e+08,7.9853376,7.9853376,0,NA,NA,NA,NA,NA,NA
2008-12-23,1.1e+08,7.9570208,7.9570208,3.05560004804284,NA,NA,NA,NA,NA,NA
2008-12-24,1.1e+08,7.9003872,7.9003872,5.91080018877984,NA,NA,NA,NA,NA,NA
2008-12-25,1.1e+08,7.5889024,7.5889024,0,NA,NA,NA,NA,NA,NA
2008-12-26,1.1e+08,7.9570208,7.9570208,2.75999997928739,NA,NA,NA,NA,NA,NA
2008-12-27,1.1e+08,7.7304864,7.7304864,12.308800081606,NA,NA,NA,NA,NA,NA
2008-12-28,1.1e+08,6.9942496,6.9942496,3.74920006096363,NA,NA,NA,NA,NA,NA
2008-12-29,1.1e+08,6.5978144,6.5978144,0,NA,NA,NA,NA,NA,NA
2008-12-30,1.1e+08,6.2580128,6.2580128,0,NA,NA,NA,NA,NA,NA
2008-12-31,1.1e+08,6.1447456,6.1447456,1.92340004444122,NA,NA,NA,NA,NA,NA
2009-01-01,1.1e+08,5.9748448,5.9748448,0,NA,NA,NA,NA,NA,NA
2009-01-02,1.1e+08,5.9748448,5.9748448,0,NA,NA,NA,NA,NA,NA
2009-01-03,1.1e+08,6.088112,6.088112,0,NA,NA,NA,NA,NA,NA
2009-01-04,1.1e+08,6.1447456,6.1447456,1.76080003008247,NA,NA,NA,NA,NA,NA
2009-01-05,1.1e+08,5.8615776,5.8615776,0,NA,NA,NA,NA,NA,NA
2009-01-06,1.1e+08,6.1730624,6.1730624,0,NA,NA,NA,NA,NA,NA
2009-01-07,1.1e+08,6.2013792,6.2013792,0.913999974727631,NA,NA,NA,NA,NA,NA
2009-01-08,1.1e+08,6.2013792,6.2013792,0,NA,NA,NA,NA,NA,NA
2009-01-09,1.1e+08,6.4279136,6.4279136,9.19680006057024,NA,NA,NA,NA,NA,NA
2009-01-10,1.1e+08,6.3146464,6.3146464,4.24599997233599,NA,NA,NA,NA,NA,NA
2009-01-11,1.1e+08,6.2863296,6.2863296,0.0876000002026558,NA,NA,NA,NA,NA,NA
2009-01-12,1.1e+08,6.37128,6.37128,0.288399994373322,NA,NA,NA,NA,NA,NA
2009-01-13,1.1e+08,6.1730624,6.1730624,3.4980000257492,NA,NA,NA,NA,NA,NA
2009-01-14,1.1e+08,6.2863296,6.2863296,2.50619995594025,NA,NA,NA,NA,NA,NA
2009-01-15,1.1e+08,5.9748448,5.9748448,0,NA,NA,NA,NA,NA,NA
2009-01-16,1.1e+08,6.0597952,6.0597952,0.0386000014841557,NA,NA,NA,NA,NA,NA
2009-01-17,1.1e+08,6.2580128,6.2580128,0.479900009930134,NA,NA,NA,NA,NA,NA
2009-01-18,1.1e+08,6.1164288,6.1164288,0.6024000197649,NA,NA,NA,NA,NA,NA
2009-01-19,1.1e+08,5.8332608,5.8332608,0.785199999809266,NA,NA,NA,NA,NA,NA
2009-01-20,1.1e+08,6.0597952,6.0597952,0,NA,NA,NA,NA,NA,NA
2009-01-21,1.1e+08,6.1447456,6.1447456,0,NA,NA,NA,NA,5.812,NA
2009-01-22,1.1e+08,5.2669248,5.2669248,0,NA,NA,NA,NA,NA,NA
2009-01-23,1.1e+08,4.2758368,4.2758368,0,NA,NA,NA,NA,NA,NA
2009-01-24,1.1e+08,3.822768,3.822768,0,NA,NA,NA,NA,NA,NA
2009-01-25,1.1e+08,3.964352,3.964352,0,NA,NA,NA,NA,NA,NA
2009-01-26,1.1e+08,3.964352,3.964352,0,NA,NA,NA,NA,NA,NA
2009-01-27,1.1e+08,4.0776192,4.0776192,0,NA,NA,NA,NA,NA,NA
2009-01-28,1.1e+08,3.9926688,3.9926688,0.0136000001803041,NA,NA,NA,NA,NA,NA
2009-01-29,1.1e+08,4.24752,4.24752,0.0784000009298325,NA,NA,NA,NA,NA,NA
2009-01-30,1.1e+08,4.105936,4.105936,0,NA,NA,NA,NA,NA,NA
2009-01-31,1.1e+08,4.105936,4.105936,0,NA,NA,NA,NA,NA,NA
2009-02-01,1.1e+08,4.105936,4.105936,0,NA,NA,NA,NA,NA,NA
2009-02-02,1.1e+08,4.24752,4.24752,0,NA,NA,NA,NA,NA,NA
2009-02-03,1.1e+08,4.2758368,4.2758368,0.0769999995827675,NA,NA,NA,NA,NA,NA
2009-02-04,1.1e+08,4.0209856,4.0209856,0,NA,NA,NA,NA,NA,NA
2009-02-05,1.1e+08,3.964352,3.964352,0,2.18,0.85,0.17,0.833333333333333,NA,10.1
2009-02-06,1.1e+08,4.2192032,4.2192032,0,NA,NA,NA,NA,NA,NA
2009-02-07,1.1e+08,4.4457376,4.4457376,0,NA,NA,NA,NA,NA,NA
2009-02-08,1.1e+08,4.1342528,4.1342528,0,NA,NA,NA,NA,NA,NA
2009-02-09,1.1e+08,4.2758368,4.2758368,0.828800022602079,NA,NA,NA,NA,NA,NA
2009-02-10,1.1e+08,4.530688,4.530688,1.99140002951025,NA,NA,NA,NA,NA,NA
2009-02-11,1.1e+08,4.4457376,4.4457376,2.52100000809878,NA,NA,NA,NA,NA,NA
2009-02-12,1.1e+08,4.4174208,4.4174208,0,NA,NA,NA,NA,NA,NA
2009-02-13,1.1e+08,5.4085088,5.4085088,0.268200010061264,NA,NA,NA,NA,NA,NA
2009-02-14,1.1e+08,6.1447456,6.1447456,2.57360003888607,NA,NA,NA,NA,NA,NA
2009-02-15,1.1e+08,6.1164288,6.1164288,0,NA,NA,NA,NA,NA,NA
2009-02-16,1.1e+08,6.1164288,6.1164288,0,NA,NA,NA,NA,NA,NA
2009-02-17,1.1e+08,6.1447456,6.1447456,0,NA,NA,NA,NA,NA,NA
2009-02-18,1.1e+08,5.3518752,5.3518752,2.98079997301102,NA,NA,NA,NA,NA,NA
2009-02-19,1.1e+08,4.4457376,4.4457376,0,NA,NA,NA,NA,NA,NA
2009-02-20,1.1e+08,3.5112832,3.5112832,0,NA,NA,NA,NA,NA,NA
2009-02-21,1.1e+08,2.7184128,2.7184128,10.4734000658427,NA,NA,NA,NA,NA,NA
2009-02-22,1.1e+08,2.4635616,2.4635616,0,NA,NA,NA,NA,NA,NA
2009-02-23,1.1e+08,2.2370272,2.2370272,0,NA,NA,NA,NA,NA,NA
2009-02-24,1.1e+08,2.406928,2.406928,0,NA,NA,NA,NA,NA,NA
2009-02-25,1.1e+08,2.7467296,2.7467296,0.0390000008046627,NA,NA,NA,NA,NA,NA
2009-02-26,1.1e+08,2.973264,2.973264,19.5164001211524,NA,NA,NA,NA,NA,NA
2009-02-27,1.1e+08,2.265344,2.265344,6.36700018378906,NA,NA,NA,NA,NA,NA
2009-02-28,1.1e+08,2.3502944,2.3502944,0,NA,NA,NA,NA,NA,NA
2009-03-01,1.1e+08,2.406928,2.406928,0,NA,NA,NA,NA,NA,NA
2009-03-02,1.1e+08,2.406928,2.406928,0,NA,NA,NA,NA,NA,NA
2009-03-03,1.1e+08,2.4635616,2.4635616,0,NA,NA,NA,NA,NA,NA
2009-03-04,1.1e+08,2.4918784,2.4918784,0,NA,NA,NA,NA,NA,NA
2009-03-05,1.1e+08,2.4352448,2.4352448,0,NA,NA,NA,NA,NA,NA
2009-03-06,1.1e+08,2.4635616,2.4635616,0,NA,NA,NA,NA,NA,NA
2009-03-07,1.1e+08,5.9182112,5.9182112,23.2996001043939,NA,NA,NA,NA,NA,NA
2009-03-08,1.1e+08,7.362368,7.362368,24.0275996155688,NA,NA,NA,NA,NA,NA
2009-03-09,1.1e+08,6.7677152,6.7677152,0,NA,NA,NA,NA,NA,NA
2009-03-10,1.1e+08,8.211872,8.211872,17.3755997270346,NA,NA,NA,NA,NA,NA
2009-03-11,1.1e+08,9.1746432,9.1746432,0,NA,NA,NA,NA,NA,NA
2009-03-12,1.1e+08,10.0807808,10.0807808,0,NA,NA,NA,NA,NA,NA
2009-03-13,1.1e+08,11.1001856,11.1001856,0,NA,NA,NA,NA,NA,NA
2009-03-14,1.1e+08,11.6382048,11.6382048,0,NA,NA,NA,NA,NA,NA
2009-03-15,1.1e+08,11.5815712,11.5815712,0,NA,NA,NA,NA,NA,NA
2009-03-16,1.1e+08,11.4399872,11.4399872,0,NA,NA,NA,NA,NA,NA
2009-03-17,1.1e+08,11.2984032,11.2984032,0,NA,NA,NA,NA,NA,NA
2009-03-18,1.1e+08,11.1001856,11.1001856,0,NA,NA,NA,NA,NA,NA
2009-03-19,1.1e+08,11.1285024,11.1285024,0,NA,NA,NA,NA,NA,NA
2009-03-20,1.1e+08,11.185136,11.185136,0,NA,NA,NA,NA,NA,NA
2009-03-21,1.1e+08,11.1285024,11.1285024,1.54680003225803,NA,NA,NA,NA,NA,NA
2009-03-22,1.1e+08,11.1285024,11.1285024,0,NA,NA,NA,NA,NA,NA
2009-03-23,1.1e+08,11.1285024,11.1285024,5.67199995741248,NA,NA,NA,NA,NA,NA
2009-03-24,1.1e+08,12.3744416,12.3744416,39.7869997434318,NA,NA,NA,NA,NA,NA
2009-03-25,1.1e+08,10.9869184,10.9869184,15.5967998504639,NA,NA,NA,NA,NA,NA
2009-03-26,1.1e+08,11.1285024,11.1285024,0,NA,NA,NA,NA,NA,NA
2009-03-27,1.1e+08,8.5233568,8.5233568,0,NA,NA,NA,NA,NA,NA
2009-03-28,1.1e+08,6.7393984,6.7393984,1.92320002429187,NA,NA,NA,NA,NA,NA
2009-03-29,1.1e+08,7.1924672,7.1924672,7.07719998899848,NA,NA,NA,NA,NA,NA
2009-03-30,1.1e+08,6.8809824,6.8809824,0,NA,NA,NA,NA,NA,NA
2009-03-31,1.1e+08,7.1924672,7.1924672,10.816200128058,NA,NA,NA,NA,NA,NA
2009-04-01,1.1e+08,7.1358336,7.1358336,0,NA,NA,NA,NA,NA,NA
2009-04-02,1.1e+08,8.0419712,8.0419712,0.230800005898345,NA,NA,NA,NA,NA,NA
2009-04-03,1.1e+08,8.6083072,8.6083072,1.57840001583099,NA,NA,NA,NA,NA,NA
2009-04-04,1.1e+08,9.4578112,9.4578112,0.0430000007618219,NA,NA,NA,NA,NA,NA
2009-04-05,1.1e+08,9.9958304,9.9958304,1.96910003125959,NA,NA,NA,NA,NA,NA
2009-04-06,1.1e+08,10.9869184,10.9869184,0.600199989974499,NA,NA,NA,NA,NA,NA
2009-04-07,1.1e+08,12.3744416,12.3744416,0,NA,NA,NA,NA,NA,NA
2009-04-08,1.1e+08,12.2894912,12.2894912,0,NA,NA,NA,NA,NA,NA
2009-04-09,1.1e+08,12.2894912,12.2894912,0,NA,NA,NA,NA,NA,NA
2009-04-10,1.1e+08,12.3744416,12.3744416,0,NA,NA,NA,NA,NA,NA
2009-04-11,1.1e+08,12.7142432,12.7142432,0,NA,NA,NA,NA,NA,NA
2009-04-12,1.1e+08,12.9124608,12.9124608,0,NA,NA,NA,NA,NA,NA
2009-04-13,1.1e+08,12.884144,12.884144,1.64479999989271,NA,NA,NA,NA,NA,NA
2009-04-14,1.1e+08,12.8275104,12.8275104,0.181000001291977,NA,NA,NA,NA,NA,NA
2009-04-15,1.1e+08,12.7142432,12.7142432,0,NA,NA,NA,NA,4.927,NA
2009-04-16,1.1e+08,12.6859264,12.6859264,0,NA,NA,NA,NA,NA,NA
2009-04-17,1.1e+08,12.600976,12.600976,0,5.95,6.56,0.08,14.1,NA,1.3
2009-04-18,1.1e+08,12.4877088,12.4877088,0.452800007537006,NA,NA,NA,NA,NA,NA
2009-04-19,1.1e+08,12.7991936,12.7991936,6.96900000642928,NA,NA,NA,NA,NA,NA
2009-04-20,1.1e+08,12.3744416,12.3744416,13.9109999984503,NA,NA,NA,NA,NA,NA
2009-04-21,1.1e+08,12.3461248,12.3461248,9.27300016582012,NA,NA,NA,NA,NA,NA
2009-04-22,1.1e+08,12.2045408,12.2045408,0.149299994111061,NA,NA,NA,NA,NA,NA
2009-04-23,1.1e+08,12.2328576,12.2328576,0.726599985733628,NA,NA,NA,NA,NA,NA
2009-04-24,1.1e+08,9.4294944,9.4294944,0.0105999996885657,NA,NA,NA,NA,NA,NA
2009-04-25,1.1e+08,8.4384064,8.4384064,19.3034007400274,NA,NA,NA,NA,NA,NA
2009-04-26,1.1e+08,7.362368,7.362368,46.5036008623428,NA,NA,NA,NA,NA,NA
2009-04-27,1.1e+08,6.37128,6.37128,0.180799999681767,NA,NA,NA,NA,NA,NA
2009-04-28,1.1e+08,6.512864,6.512864,0.906399980187415,NA,NA,NA,NA,NA,NA
2009-04-29,1.1e+08,6.512864,6.512864,0,9.29,9.65,0.07,9.33333333333333,NA,1.8
2009-04-30,1.1e+08,6.7110816,6.7110816,8.40900018066168,NA,NA,NA,NA,NA,NA
2009-05-01,1.1e+08,6.9659328,6.9659328,0.104800000786781,NA,NA,NA,NA,NA,NA
2009-05-02,1.1e+08,7.4190016,7.4190016,0,NA,NA,NA,NA,NA,NA
2009-05-03,1.1e+08,7.503952,7.503952,0.0191999999806285,NA,NA,NA,NA,NA,NA
2009-05-04,1.1e+08,8.778208,8.778208,0,NA,NA,NA,NA,NA,NA
2009-05-05,1.1e+08,10.8453344,10.8453344,0,NA,NA,NA,NA,NA,NA
2009-05-06,1.1e+08,11.32672,11.32672,0.955600032117218,NA,NA,NA,NA,NA,NA
2009-05-07,1.1e+08,11.1285024,11.1285024,22.856999973068,NA,NA,NA,NA,NA,NA
2009-05-08,1.1e+08,11.2700864,11.2700864,0,NA,NA,NA,NA,NA,NA
2009-05-09,1.1e+08,11.4399872,11.4399872,25.0280001591891,NA,NA,NA,NA,NA,NA
2009-05-10,1.1e+08,11.1285024,11.1285024,0,NA,NA,NA,NA,NA,NA
2009-05-11,1.1e+08,11.1568192,11.1568192,0,10.08,13.26,0.11,0.333333333333333,4.52,5.9
2009-05-12,1.1e+08,11.2984032,11.2984032,0,NA,NA,NA,NA,NA,NA
2009-05-13,1.1e+08,11.0152352,11.0152352,3.87200005851628,NA,NA,NA,NA,NA,NA
2009-05-14,1.1e+08,9.627712,9.627712,22.0008000414819,NA,NA,NA,NA,NA,NA
2009-05-15,1.1e+08,9.7126624,9.7126624,0.426400005817414,NA,NA,NA,NA,NA,NA
2009-05-16,1.1e+08,9.5710784,9.5710784,0,NA,NA,NA,NA,NA,NA
2009-05-17,1.1e+08,9.627712,9.627712,0.08839999884367,NA,NA,NA,NA,NA,NA
2009-05-18,1.1e+08,9.627712,9.627712,0,NA,NA,NA,NA,NA,NA
2009-05-19,1.1e+08,9.6560288,9.6560288,0,NA,NA,NA,NA,NA,NA
2009-05-20,1.1e+08,9.5427616,9.5427616,0,NA,NA,NA,NA,NA,NA
2009-05-21,1.1e+08,9.5427616,9.5427616,0,NA,NA,NA,NA,NA,NA
2009-05-22,1.1e+08,9.627712,9.627712,1.84360002155881,NA,NA,NA,NA,NA,NA
2009-05-23,1.1e+08,9.5993952,9.5993952,6.93539987271653,NA,NA,NA,NA,NA,NA
2009-05-24,1.1e+08,8.8065248,8.8065248,0,NA,NA,NA,NA,NA,NA
2009-05-25,1.1e+08,8.0419712,8.0419712,0,NA,NA,NA,NA,NA,NA
2009-05-26,1.1e+08,8.1269216,8.1269216,0.32399999932386,NA,NA,NA,NA,NA,NA
2009-05-27,1.1e+08,8.211872,8.211872,15.2012000481191,NA,NA,NA,NA,NA,NA
2009-05-28,1.1e+08,8.0136544,8.0136544,0.0108000002801418,12.7,16.3,0.1,1.33333333333333,NA,6.1
2009-05-29,1.1e+08,8.070288,8.070288,0.0332000013440847,NA,NA,NA,NA,NA,NA
2009-05-30,1.1e+08,8.1269216,8.1269216,0.73820000840351,NA,NA,NA,NA,NA,NA
2009-05-31,1.1e+08,8.1552384,8.1552384,0,NA,NA,NA,NA,NA,NA
2009-06-01,1.1e+08,8.0419712,8.0419712,4.33039999447647,NA,NA,NA,NA,NA,NA
2009-06-02,1.1e+08,7.9853376,7.9853376,0.0607999995118006,NA,NA,NA,NA,NA,NA
2009-06-03,1.1e+08,7.9570208,7.9570208,0.00879999989410862,NA,NA,NA,NA,NA,NA
2009-06-04,1.1e+08,7.5322688,7.5322688,0,NA,NA,NA,NA,NA,NA
2009-06-05,1.1e+08,6.1164288,6.1164288,0,NA,NA,NA,NA,NA,NA
2009-06-06,1.1e+08,5.3518752,5.3518752,0.513600002974272,NA,NA,NA,NA,NA,NA
2009-06-07,1.1e+08,5.0403904,5.0403904,3.25419998914003,NA,NA,NA,NA,NA,NA
2009-06-08,1.1e+08,5.4651424,5.4651424,35.1496004436631,NA,NA,NA,NA,NA,NA
2009-06-09,1.1e+08,4.8421728,4.8421728,0,NA,NA,NA,NA,4.672,NA
2009-06-10,1.1e+08,4.8988064,4.8988064,0.042400000966154,13.15,17.3,0.18,3.19,NA,4.1
2009-06-11,1.1e+08,5.2669248,5.2669248,0,NA,NA,NA,NA,NA,NA
2009-06-12,1.1e+08,6.3995968,6.3995968,0,NA,NA,NA,NA,NA,NA
2009-06-13,1.1e+08,6.9092992,6.9092992,6.98420023173094,NA,NA,NA,NA,NA,NA
2009-06-14,1.1e+08,6.8526656,6.8526656,0,NA,NA,NA,NA,NA,NA
2009-06-15,1.1e+08,5.6067264,5.6067264,0,NA,NA,NA,NA,NA,NA
2009-06-16,1.1e+08,3.9077184,3.9077184,0.437600001692772,NA,NA,NA,NA,NA,NA
2009-06-17,1.1e+08,3.822768,3.822768,1.60599999129772,NA,NA,NA,NA,NA,NA
2009-06-18,1.1e+08,3.964352,3.964352,1.67200000397861,NA,NA,NA,NA,NA,NA
2009-06-19,1.1e+08,4.3324704,4.3324704,47.5876004658639,NA,NA,NA,NA,NA,NA
2009-06-20,1.1e+08,3.8510848,3.8510848,9.59039993584157,NA,NA,NA,NA,NA,NA
2009-06-21,1.1e+08,3.8794016,3.8794016,0.582400008337571,NA,NA,NA,NA,NA,NA
2009-06-22,1.1e+08,3.8510848,3.8510848,2.04200004108134,NA,NA,NA,NA,NA,NA
2009-06-23,1.1e+08,3.7378176,3.7378176,0,13.17,19.74,0.08,4.43333333333333,NA,5.1
2009-06-24,1.1e+08,3.6245504,3.6245504,0,NA,NA,NA,NA,NA,NA
2009-06-25,1.1e+08,3.681184,3.681184,0.696400005370378,NA,NA,NA,NA,NA,NA
2009-06-26,1.1e+08,3.7661344,3.7661344,0,NA,NA,NA,NA,NA,NA
2009-06-27,1.1e+08,3.9360352,3.9360352,0.0183999998844229,NA,NA,NA,NA,NA,NA
2009-06-28,1.1e+08,3.7944512,3.7944512,2.72120004892349,NA,NA,NA,NA,NA,NA
2009-06-29,1.1e+08,3.7095008,3.7095008,0,NA,NA,NA,NA,NA,NA
2009-06-30,1.1e+08,3.7095008,3.7095008,0,NA,NA,NA,NA,NA,NA
2009-07-01,1.1e+08,3.681184,3.681184,0.788400028570321,NA,NA,NA,NA,NA,NA
2009-07-02,1.1e+08,3.7095008,3.7095008,0,NA,NA,NA,NA,NA,NA
2009-07-03,1.1e+08,3.8794016,3.8794016,0,NA,NA,NA,NA,NA,NA
2009-07-04,1.1e+08,3.9360352,3.9360352,0.405999996699392,NA,NA,NA,NA,NA,NA
2009-07-05,1.1e+08,3.8510848,3.8510848,0,NA,NA,NA,NA,NA,NA
2009-07-06,1.1e+08,3.681184,3.681184,0,NA,NA,NA,NA,4.875,NA
2009-07-07,1.1e+08,3.7095008,3.7095008,0.11359999794513,NA,NA,NA,NA,NA,NA
2009-07-08,1.1e+08,3.5679168,3.5679168,3.22320000827312,NA,NA,NA,NA,NA,NA
2009-07-09,1.1e+08,3.5679168,3.5679168,0.306799996178597,13.53,19.41,0.28,5.53,NA,1.7
2009-07-10,1.1e+08,3.4546496,3.4546496,7.55519997328519,NA,NA,NA,NA,NA,NA
2009-07-11,1.1e+08,3.6528672,3.6528672,6.64200007170439,NA,NA,NA,NA,NA,NA
2009-07-12,1.1e+08,3.2281152,3.2281152,0,NA,NA,NA,NA,NA,NA
2009-07-13,1.1e+08,2.83168,2.83168,0,NA,NA,NA,NA,NA,NA
2009-07-14,1.1e+08,2.8033632,2.8033632,0.0864000035799107,NA,NA,NA,NA,NA,NA
2009-07-15,1.1e+08,2.690096,2.690096,6.26680009879055,NA,NA,NA,NA,NA,NA
2009-07-16,1.1e+08,2.2087104,2.2087104,0,NA,NA,NA,NA,NA,NA
2009-07-17,1.1e+08,2.2087104,2.2087104,1.35759997367859,NA,NA,NA,NA,NA,NA
2009-07-18,1.1e+08,2.1520768,2.1520768,0,NA,NA,NA,NA,NA,NA
2009-07-19,1.1e+08,2.0954432,2.0954432,0.0500000007450579,NA,NA,NA,NA,NA,NA
2009-07-20,1.1e+08,1.6423744,1.6423744,0,14.48,19.84,0.07,13.2,NA,1.1
2009-07-21,1.1e+08,1.7556416,1.7556416,14.7363998822111,NA,NA,NA,NA,NA,NA
2009-07-22,1.1e+08,1.9255424,1.9255424,5.94680009176955,NA,NA,NA,NA,NA,NA
2009-07-23,1.1e+08,1.9538592,1.9538592,0.0511999996379018,NA,NA,NA,NA,NA,NA
2009-07-24,1.1e+08,1.9255424,1.9255424,2.72680005404982,NA,NA,NA,NA,NA,NA
2009-07-25,1.1e+08,2.0104928,2.0104928,0.823200022801755,NA,NA,NA,NA,NA,NA
2009-07-26,1.1e+08,2.0671264,2.0671264,0.41740001551807,NA,NA,NA,NA,NA,NA
2009-07-27,1.1e+08,1.8689088,1.8689088,0.667599984444678,NA,NA,NA,NA,NA,NA
2009-07-28,1.1e+08,1.840592,1.840592,1.48119997300092,NA,NA,NA,NA,NA,NA
2009-07-29,1.1e+08,1.840592,1.840592,0,NA,NA,NA,NA,NA,NA
2009-07-30,1.1e+08,1.9255424,1.9255424,8.97920004039769,NA,NA,NA,NA,NA,NA
2009-07-31,1.1e+08,2.0388096,2.0388096,0,NA,NA,NA,NA,NA,NA
2009-08-01,1.1e+08,2.0104928,2.0104928,0.139200001955032,NA,NA,NA,NA,NA,NA
2009-08-02,1.1e+08,1.982176,1.982176,0,NA,NA,NA,NA,NA,NA
2009-08-03,1.1e+08,1.7273248,1.7273248,1.17160001397133,NA,NA,NA,NA,NA,NA
2009-08-04,1.1e+08,1.6423744,1.6423744,0,14.65,21.13,0.29,12.3,NA,1.1
2009-08-05,1.1e+08,1.6140576,1.6140576,0,NA,NA,NA,NA,5.006,NA
2009-08-06,1.1e+08,1.7556416,1.7556416,0,NA,NA,NA,NA,NA,NA
2009-08-07,1.1e+08,1.7556416,1.7556416,10.7549998005852,NA,NA,NA,NA,NA,NA
2009-08-08,1.1e+08,2.12376,2.12376,33.16920068115,NA,NA,NA,NA,NA,NA
2009-08-09,1.1e+08,1.699008,1.699008,2.29440002143383,NA,NA,NA,NA,NA,NA
2009-08-10,1.1e+08,1.557424,1.557424,5.67880001268349,NA,NA,NA,NA,NA,NA
2009-08-11,1.1e+08,1.4441568,1.4441568,0.0511999987065792,NA,NA,NA,NA,NA,NA
2009-08-12,1.1e+08,1.5007904,1.5007904,0,NA,NA,NA,NA,NA,NA
2009-08-13,1.1e+08,1.5857408,1.5857408,0,NA,NA,NA,NA,NA,NA
2009-08-14,1.1e+08,1.6423744,1.6423744,0,NA,NA,NA,NA,NA,NA
2009-08-15,1.1e+08,1.7273248,1.7273248,0,NA,NA,NA,NA,NA,NA
2009-08-16,1.1e+08,1.557424,1.557424,1.23440000601113,NA,NA,NA,NA,NA,NA
2009-08-17,1.1e+08,1.5007904,1.5007904,2.60120006039505,NA,NA,NA,NA,NA,NA
2009-08-18,1.1e+08,1.5291072,1.5291072,0.187600001692772,NA,NA,NA,NA,NA,NA
2009-08-19,1.1e+08,1.557424,1.557424,3.45640007779002,NA,NA,NA,NA,NA,NA
2009-08-20,1.1e+08,1.8122752,1.8122752,9.97240011088433,14.59,21.41,0.05,13.4666666666667,NA,1.4
2009-08-21,1.1e+08,1.6423744,1.6423744,1.68380001187324,NA,NA,NA,NA,NA,NA
2009-08-22,1.1e+08,1.7273248,1.7273248,0,NA,NA,NA,NA,NA,NA
2009-08-23,1.1e+08,1.7556416,1.7556416,0,NA,NA,NA,NA,NA,NA
2009-08-24,1.1e+08,1.699008,1.699008,0,NA,NA,NA,NA,NA,NA
2009-08-25,1.1e+08,1.7556416,1.7556416,0.0227999991911929,NA,NA,NA,NA,NA,NA
2009-08-26,1.1e+08,1.7273248,1.7273248,3.77279990888201,NA,NA,NA,NA,NA,NA
2009-08-27,1.1e+08,1.840592,1.840592,9.30980002175783,NA,NA,NA,NA,NA,NA
2009-08-28,1.1e+08,1.982176,1.982176,0,NA,NA,NA,NA,NA,NA
2009-08-29,1.1e+08,1.7556416,1.7556416,10.3152000240225,NA,NA,NA,NA,NA,NA
2009-08-30,1.1e+08,1.8122752,1.8122752,0.533999979496,NA,NA,NA,NA,NA,NA
2009-08-31,1.1e+08,1.7556416,1.7556416,0,NA,NA,NA,NA,NA,NA
2009-09-01,1.1e+08,1.7839584,1.7839584,0,NA,NA,NA,NA,NA,NA
2009-09-02,1.1e+08,1.8689088,1.8689088,0,NA,NA,NA,NA,4.866,NA
2009-09-03,1.1e+08,1.8972256,1.8972256,0,NA,NA,NA,NA,NA,NA
2009-09-04,1.1e+08,1.9255424,1.9255424,0,14.68,20.58,0.37,14.4111111111111,NA,0.9
2009-09-05,1.1e+08,2.0388096,2.0388096,0,NA,NA,NA,NA,NA,NA
2009-09-06,1.1e+08,2.12376,2.12376,0,NA,NA,NA,NA,NA,NA
2009-09-07,1.1e+08,2.1803936,2.1803936,0,NA,NA,NA,NA,NA,NA
2009-09-08,1.1e+08,2.0954432,2.0954432,0,NA,NA,NA,NA,NA,NA
2009-09-09,1.1e+08,2.1803936,2.1803936,0,NA,NA,NA,NA,NA,NA
2009-09-10,1.1e+08,2.2087104,2.2087104,0,NA,NA,NA,NA,NA,NA
2009-09-11,1.1e+08,2.2936608,2.2936608,0,NA,NA,NA,NA,NA,NA
2009-09-12,1.1e+08,2.3219776,2.3219776,0,NA,NA,NA,NA,NA,NA
2009-09-13,1.1e+08,2.2936608,2.2936608,0,NA,NA,NA,NA,NA,NA
2009-09-14,1.1e+08,2.0104928,2.0104928,0,NA,NA,NA,NA,NA,NA
2009-09-15,1.1e+08,2.0104928,2.0104928,0,NA,NA,NA,NA,NA,NA
2009-09-16,1.1e+08,2.0954432,2.0954432,0,NA,NA,NA,NA,NA,NA
2009-09-17,1.1e+08,2.1520768,2.1520768,0,NA,NA,NA,NA,NA,NA
2009-09-18,1.1e+08,1.8122752,1.8122752,0,NA,NA,NA,NA,NA,NA
2009-09-19,1.1e+08,1.5291072,1.5291072,0,NA,NA,NA,NA,NA,NA
2009-09-20,1.1e+08,1.5291072,1.5291072,0.278400003910065,NA,NA,NA,NA,NA,NA
2009-09-21,1.1e+08,1.132672,1.132672,4.86280007660389,NA,NA,NA,NA,NA,NA
2009-09-22,1.1e+08,2.0388096,2.0388096,68.1431996226311,NA,NA,NA,NA,NA,NA
2009-09-23,1.1e+08,1.7556416,1.7556416,0.4515999853611,NA,NA,NA,NA,NA,NA
2009-09-24,1.1e+08,2.7467296,2.7467296,0,NA,NA,NA,NA,NA,NA
2009-09-25,1.1e+08,3.5396,3.5396,3.83779995968508,NA,NA,NA,NA,NA,NA
2009-09-26,1.1e+08,4.3041536,4.3041536,0,NA,NA,NA,NA,NA,NA
2009-09-27,1.1e+08,4.5873216,4.5873216,6.87500018835999,NA,NA,NA,NA,NA,NA
2009-09-28,1.1e+08,4.4740544,4.4740544,4.138199955225,NA,NA,NA,NA,NA,NA
2009-09-29,1.1e+08,4.4740544,4.4740544,0.83519998565316,NA,NA,NA,NA,NA,NA
2009-09-30,1.1e+08,4.389104,4.389104,0,14.15,17.92,0.34,10.6666666666667,6.554,1.4
2009-10-01,1.1e+08,4.5873216,4.5873216,6.65800007499639,NA,NA,NA,NA,NA,NA
2009-10-02,1.1e+08,4.5023712,4.5023712,8.1627998650074,NA,NA,NA,NA,NA,NA
2009-10-03,1.1e+08,4.4740544,4.4740544,1.57590000890196,NA,NA,NA,NA,NA,NA
2009-10-04,1.1e+08,4.530688,4.530688,0,NA,NA,NA,NA,NA,NA
2009-10-05,1.1e+08,4.5023712,4.5023712,0,NA,NA,NA,NA,NA,NA
2009-10-06,1.1e+08,4.6439552,4.6439552,10.3584000766277,NA,NA,NA,NA,NA,NA
2009-10-07,1.1e+08,4.5590048,4.5590048,0,NA,NA,NA,NA,NA,NA
2009-10-08,1.1e+08,4.5590048,4.5590048,1.7623999863863,NA,NA,NA,NA,NA,NA
2009-10-09,1.1e+08,4.530688,4.530688,0.151600000128383,NA,NA,NA,NA,NA,NA
2009-10-10,1.1e+08,4.5873216,4.5873216,0.0078000002540648,NA,NA,NA,NA,NA,NA
2009-10-11,1.1e+08,4.5873216,4.5873216,0,NA,NA,NA,NA,NA,NA
2009-10-12,1.1e+08,4.4740544,4.4740544,0.0467999987304212,NA,NA,NA,NA,NA,NA
2009-10-13,1.1e+08,4.4740544,4.4740544,0,NA,NA,NA,NA,NA,NA
2009-10-14,1.1e+08,4.4740544,4.4740544,2.1811999604106,NA,NA,NA,NA,NA,NA
2009-10-15,1.1e+08,4.530688,4.530688,5.5898000097368,NA,NA,NA,NA,NA,NA
2009-10-16,1.1e+08,4.5873216,4.5873216,0.180000001768348,NA,NA,NA,NA,NA,NA
2009-10-17,1.1e+08,4.5873216,4.5873216,0.0179999992251396,NA,NA,NA,NA,NA,NA
2009-10-18,1.1e+08,4.672272,4.672272,0,NA,NA,NA,NA,NA,NA
2009-10-19,1.1e+08,4.8421728,4.8421728,0,NA,NA,NA,NA,NA,NA
2009-10-20,1.1e+08,4.389104,4.389104,0,NA,NA,NA,NA,NA,NA
2009-10-21,1.1e+08,4.4457376,4.4457376,2.81160008907318,NA,NA,NA,NA,NA,NA
2009-10-22,1.1e+08,4.6439552,4.6439552,19.1404000641778,NA,NA,NA,NA,NA,NA
2009-10-23,1.1e+08,4.8421728,4.8421728,30.45160077326,NA,NA,NA,NA,NA,NA
2009-10-24,1.1e+08,4.6439552,4.6439552,0.287400007247925,NA,NA,NA,NA,NA,NA
2009-10-25,1.1e+08,4.6439552,4.6439552,0.172800004482269,NA,NA,NA,NA,NA,NA
2009-10-26,1.1e+08,4.5873216,4.5873216,4.52239998523146,NA,NA,NA,NA,NA,NA
2009-10-27,1.1e+08,4.530688,4.530688,0.406599994748831,NA,NA,NA,NA,NA,NA
2009-10-28,1.1e+08,4.5873216,4.5873216,0.103999998886138,NA,NA,NA,NA,5.516,NA
2009-10-29,1.1e+08,4.9271232,4.9271232,7.89119995385407,NA,NA,NA,NA,NA,NA
2009-10-30,1.1e+08,5.097024,5.097024,23.4980002925149,11.1,11.1,0.13,2.4,NA,2.6
2009-10-31,1.1e+08,4.8421728,4.8421728,0,NA,NA,NA,NA,NA,NA
2009-11-01,1.1e+08,4.7572224,4.7572224,0.0260000005364418,NA,NA,NA,NA,NA,NA
2009-11-02,1.1e+08,4.813856,4.813856,0.357000011950731,NA,NA,NA,NA,NA,NA
2009-11-03,1.1e+08,4.813856,4.813856,0,NA,NA,NA,NA,NA,NA
2009-11-04,1.1e+08,5.8898944,5.8898944,0.116799998169881,NA,NA,NA,NA,NA,NA
2009-11-05,1.1e+08,6.9092992,6.9092992,0,NA,NA,NA,NA,NA,NA
2009-11-06,1.1e+08,7.0225664,7.0225664,0,NA,NA,NA,NA,NA,NA
2009-11-07,1.1e+08,7.362368,7.362368,0,NA,NA,NA,NA,NA,NA
2009-11-08,1.1e+08,7.5322688,7.5322688,0,NA,NA,NA,NA,NA,NA
2009-11-09,1.1e+08,9.4011776,9.4011776,0,NA,NA,NA,NA,NA,NA
2009-11-10,1.1e+08,11.2700864,11.2700864,0,NA,NA,NA,NA,NA,NA
2009-11-11,1.1e+08,11.0718688,11.0718688,0,NA,NA,NA,NA,NA,NA
2009-11-12,1.1e+08,11.1568192,11.1568192,0,NA,NA,NA,NA,NA,NA
2009-11-13,1.1e+08,10.901968,10.901968,0,NA,NA,NA,NA,NA,NA
2009-11-14,1.1e+08,10.7887008,10.7887008,0.116400001570582,NA,NA,NA,NA,NA,NA
2009-11-15,1.1e+08,10.8170176,10.8170176,0,NA,NA,NA,NA,NA,NA
2009-11-16,1.1e+08,10.760384,10.760384,0.0420999997295439,NA,NA,NA,NA,NA,NA
2009-11-17,1.1e+08,10.9302848,10.9302848,0.00410000002011657,NA,NA,NA,NA,NA,NA
2009-11-18,1.1e+08,10.7037504,10.7037504,2.68550001524272,NA,NA,NA,NA,NA,NA
2009-11-19,1.1e+08,10.477216,10.477216,1.45030006766319,NA,NA,NA,NA,NA,NA
2009-11-20,1.1e+08,10.477216,10.477216,0.466800019145012,NA,NA,NA,NA,NA,NA
2009-11-21,1.1e+08,10.4488992,10.4488992,0,NA,NA,NA,NA,NA,NA
2009-11-22,1.1e+08,10.335632,10.335632,0.0864000022411346,NA,NA,NA,NA,NA,NA
2009-11-23,1.1e+08,10.3639488,10.3639488,0,NA,NA,NA,NA,NA,NA
2009-11-24,1.1e+08,10.3639488,10.3639488,0.782599985599518,NA,NA,NA,NA,NA,NA
2009-11-25,1.1e+08,9.8542464,9.8542464,15.8736000657082,NA,NA,NA,NA,NA,NA
2009-11-26,1.1e+08,8.8914752,8.8914752,11.7142999470234,NA,NA,NA,NA,NA,NA
2009-11-27,1.1e+08,8.7498912,8.7498912,0,NA,NA,NA,NA,NA,NA
2009-11-28,1.1e+08,8.6932576,8.6932576,0,NA,NA,NA,NA,NA,NA
2009-11-29,1.1e+08,8.6083072,8.6083072,0.0944000012241301,NA,NA,NA,NA,NA,NA
2009-11-30,1.1e+08,8.636624,8.636624,0,NA,NA,NA,NA,NA,NA
2009-12-01,1.1e+08,8.6649408,8.6649408,0,NA,NA,NA,NA,NA,NA
2009-12-02,1.1e+08,8.6083072,8.6083072,0,NA,NA,NA,NA,NA,NA
2009-12-03,1.1e+08,8.6083072,8.6083072,1.63890002420521,NA,NA,NA,NA,5.12,NA
2009-12-04,1.1e+08,8.636624,8.636624,1.69370004534721,7.49,7.5,0.13,0.6,NA,4.9
2009-12-05,1.1e+08,8.5516736,8.5516736,0,NA,NA,NA,NA,NA,NA
2009-12-06,1.1e+08,8.49504,8.49504,0,NA,NA,NA,NA,NA,NA
2009-12-07,1.1e+08,8.5233568,8.5233568,2.70689998939633,NA,NA,NA,NA,NA,NA
2009-12-08,1.1e+08,8.5516736,8.5516736,2.1588000357151,NA,NA,NA,NA,NA,NA
2009-12-09,1.1e+08,8.778208,8.778208,32.0536001324654,NA,NA,NA,NA,NA,NA
2009-12-10,1.1e+08,8.6649408,8.6649408,0,NA,NA,NA,NA,NA,NA
2009-12-11,1.1e+08,8.6649408,8.6649408,0,NA,NA,NA,NA,NA,NA
2009-12-12,1.1e+08,8.6083072,8.6083072,0,NA,NA,NA,NA,NA,NA
2009-12-13,1.1e+08,8.5516736,8.5516736,0.449999995529652,NA,NA,NA,NA,NA,NA
2009-12-14,1.1e+08,8.49504,8.49504,1.57219998142682,NA,NA,NA,NA,NA,NA
2009-12-15,1.1e+08,8.070288,8.070288,0,NA,NA,NA,NA,NA,NA
2009-12-16,1.1e+08,7.5322688,7.5322688,0,NA,NA,NA,NA,NA,NA
2009-12-17,1.1e+08,8.2968224,8.2968224,0,NA,NA,NA,NA,NA,NA
2009-12-18,1.1e+08,8.2401888,8.2401888,0,NA,NA,NA,NA,NA,NA
2009-12-19,1.1e+08,8.1835552,8.1835552,0,NA,NA,NA,NA,NA,NA
2009-12-20,1.1e+08,8.2968224,8.2968224,0.0559999998658895,NA,NA,NA,NA,NA,NA
2009-12-21,1.1e+08,8.211872,8.211872,0,NA,NA,NA,NA,NA,NA
2009-12-22,1.1e+08,8.1552384,8.1552384,6.72260009963066,NA,NA,NA,NA,NA,NA
2009-12-23,1.1e+08,8.2401888,8.2401888,0.275199994444847,NA,NA,NA,NA,NA,NA
2009-12-24,1.1e+08,8.3817728,8.3817728,17.1668000817299,NA,NA,NA,NA,NA,NA
2009-12-25,1.1e+08,8.6932576,8.6932576,20.1622000038624,NA,NA,NA,NA,NA,NA
2009-12-26,1.1e+08,8.1552384,8.1552384,1.38799998164177,NA,NA,NA,NA,NA,NA
2009-12-27,1.1e+08,7.8437536,7.8437536,0,NA,NA,NA,NA,NA,NA
2009-12-28,1.1e+08,8.0986048,8.0986048,0,NA,NA,NA,NA,NA,NA
2009-12-29,1.1e+08,8.1269216,8.1269216,0,NA,NA,NA,NA,NA,NA
2009-12-30,1.1e+08,8.0419712,8.0419712,0.219400003552437,NA,NA,NA,NA,NA,NA
2009-12-31,1.1e+08,7.78712,7.78712,0.944200012832881,NA,NA,NA,NA,NA,NA
2010-01-01,1.1e+08,7.6738528,7.6738528,0,NA,NA,NA,NA,NA,NA
2010-01-02,1.1e+08,7.6738528,7.6738528,0,NA,NA,NA,NA,NA,NA
2010-01-03,1.1e+08,7.6172192,7.6172192,0,NA,NA,NA,NA,NA,NA
2010-01-04,1.1e+08,7.503952,7.503952,0,NA,NA,NA,NA,NA,NA
2010-01-05,1.1e+08,7.2491008,7.2491008,0,NA,NA,NA,NA,NA,NA
2010-01-06,1.1e+08,7.0792,7.0792,0,NA,NA,NA,NA,NA,NA
2010-01-07,1.1e+08,7.5889024,7.5889024,11.4293999969959,NA,NA,NA,NA,NA,NA
2010-01-08,1.1e+08,6.8526656,6.8526656,0,NA,NA,NA,NA,NA,NA
2010-01-09,1.1e+08,6.9092992,6.9092992,0,NA,NA,NA,NA,NA,NA
2010-01-10,1.1e+08,6.8526656,6.8526656,0,NA,NA,NA,NA,NA,NA
2010-01-11,1.1e+08,6.7677152,6.7677152,0,NA,NA,NA,NA,NA,NA
2010-01-12,1.1e+08,4.6439552,4.6439552,0,NA,NA,NA,NA,NA,NA
2010-01-13,1.1e+08,3.256432,3.256432,0,NA,NA,NA,NA,NA,NA
2010-01-14,1.1e+08,3.256432,3.256432,0,NA,NA,NA,NA,NA,NA
2010-01-15,1.1e+08,3.1997984,3.1997984,0,NA,NA,NA,NA,NA,NA
2010-01-16,1.1e+08,3.5396,3.5396,0,NA,NA,NA,NA,NA,NA
2010-01-17,1.1e+08,3.4546496,3.4546496,0,NA,NA,NA,NA,NA,NA
2010-01-18,1.1e+08,3.2847488,3.2847488,0,NA,NA,NA,NA,NA,NA
2010-01-19,1.1e+08,3.5112832,3.5112832,0,NA,NA,NA,NA,NA,NA
2010-01-20,1.1e+08,3.5962336,3.5962336,0,NA,NA,NA,NA,NA,NA
2010-01-21,1.1e+08,3.5679168,3.5679168,0.115200005471706,NA,NA,NA,NA,NA,NA
2010-01-22,1.1e+08,3.5679168,3.5679168,0.0136000001803041,NA,NA,NA,NA,NA,NA
2010-01-23,1.1e+08,3.6245504,3.6245504,0.562400005757808,NA,NA,NA,NA,NA,NA
2010-01-24,1.1e+08,4.3041536,4.3041536,16.4615997672081,NA,NA,NA,NA,NA,NA
2010-01-25,1.1e+08,4.0209856,4.0209856,0.0644000023603438,NA,NA,NA,NA,NA,NA
2010-01-26,1.1e+08,3.964352,3.964352,0,NA,NA,NA,NA,NA,NA
2010-01-27,1.1e+08,3.9077184,3.9077184,0,NA,NA,NA,NA,NA,NA
2010-01-28,1.1e+08,3.8510848,3.8510848,0,NA,NA,NA,NA,NA,NA
2010-01-29,1.1e+08,3.8794016,3.8794016,0,NA,NA,NA,NA,NA,NA
2010-01-30,1.1e+08,3.9360352,3.9360352,0,NA,NA,NA,NA,NA,NA
2010-01-31,1.1e+08,3.9926688,3.9926688,0,NA,NA,NA,NA,NA,NA
2010-02-01,1.1e+08,4.0209856,4.0209856,0,NA,NA,NA,NA,4.252,NA
2010-02-02,1.1e+08,4.105936,4.105936,5.32570003345609,NA,NA,NA,NA,NA,NA
2010-02-03,1.1e+08,3.964352,3.964352,0,3.48,2.53,0.16,9.1,NA,4.3
2010-02-04,1.1e+08,4.0209856,4.0209856,0.0028000000747852,NA,NA,NA,NA,NA,NA
2010-02-05,1.1e+08,3.9926688,3.9926688,0.0608000007632654,NA,NA,NA,NA,NA,NA
2010-02-06,1.1e+08,3.7378176,3.7378176,0.0184000004082918,NA,NA,NA,NA,NA,NA
2010-02-07,1.1e+08,3.8510848,3.8510848,0,NA,NA,NA,NA,NA,NA
2010-02-08,1.1e+08,4.0493024,4.0493024,1.09800001978874,NA,NA,NA,NA,NA,NA
2010-02-09,1.1e+08,4.1908864,4.1908864,10.0805999860167,NA,NA,NA,NA,NA,NA
2010-02-10,1.1e+08,4.1342528,4.1342528,0,NA,NA,NA,NA,NA,NA
2010-02-11,1.1e+08,4.0209856,4.0209856,0,NA,NA,NA,NA,NA,NA
2010-02-12,1.1e+08,3.964352,3.964352,0,NA,NA,NA,NA,NA,NA
2010-02-13,1.1e+08,3.9077184,3.9077184,0,NA,NA,NA,NA,NA,NA
2010-02-14,1.1e+08,3.822768,3.822768,0,NA,NA,NA,NA,NA,NA
2010-02-15,1.1e+08,3.9077184,3.9077184,1.11840005218982,NA,NA,NA,NA,NA,NA
2010-02-16,1.1e+08,3.9360352,3.9360352,0.582000017166137,NA,NA,NA,NA,NA,NA
2010-02-17,1.1e+08,4.0209856,4.0209856,0,NA,NA,NA,NA,NA,NA
2010-02-18,1.1e+08,3.9360352,3.9360352,0,NA,NA,NA,NA,NA,NA
2010-02-19,1.1e+08,3.8794016,3.8794016,0,NA,NA,NA,NA,NA,NA
2010-02-20,1.1e+08,4.0776192,4.0776192,3.01749999076128,NA,NA,NA,NA,NA,NA
2010-02-21,1.1e+08,4.0209856,4.0209856,0,NA,NA,NA,NA,NA,NA
2010-02-22,1.1e+08,4.1342528,4.1342528,2.52240002155304,NA,NA,NA,NA,NA,NA
2010-02-23,1.1e+08,4.0776192,4.0776192,2.33560000360012,NA,NA,NA,NA,NA,NA
2010-02-24,1.1e+08,3.964352,3.964352,0.460399986652191,NA,NA,NA,NA,NA,NA
2010-02-25,1.1e+08,3.9077184,3.9077184,0,NA,NA,NA,NA,NA,NA
2010-02-26,1.1e+08,3.7944512,3.7944512,0,NA,NA,NA,NA,NA,NA
2010-02-27,1.1e+08,3.7944512,3.7944512,0,NA,NA,NA,NA,NA,NA
2010-02-28,1.1e+08,3.9360352,3.9360352,0,NA,NA,NA,NA,NA,NA
2010-03-01,1.1e+08,3.9360352,3.9360352,0,NA,NA,NA,NA,NA,NA
2010-03-02,1.1e+08,2.6617792,2.6617792,0,NA,NA,NA,NA,NA,NA
2010-03-03,1.1e+08,2.6051456,2.6051456,0,NA,NA,NA,NA,NA,NA
2010-03-04,1.1e+08,2.406928,2.406928,0,NA,NA,NA,NA,NA,NA
2010-03-05,1.1e+08,2.265344,2.265344,0,NA,NA,NA,NA,NA,NA
2010-03-06,1.1e+08,2.0104928,2.0104928,0,NA,NA,NA,NA,NA,NA
2010-03-07,1.1e+08,2.0388096,2.0388096,0.20379999652505,NA,NA,NA,NA,NA,NA
2010-03-08,1.1e+08,1.982176,1.982176,0.0850000008940696,NA,NA,NA,NA,NA,NA
2010-03-09,1.1e+08,2.0104928,2.0104928,2.25180001556873,NA,NA,NA,NA,NA,NA
2010-03-10,1.1e+08,2.3502944,2.3502944,7.79419983178378,NA,NA,NA,NA,NA,NA
2010-03-11,1.1e+08,3.114848,3.114848,6.45959992753342,NA,NA,NA,NA,NA,NA
2010-03-12,1.1e+08,3.681184,3.681184,0.741200000047685,NA,NA,NA,NA,NA,NA
2010-03-13,1.1e+08,2.12376,2.12376,1.34579996019602,NA,NA,NA,NA,NA,NA
2010-03-14,1.1e+08,2.2087104,2.2087104,0,NA,NA,NA,NA,NA,NA
2010-03-15,1.1e+08,2.265344,2.265344,0,NA,NA,NA,NA,NA,NA
2010-03-16,1.1e+08,2.3219776,2.3219776,0,NA,NA,NA,NA,NA,NA
2010-03-17,1.1e+08,2.2936608,2.2936608,0,NA,NA,NA,NA,NA,NA
2010-03-18,1.1e+08,2.3219776,2.3219776,0,NA,NA,NA,NA,NA,NA
2010-03-19,1.1e+08,2.3502944,2.3502944,0.0090000002819579,NA,NA,NA,NA,NA,NA
2010-03-20,1.1e+08,2.2370272,2.2370272,5.55579998693429,NA,NA,NA,NA,NA,NA
2010-03-21,1.1e+08,2.2370272,2.2370272,0,NA,NA,NA,NA,NA,NA
2010-03-22,1.1e+08,2.3219776,2.3219776,0,NA,NA,NA,NA,NA,NA
2010-03-23,1.1e+08,2.3219776,2.3219776,0,NA,NA,NA,NA,NA,NA
2010-03-24,1.1e+08,2.3219776,2.3219776,0,NA,NA,NA,NA,NA,NA
2010-03-25,1.1e+08,2.2370272,2.2370272,0,NA,NA,NA,NA,NA,NA
2010-03-26,1.1e+08,2.3219776,2.3219776,0,NA,NA,NA,NA,NA,NA
2010-03-27,1.1e+08,2.2936608,2.2936608,0,NA,NA,NA,NA,NA,NA
2010-03-28,1.1e+08,2.2087104,2.2087104,0,NA,NA,NA,NA,NA,NA
2010-03-29,1.1e+08,2.1520768,2.1520768,0,NA,NA,NA,NA,NA,NA
2010-03-30,1.1e+08,2.1520768,2.1520768,0,NA,NA,NA,NA,NA,NA
2010-03-31,1.1e+08,1.6140576,1.6140576,0,5.74,5.81,0.13,39.0333333333333,NA,1.3
2010-04-01,1.1e+08,1.3025728,1.3025728,0,NA,NA,NA,NA,NA,NA
2010-04-02,1.1e+08,1.274256,1.274256,0.379200008232147,NA,NA,NA,NA,NA,NA
2010-04-03,1.1e+08,1.3875232,1.3875232,3.06690000090748,NA,NA,NA,NA,NA,NA
2010-04-04,1.1e+08,1.3308896,1.3308896,0.969599962234498,NA,NA,NA,NA,NA,NA
2010-04-05,1.1e+08,1.3308896,1.3308896,0.250900002196431,NA,NA,NA,NA,NA,NA
2010-04-06,1.1e+08,1.8689088,1.8689088,34.713599585928,NA,NA,NA,NA,NA,NA
2010-04-07,1.1e+08,1.6706912,1.6706912,24.0127014201134,NA,NA,NA,NA,NA,NA
2010-04-08,1.1e+08,1.3875232,1.3875232,8.27019980922342,NA,NA,NA,NA,NA,NA
2010-04-09,1.1e+08,1.3025728,1.3025728,0,NA,NA,NA,NA,NA,NA
2010-04-10,1.1e+08,1.3592064,1.3592064,0.0606999997980893,NA,NA,NA,NA,NA,NA
2010-04-11,1.1e+08,1.3592064,1.3592064,0.0208999998867512,NA,NA,NA,NA,NA,NA
2010-04-12,1.1e+08,2.690096,2.690096,1.04449998913333,7.3,7.98,0.07,83,NA,1.3
2010-04-13,1.1e+08,4.5023712,4.5023712,0.212200000882149,NA,NA,NA,NA,6.307,NA
2010-04-14,1.1e+08,5.6350432,5.6350432,0,NA,NA,NA,NA,NA,NA
2010-04-15,1.1e+08,6.4845472,6.4845472,0,NA,NA,NA,NA,NA,NA
2010-04-16,1.1e+08,6.4562304,6.4562304,0.921399993989326,NA,NA,NA,NA,NA,NA
2010-04-17,1.1e+08,7.0792,7.0792,0,NA,NA,NA,NA,NA,NA
2010-04-18,1.1e+08,7.8154368,7.8154368,0,NA,NA,NA,NA,NA,NA
2010-04-19,1.1e+08,7.7304864,7.7304864,0,NA,NA,NA,NA,NA,NA
2010-04-20,1.1e+08,7.7021696,7.7021696,0,NA,NA,NA,NA,NA,NA
2010-04-21,1.1e+08,6.7110816,6.7110816,0,NA,NA,NA,NA,NA,NA
2010-04-22,1.1e+08,5.946528,5.946528,0.105200000107288,NA,NA,NA,NA,NA,NA
2010-04-23,1.1e+08,5.2102912,5.2102912,1.73260001838208,NA,NA,NA,NA,NA,NA
2010-04-24,1.1e+08,4.2758368,4.2758368,7.01570001244545,NA,NA,NA,NA,NA,NA
2010-04-25,1.1e+08,4.389104,4.389104,21.6429000422358,NA,NA,NA,NA,NA,NA
2010-04-26,1.1e+08,4.530688,4.530688,0,NA,NA,NA,NA,NA,NA
2010-04-27,1.1e+08,4.0493024,4.0493024,0,9.2,10.89,0.09,3.16666666666667,NA,2.5
2010-04-28,1.1e+08,2.973264,2.973264,0,NA,NA,NA,NA,NA,NA
2010-04-29,1.1e+08,2.406928,2.406928,0.0351000018417835,NA,NA,NA,NA,NA,NA
2010-04-30,1.1e+08,2.6051456,2.6051456,7.9534999858588,NA,NA,NA,NA,NA,NA
2010-05-01,1.1e+08,2.5201952,2.5201952,4.51659989496693,NA,NA,NA,NA,NA,NA
2010-05-02,1.1e+08,2.4635616,2.4635616,0.0272000006953021,NA,NA,NA,NA,NA,NA
2010-05-03,1.1e+08,2.3786112,2.3786112,0.524099998176099,NA,NA,NA,NA,NA,NA
2010-05-04,1.1e+08,2.265344,2.265344,0,NA,NA,NA,NA,NA,NA
2010-05-05,1.1e+08,2.1803936,2.1803936,1.9893000125885,NA,NA,NA,NA,NA,NA
2010-05-06,1.1e+08,2.0104928,2.0104928,0,NA,NA,NA,NA,NA,NA
2010-05-07,1.1e+08,2.1520768,2.1520768,11.0269000101834,NA,NA,NA,NA,NA,NA
2010-05-08,1.1e+08,2.12376,2.12376,1.33990000188351,NA,NA,NA,NA,NA,NA
2010-05-09,1.1e+08,2.12376,2.12376,0,NA,NA,NA,NA,NA,NA
2010-05-10,1.1e+08,2.0954432,2.0954432,0,NA,NA,NA,NA,4.696,NA
2010-05-11,1.1e+08,2.3502944,2.3502944,18.5705000413582,NA,NA,NA,NA,NA,NA
2010-05-12,1.1e+08,3.398016,3.398016,0.0318999998271465,NA,NA,NA,NA,NA,NA
2010-05-13,1.1e+08,4.1342528,4.1342528,32.3955003023147,12.48,12.58,0.08,0.833333333333333,NA,4.2
2010-05-14,1.1e+08,4.24752,4.24752,0,NA,NA,NA,NA,NA,NA
2010-05-15,1.1e+08,4.1342528,4.1342528,0,NA,NA,NA,NA,NA,NA
2010-05-16,1.1e+08,4.0493024,4.0493024,0,NA,NA,NA,NA,NA,NA
2010-05-17,1.1e+08,5.3518752,5.3518752,0,NA,NA,NA,NA,NA,NA
2010-05-18,1.1e+08,6.9942496,6.9942496,0,NA,NA,NA,NA,NA,NA
2010-05-19,1.1e+08,7.7588032,7.7588032,0,NA,NA,NA,NA,NA,NA
2010-05-20,1.1e+08,7.7588032,7.7588032,0.383799999952316,NA,NA,NA,NA,NA,NA
2010-05-21,1.1e+08,7.7588032,7.7588032,5.73499990798882,NA,NA,NA,NA,NA,NA
2010-05-22,1.1e+08,7.7588032,7.7588032,0.522099990397692,NA,NA,NA,NA,NA,NA
2010-05-23,1.1e+08,7.7304864,7.7304864,0,NA,NA,NA,NA,NA,NA
2010-05-24,1.1e+08,7.5889024,7.5889024,0,NA,NA,NA,NA,NA,NA
2010-05-25,1.1e+08,7.8437536,7.8437536,5.74839997780509,12.95,18.9,0.07,5.13333333333333,NA,4.8
2010-05-26,1.1e+08,7.6172192,7.6172192,3.45729998312891,NA,NA,NA,NA,NA,NA
2010-05-27,1.1e+08,7.4473184,7.4473184,12.5454003084451,NA,NA,NA,NA,NA,NA
2010-05-28,1.1e+08,7.7588032,7.7588032,0,NA,NA,NA,NA,NA,NA
2010-05-29,1.1e+08,8.8348416,8.8348416,0,NA,NA,NA,NA,NA,NA
2010-05-30,1.1e+08,8.7215744,8.7215744,0,NA,NA,NA,NA,NA,NA
2010-05-31,1.1e+08,8.1835552,8.1835552,0.448300004005432,NA,NA,NA,NA,NA,NA
2010-06-01,1.1e+08,6.796032,6.796032,0.157899999991059,NA,NA,NA,NA,NA,NA
2010-06-02,1.1e+08,6.6261312,6.6261312,7.92929992545396,NA,NA,NA,NA,NA,NA
2010-06-03,1.1e+08,6.3995968,6.3995968,1.17760002613068,NA,NA,NA,NA,NA,NA
2010-06-04,1.1e+08,6.2580128,6.2580128,12.1642002388835,NA,NA,NA,NA,NA,NA
2010-06-05,1.1e+08,6.37128,6.37128,15.6348001981969,NA,NA,NA,NA,NA,NA
2010-06-06,1.1e+08,5.7199936,5.7199936,16.841799736023,NA,NA,NA,NA,NA,NA
2010-06-07,1.1e+08,5.4651424,5.4651424,0.982400028966366,NA,NA,NA,NA,5.109,NA
2010-06-08,1.1e+08,5.3235584,5.3235584,15.3403000198305,NA,NA,NA,NA,NA,NA
2010-06-09,1.1e+08,5.2952416,5.2952416,0.702700003981592,13.07,18.72,0.19,4.04,NA,2.5
2010-06-10,1.1e+08,5.1819744,5.1819744,0.310099989175797,NA,NA,NA,NA,NA,NA
2010-06-11,1.1e+08,5.1253408,5.1253408,2.63819998636609,NA,NA,NA,NA,NA,NA
2010-06-12,1.1e+08,4.5873216,4.5873216,1.11800000630319,NA,NA,NA,NA,NA,NA
2010-06-13,1.1e+08,4.0209856,4.0209856,3.54360001906753,NA,NA,NA,NA,NA,NA
2010-06-14,1.1e+08,3.7944512,3.7944512,3.36909991163703,NA,NA,NA,NA,NA,NA
2010-06-15,1.1e+08,3.8794016,3.8794016,22.2599997520447,NA,NA,NA,NA,NA,NA
2010-06-16,1.1e+08,3.681184,3.681184,0,NA,NA,NA,NA,NA,NA
2010-06-17,1.1e+08,3.7378176,3.7378176,0,NA,NA,NA,NA,NA,NA
2010-06-18,1.1e+08,3.7378176,3.7378176,5.05579993128777,NA,NA,NA,NA,NA,NA
2010-06-19,1.1e+08,3.5679168,3.5679168,2.24610001733526,NA,NA,NA,NA,NA,NA
2010-06-20,1.1e+08,3.398016,3.398016,0.000600000028498471,NA,NA,NA,NA,NA,NA
2010-06-21,1.1e+08,3.822768,3.822768,11.0269998779986,13.47,21.86,0.06,11.1333333333333,NA,1.5
2010-06-22,1.1e+08,3.681184,3.681184,36.0506001203321,NA,NA,NA,NA,NA,NA
2010-06-23,1.1e+08,4.0776192,4.0776192,22.7593006901443,NA,NA,NA,NA,NA,NA
2010-06-24,1.1e+08,4.1342528,4.1342528,1.76689994335175,NA,NA,NA,NA,NA,NA
2010-06-25,1.1e+08,4.3041536,4.3041536,0,NA,NA,NA,NA,NA,NA
2010-06-26,1.1e+08,4.24752,4.24752,20.8679002039134,NA,NA,NA,NA,NA,NA
2010-06-27,1.1e+08,4.530688,4.530688,10.8743999993239,NA,NA,NA,NA,NA,NA
2010-06-28,1.1e+08,3.964352,3.964352,0,NA,NA,NA,NA,NA,NA
2010-06-29,1.1e+08,3.8794016,3.8794016,0,NA,NA,NA,NA,NA,NA
2010-06-30,1.1e+08,3.8510848,3.8510848,0,NA,NA,NA,NA,NA,NA
2010-07-01,1.1e+08,4.0209856,4.0209856,0,NA,NA,NA,NA,NA,NA
2010-07-02,1.1e+08,4.5590048,4.5590048,0,NA,NA,NA,NA,NA,NA
2010-07-03,1.1e+08,5.0120736,5.0120736,0,NA,NA,NA,NA,NA,NA
2010-07-04,1.1e+08,5.4368256,5.4368256,0,NA,NA,NA,NA,NA,NA
2010-07-05,1.1e+08,6.0597952,6.0597952,5.47309990829672,NA,NA,NA,NA,4.38,NA
2010-07-06,1.1e+08,6.654448,6.654448,2.1226000017923,13.04,22.01,0.25,12.88,NA,1.6
2010-07-07,1.1e+08,6.9942496,6.9942496,20.972999446094,NA,NA,NA,NA,NA,NA
2010-07-08,1.1e+08,6.7393984,6.7393984,3.42690004408359,NA,NA,NA,NA,NA,NA
2010-07-09,1.1e+08,7.0792,7.0792,0,NA,NA,NA,NA,NA,NA
2010-07-10,1.1e+08,7.7588032,7.7588032,0.00639999983832242,NA,NA,NA,NA,NA,NA
2010-07-11,1.1e+08,7.7304864,7.7304864,1.28300000529271,NA,NA,NA,NA,NA,NA
2010-07-12,1.1e+08,7.7021696,7.7021696,0,NA,NA,NA,NA,NA,NA
2010-07-13,1.1e+08,7.8154368,7.8154368,0.0308999996632338,NA,NA,NA,NA,NA,NA
2010-07-14,1.1e+08,7.78712,7.78712,0,NA,NA,NA,NA,NA,NA
2010-07-15,1.1e+08,8.4100896,8.4100896,28.7893001437187,NA,NA,NA,NA,NA,NA
2010-07-16,1.1e+08,8.211872,8.211872,0,NA,NA,NA,NA,NA,NA
2010-07-17,1.1e+08,8.211872,8.211872,0,NA,NA,NA,NA,NA,NA
2010-07-18,1.1e+08,8.211872,8.211872,7.39920009137132,NA,NA,NA,NA,NA,NA
2010-07-19,1.1e+08,8.1552384,8.1552384,0,NA,NA,NA,NA,NA,NA
2010-07-20,1.1e+08,8.1269216,8.1269216,0.412800009362399,13.9,25.33,0.04,16.9333333333333,NA,1
2010-07-21,1.1e+08,8.070288,8.070288,0,NA,NA,NA,NA,NA,NA
2010-07-22,1.1e+08,7.6738528,7.6738528,40.0517013370991,NA,NA,NA,NA,NA,NA
2010-07-23,1.1e+08,5.66336,5.66336,51.4730007424951,NA,NA,NA,NA,NA,NA
2010-07-24,1.1e+08,5.5500928,5.5500928,15.1607005223632,NA,NA,NA,NA,NA,NA
2010-07-25,1.1e+08,5.6916768,5.6916768,1.70299994945526,NA,NA,NA,NA,NA,NA
2010-07-26,1.1e+08,5.4934592,5.4934592,0,NA,NA,NA,NA,NA,NA
2010-07-27,1.1e+08,5.5784096,5.5784096,0,NA,NA,NA,NA,NA,NA
2010-07-28,1.1e+08,5.7199936,5.7199936,2.37069998471998,NA,NA,NA,NA,NA,NA
2010-07-29,1.1e+08,5.521776,5.521776,9.99999974737875e-05,NA,NA,NA,NA,NA,NA
2010-07-30,1.1e+08,5.4934592,5.4934592,7.69260008842685,NA,NA,NA,NA,NA,NA
2010-07-31,1.1e+08,5.5500928,5.5500928,2.45389997772873,NA,NA,NA,NA,NA,NA
2010-08-01,1.1e+08,5.5784096,5.5784096,0.0255999993532896,NA,NA,NA,NA,NA,NA
2010-08-02,1.1e+08,5.4934592,5.4934592,0.0487999990582467,NA,NA,NA,NA,NA,NA
2010-08-03,1.1e+08,5.2952416,5.2952416,0.55099999455706,NA,NA,NA,NA,4.553,NA
2010-08-04,1.1e+08,5.2669248,5.2669248,0.076399999903515,13.26,24.29,0.28,9.8375,NA,1
2010-08-05,1.1e+08,5.2669248,5.2669248,0.013600000180304,NA,NA,NA,NA,NA,NA
2010-08-06,1.1e+08,5.3235584,5.3235584,0,NA,NA,NA,NA,NA,NA
2010-08-07,1.1e+08,5.2102912,5.2102912,0.0559000000357629,NA,NA,NA,NA,NA,NA
2010-08-08,1.1e+08,5.4085088,5.4085088,34.6028998612892,NA,NA,NA,NA,NA,NA
2010-08-09,1.1e+08,5.380192,5.380192,12.9063999879727,NA,NA,NA,NA,NA,NA
2010-08-10,1.1e+08,5.1253408,5.1253408,0.579299986362458,NA,NA,NA,NA,NA,NA
2010-08-11,1.1e+08,5.1536576,5.1536576,0,NA,NA,NA,NA,NA,NA
2010-08-12,1.1e+08,5.1253408,5.1253408,0,NA,NA,NA,NA,NA,NA
2010-08-13,1.1e+08,5.66336,5.66336,39.9103006256556,NA,NA,NA,NA,NA,NA
2010-08-14,1.1e+08,4.6156384,4.6156384,4.44389989972114,NA,NA,NA,NA,NA,NA
2010-08-15,1.1e+08,4.4740544,4.4740544,1.41659998893738,NA,NA,NA,NA,NA,NA
2010-08-16,1.1e+08,4.3607872,4.3607872,0,14.15,25.01,0.03,13.3,NA,1.2
2010-08-17,1.1e+08,4.1908864,4.1908864,0.149800006998703,NA,NA,NA,NA,NA,NA
2010-08-18,1.1e+08,4.105936,4.105936,0,NA,NA,NA,NA,NA,NA
2010-08-19,1.1e+08,4.0776192,4.0776192,0,NA,NA,NA,NA,NA,NA
2010-08-20,1.1e+08,4.1908864,4.1908864,4.73810005187988,NA,NA,NA,NA,NA,NA
2010-08-21,1.1e+08,4.1625696,4.1625696,4.96469984948637,NA,NA,NA,NA,NA,NA
2010-08-22,1.1e+08,4.1908864,4.1908864,0.105400003492832,NA,NA,NA,NA,NA,NA
2010-08-23,1.1e+08,4.1908864,4.1908864,0,NA,NA,NA,NA,NA,NA
2010-08-24,1.1e+08,4.1625696,4.1625696,0,NA,NA,NA,NA,NA,NA
2010-08-25,1.1e+08,4.1908864,4.1908864,0,NA,NA,NA,NA,NA,NA
2010-08-26,1.1e+08,4.24752,4.24752,0,NA,NA,NA,NA,NA,NA
2010-08-27,1.1e+08,4.4174208,4.4174208,0,NA,NA,NA,NA,NA,NA
2010-08-28,1.1e+08,4.3607872,4.3607872,0,NA,NA,NA,NA,NA,NA
2010-08-29,1.1e+08,4.3041536,4.3041536,0,NA,NA,NA,NA,NA,NA
2010-08-30,1.1e+08,4.0776192,4.0776192,0,13.35,22.61,0.31,14.5888888888889,4.874,1.1
2010-08-31,1.1e+08,4.2192032,4.2192032,14.1791002069949,NA,NA,NA,NA,NA,NA
2010-09-01,1.1e+08,4.6439552,4.6439552,27.6458997726441,NA,NA,NA,NA,NA,NA
2010-09-02,1.1e+08,4.9837568,4.9837568,20.9593005105854,NA,NA,NA,NA,NA,NA
2010-09-03,1.1e+08,4.6439552,4.6439552,11.2561996385921,NA,NA,NA,NA,NA,NA
2010-09-04,1.1e+08,4.530688,4.530688,0.95540001988411,NA,NA,NA,NA,NA,NA
2010-09-05,1.1e+08,4.4457376,4.4457376,0.0930000022053718,NA,NA,NA,NA,NA,NA
2010-09-06,1.1e+08,4.3607872,4.3607872,1.13110000221059,NA,NA,NA,NA,NA,NA
2010-09-07,1.1e+08,4.4457376,4.4457376,0.0906999971339247,NA,NA,NA,NA,NA,NA
2010-09-08,1.1e+08,4.3324704,4.3324704,0,NA,NA,NA,NA,NA,NA
2010-09-09,1.1e+08,4.3041536,4.3041536,0,NA,NA,NA,NA,NA,NA
2010-09-10,1.1e+08,4.3607872,4.3607872,0,NA,NA,NA,NA,NA,NA
2010-09-11,1.1e+08,4.4174208,4.4174208,9.35209977626798,NA,NA,NA,NA,NA,NA
2010-09-12,1.1e+08,4.4457376,4.4457376,0.927799999713897,NA,NA,NA,NA,NA,NA
2010-09-13,1.1e+08,4.3041536,4.3041536,0,NA,NA,NA,NA,NA,NA
2010-09-14,1.1e+08,4.3607872,4.3607872,0,NA,NA,NA,NA,NA,NA
2010-09-15,1.1e+08,4.3607872,4.3607872,0,NA,NA,NA,NA,NA,NA
2010-09-16,1.1e+08,4.7289056,4.7289056,1.80420000106097,NA,NA,NA,NA,NA,NA
2010-09-17,1.1e+08,5.1536576,5.1536576,0,NA,NA,NA,NA,NA,NA
2010-09-18,1.1e+08,5.2952416,5.2952416,18.0465004718863,NA,NA,NA,NA,NA,NA
2010-09-19,1.1e+08,4.4740544,4.4740544,1.21549997961119,NA,NA,NA,NA,NA,NA
2010-09-20,1.1e+08,4.4740544,4.4740544,0.474399998784065,NA,NA,NA,NA,NA,NA
2010-09-21,1.1e+08,4.530688,4.530688,1.46340001933276,NA,NA,NA,NA,NA,NA
2010-09-22,1.1e+08,4.4457376,4.4457376,0.0516000017523767,NA,NA,NA,NA,NA,NA
2010-09-23,1.1e+08,4.530688,4.530688,0.000199999994947575,NA,NA,NA,NA,NA,NA
2010-09-24,1.1e+08,5.2952416,5.2952416,6.74459997192024,NA,NA,NA,NA,NA,NA
2010-09-25,1.1e+08,6.1447456,6.1447456,0.216199994087219,NA,NA,NA,NA,NA,NA
2010-09-26,1.1e+08,6.3429632,6.3429632,0.0642000008374453,NA,NA,NA,NA,NA,NA
2010-09-27,1.1e+08,6.3429632,6.3429632,0,NA,NA,NA,NA,NA,NA
2010-09-28,1.1e+08,6.4845472,6.4845472,0,NA,NA,NA,NA,NA,NA
2010-09-29,1.1e+08,7.4756352,7.4756352,0,NA,NA,NA,NA,NA,NA
2010-09-30,1.1e+08,7.9853376,7.9853376,0.0359999994980173,NA,NA,NA,NA,NA,NA
2010-10-01,1.1e+08,8.0136544,8.0136544,0.0012999999744352,NA,NA,NA,NA,NA,NA
2010-10-02,1.1e+08,8.0136544,8.0136544,1.39009997714311,NA,NA,NA,NA,NA,NA
2010-10-03,1.1e+08,8.0136544,8.0136544,0,NA,NA,NA,NA,NA,NA
2010-10-04,1.1e+08,8.0419712,8.0419712,0,NA,NA,NA,NA,NA,NA
2010-10-05,1.1e+08,8.0986048,8.0986048,0,NA,NA,NA,NA,4.862,NA
2010-10-06,1.1e+08,8.2401888,8.2401888,0,NA,NA,NA,NA,NA,NA
2010-10-07,1.1e+08,8.3817728,8.3817728,0,NA,NA,NA,NA,NA,NA
2010-10-08,1.1e+08,8.4100896,8.4100896,0,12.9,16.5,0.32,21.5666666666667,NA,1.1
2010-10-09,1.1e+08,8.5516736,8.5516736,0,NA,NA,NA,NA,NA,NA
2010-10-10,1.1e+08,8.5233568,8.5233568,0,NA,NA,NA,NA,NA,NA
2010-10-11,1.1e+08,8.5516736,8.5516736,0,NA,NA,NA,NA,NA,NA
2010-10-12,1.1e+08,8.6932576,8.6932576,0,NA,NA,NA,NA,NA,NA
2010-10-13,1.1e+08,8.919792,8.919792,0,NA,NA,NA,NA,NA,NA
2010-10-14,1.1e+08,9.0330592,9.0330592,0,NA,NA,NA,NA,NA,NA
2010-10-15,1.1e+08,9.061376,9.061376,0,NA,NA,NA,NA,NA,NA
2010-10-16,1.1e+08,9.0896928,9.0896928,0,NA,NA,NA,NA,NA,NA
2010-10-17,1.1e+08,9.1746432,9.1746432,0,NA,NA,NA,NA,NA,NA
2010-10-18,1.1e+08,9.2312768,9.2312768,0,NA,NA,NA,NA,NA,NA
2010-10-19,1.1e+08,9.2312768,9.2312768,0,NA,NA,NA,NA,NA,NA
2010-10-20,1.1e+08,9.2312768,9.2312768,0,NA,NA,NA,NA,NA,NA
2010-10-21,1.1e+08,7.0792,7.0792,0,NA,NA,NA,NA,NA,NA
2010-10-22,1.1e+08,5.521776,5.521776,0,NA,NA,NA,NA,NA,NA
2010-10-23,1.1e+08,5.7766272,5.7766272,4.54010004142765,NA,NA,NA,NA,NA,NA
2010-10-24,1.1e+08,6.0031616,6.0031616,33.3641000501812,NA,NA,NA,NA,NA,NA
2010-10-25,1.1e+08,5.7483104,5.7483104,0.0899000018835067,NA,NA,NA,NA,NA,NA
2010-10-26,1.1e+08,6.1730624,6.1730624,31.2201998233795,NA,NA,NA,NA,NA,NA
2010-10-27,1.1e+08,5.8898944,5.8898944,0.0878000035881996,NA,NA,NA,NA,NA,NA
2010-10-28,1.1e+08,5.946528,5.946528,0.0264999996870756,NA,NA,NA,NA,NA,NA
2010-10-29,1.1e+08,5.9182112,5.9182112,0,NA,NA,NA,NA,NA,NA
2010-10-30,1.1e+08,6.0031616,6.0031616,0,NA,NA,NA,NA,NA,NA
2010-10-31,1.1e+08,5.9748448,5.9748448,0,NA,NA,NA,NA,NA,NA
2010-11-01,1.1e+08,5.9748448,5.9748448,0,NA,NA,NA,NA,NA,NA
2010-11-02,1.1e+08,5.9748448,5.9748448,0,11.55,11.78,0.08,18.3666666666667,NA,1.7
2010-11-03,1.1e+08,5.9748448,5.9748448,0,NA,NA,NA,NA,NA,NA
2010-11-04,1.1e+08,5.9748448,5.9748448,0.145799998193979,NA,NA,NA,NA,NA,NA
2010-11-05,1.1e+08,6.6827648,6.6827648,0.000300000014249235,NA,NA,NA,NA,NA,NA
2010-11-06,1.1e+08,7.3057344,7.3057344,0,NA,NA,NA,NA,NA,NA
2010-11-07,1.1e+08,7.2774176,7.2774176,0,NA,NA,NA,NA,NA,NA
2010-11-08,1.1e+08,7.2774176,7.2774176,0,NA,NA,NA,NA,NA,NA
2010-11-09,1.1e+08,7.2491008,7.2491008,0,NA,NA,NA,NA,NA,NA
2010-11-10,1.1e+08,7.2491008,7.2491008,0,NA,NA,NA,NA,NA,NA
2010-11-11,1.1e+08,7.220784,7.220784,0,NA,NA,NA,NA,NA,NA
2010-11-12,1.1e+08,7.1924672,7.1924672,2.32499999120774,NA,NA,NA,NA,NA,NA
2010-11-13,1.1e+08,7.2774176,7.2774176,8.12109998613596,NA,NA,NA,NA,NA,NA
2010-11-14,1.1e+08,7.1641504,7.1641504,0.277599998866208,NA,NA,NA,NA,NA,NA
2010-11-15,1.1e+08,7.220784,7.220784,0.413200019858778,NA,NA,NA,NA,NA,NA
2010-11-16,1.1e+08,7.2774176,7.2774176,1.02630000628415,NA,NA,NA,NA,NA,NA
2010-11-17,1.1e+08,7.362368,7.362368,2.04210000182502,NA,NA,NA,NA,NA,NA
2010-11-18,1.1e+08,7.0792,7.0792,0,NA,NA,NA,NA,NA,NA
2010-11-19,1.1e+08,6.9659328,6.9659328,0,NA,NA,NA,NA,NA,NA
2010-11-20,1.1e+08,7.0508832,7.0508832,0,NA,NA,NA,NA,NA,NA
2010-11-21,1.1e+08,7.0225664,7.0225664,1.40230002999305,NA,NA,NA,NA,NA,NA
2010-11-22,1.1e+08,7.0225664,7.0225664,3.88769999652868,NA,NA,NA,NA,NA,NA
2010-11-23,1.1e+08,7.0792,7.0792,0,NA,NA,NA,NA,NA,NA
2010-11-24,1.1e+08,7.1641504,7.1641504,4.36959996819496,NA,NA,NA,NA,NA,NA
2010-11-25,1.1e+08,7.1924672,7.1924672,4.43630012869835,NA,NA,NA,NA,NA,NA
2010-11-26,1.1e+08,7.1075168,7.1075168,0,NA,NA,NA,NA,NA,NA
2010-11-27,1.1e+08,6.9092992,6.9092992,0,NA,NA,NA,NA,NA,NA
2010-11-28,1.1e+08,6.937616,6.937616,0,NA,NA,NA,NA,NA,NA
2010-11-29,1.1e+08,7.8154368,7.8154368,1.66229995340109,NA,NA,NA,NA,NA,NA
2010-11-30,1.1e+08,8.3251392,8.3251392,1.90340008493513,NA,NA,NA,NA,NA,NA
2010-12-01,1.1e+08,8.2968224,8.2968224,0.0124000003561378,NA,NA,NA,NA,NA,NA
2010-12-02,1.1e+08,8.2685056,8.2685056,0,NA,NA,NA,NA,NA,NA
2010-12-03,1.1e+08,8.211872,8.211872,0,NA,NA,NA,NA,NA,NA
2010-12-04,1.1e+08,8.2401888,8.2401888,13.7329999804497,NA,NA,NA,NA,NA,NA
2010-12-05,1.1e+08,8.211872,8.211872,0.706099987030029,NA,NA,NA,NA,NA,NA
2010-12-06,1.1e+08,8.070288,8.070288,0,NA,NA,NA,NA,NA,NA
2010-12-07,1.1e+08,8.0419712,8.0419712,0,NA,NA,NA,NA,NA,NA
2010-12-08,1.1e+08,7.645536,7.645536,0,NA,NA,NA,NA,NA,NA
2010-12-09,1.1e+08,7.9570208,7.9570208,2.43100000917912,NA,NA,NA,NA,NA,NA
2010-12-10,1.1e+08,6.8809824,6.8809824,0.141399994492531,NA,NA,NA,NA,NA,NA
2010-12-11,1.1e+08,6.1447456,6.1447456,7.59120022319257,NA,NA,NA,NA,NA,NA
2010-12-12,1.1e+08,6.1164288,6.1164288,10.2897999435663,NA,NA,NA,NA,NA,NA
2010-12-13,1.1e+08,5.946528,5.946528,0,NA,NA,NA,NA,NA,NA
2010-12-14,1.1e+08,5.66336,5.66336,0,NA,NA,NA,NA,NA,NA
2010-12-15,1.1e+08,5.804944,5.804944,0,NA,NA,NA,NA,NA,NA
2010-12-16,1.1e+08,5.7483104,5.7483104,0.0448999999789521,NA,NA,NA,NA,NA,NA
2010-12-17,1.1e+08,5.7483104,5.7483104,0,NA,NA,NA,NA,NA,NA
2010-12-18,1.1e+08,5.7766272,5.7766272,0,NA,NA,NA,NA,NA,NA
2010-12-19,1.1e+08,5.6350432,5.6350432,0,NA,NA,NA,NA,NA,NA
2010-12-20,1.1e+08,5.6067264,5.6067264,1.52859999239445,NA,NA,NA,NA,NA,NA
2010-12-21,1.1e+08,5.4368256,5.4368256,5.31939995288848,NA,NA,NA,NA,NA,NA
2010-12-22,1.1e+08,5.4651424,5.4651424,0,NA,NA,NA,NA,NA,NA
2010-12-23,1.1e+08,5.521776,5.521776,0,NA,NA,NA,NA,NA,NA
2010-12-24,1.1e+08,5.521776,5.521776,2.39789999555796,NA,NA,NA,NA,NA,NA
2010-12-25,1.1e+08,5.521776,5.521776,1.36759996414184,NA,NA,NA,NA,NA,NA
2010-12-26,1.1e+08,5.5784096,5.5784096,0,NA,NA,NA,NA,NA,NA
2010-12-27,1.1e+08,5.5784096,5.5784096,0,NA,NA,NA,NA,NA,NA
2010-12-28,1.1e+08,5.6067264,5.6067264,0,NA,NA,NA,NA,NA,NA
2010-12-29,1.1e+08,5.6350432,5.6350432,0,NA,NA,NA,NA,NA,NA
2010-12-30,1.1e+08,4.8421728,4.8421728,0.336999989282049,NA,NA,NA,NA,NA,NA
2010-12-31,1.1e+08,4.1342528,4.1342528,1.60429997183382,NA,NA,NA,NA,NA,NA
2011-01-01,1.1e+08,4.0209856,4.0209856,0.145799994468689,NA,NA,NA,NA,NA,NA
2011-01-02,1.1e+08,3.8794016,3.8794016,0,NA,NA,NA,NA,NA,NA
2011-01-03,1.1e+08,4.0493024,4.0493024,0,NA,NA,NA,NA,NA,NA
2011-01-04,1.1e+08,3.964352,3.964352,0.0669000009074807,NA,NA,NA,NA,NA,NA
2011-01-05,1.1e+08,4.0209856,4.0209856,0.25110000371933,NA,NA,NA,NA,NA,NA
2011-01-06,1.1e+08,4.0493024,4.0493024,0.25110000371933,NA,NA,NA,NA,NA,NA
2011-01-07,1.1e+08,4.0493024,4.0493024,0.1351999938488,NA,NA,NA,NA,NA,NA
2011-01-08,1.1e+08,4.0209856,4.0209856,0,NA,NA,NA,NA,NA,NA
2011-01-09,1.1e+08,3.9926688,3.9926688,0,NA,NA,NA,NA,NA,NA
2011-01-10,1.1e+08,4.2192032,4.2192032,0,NA,NA,NA,NA,NA,NA
2011-01-11,1.1e+08,4.24752,4.24752,4.54479998350143,NA,NA,NA,NA,NA,NA
2011-01-12,1.1e+08,4.2192032,4.2192032,0.509399995207786,NA,NA,NA,NA,NA,NA
2011-01-13,1.1e+08,4.24752,4.24752,0,NA,NA,NA,NA,NA,NA
2011-01-14,1.1e+08,4.2192032,4.2192032,0.125200003385544,NA,NA,NA,NA,NA,NA
2011-01-15,1.1e+08,4.1625696,4.1625696,2.64079999458045,NA,NA,NA,NA,NA,NA
2011-01-16,1.1e+08,4.2192032,4.2192032,0,NA,NA,NA,NA,NA,NA
2011-01-17,1.1e+08,4.2758368,4.2758368,9.16749995946884,NA,NA,NA,NA,NA,NA
2011-01-18,1.1e+08,4.2192032,4.2192032,0.46350000426173,NA,NA,NA,NA,NA,NA
2011-01-19,1.1e+08,4.2192032,4.2192032,0,NA,NA,NA,NA,NA,NA
2011-01-20,1.1e+08,4.1908864,4.1908864,0,NA,NA,NA,NA,NA,NA
2011-01-21,1.1e+08,4.1908864,4.1908864,0,NA,NA,NA,NA,NA,NA
2011-01-22,1.1e+08,4.1908864,4.1908864,0.539100050926209,NA,NA,NA,NA,NA,NA
2011-01-23,1.1e+08,4.1908864,4.1908864,0,NA,NA,NA,NA,NA,NA
2011-01-24,1.1e+08,4.2192032,4.2192032,0,NA,NA,NA,NA,NA,NA
2011-01-25,1.1e+08,4.1908864,4.1908864,0,NA,NA,NA,NA,NA,NA
2011-01-26,1.1e+08,4.1625696,4.1625696,0,2.91,1.56,0.15,1.4,NA,8.5
2011-01-27,1.1e+08,4.24752,4.24752,2.98329997621477,NA,NA,NA,NA,NA,NA
2011-01-28,1.1e+08,4.2192032,4.2192032,0,NA,NA,NA,NA,NA,NA
2011-01-29,1.1e+08,4.1908864,4.1908864,0.140000000596046,NA,NA,NA,NA,NA,NA
2011-01-30,1.1e+08,4.2192032,4.2192032,0.348600000143051,NA,NA,NA,NA,NA,NA
2011-01-31,1.1e+08,4.2192032,4.2192032,3.00610001757741,NA,NA,NA,NA,NA,NA
2011-02-01,1.1e+08,4.1625696,4.1625696,6.40490001440048,NA,NA,NA,NA,NA,NA
2011-02-02,1.1e+08,4.24752,4.24752,14.929400023073,NA,NA,NA,NA,NA,NA
2011-02-03,1.1e+08,4.2758368,4.2758368,0,NA,NA,NA,NA,NA,NA
2011-02-04,1.1e+08,4.2758368,4.2758368,0,NA,NA,NA,NA,NA,NA
2011-02-05,1.1e+08,4.2192032,4.2192032,0,NA,NA,NA,NA,NA,NA
2011-02-06,1.1e+08,4.2192032,4.2192032,4.07140005938708,NA,NA,NA,NA,NA,NA
2011-02-07,1.1e+08,4.2192032,4.2192032,0.370299994945526,NA,NA,NA,NA,NA,NA
2011-02-08,1.1e+08,4.2192032,4.2192032,0,NA,NA,NA,NA,NA,NA
2011-02-09,1.1e+08,4.2192032,4.2192032,0,NA,NA,NA,NA,NA,NA
2011-02-10,1.1e+08,4.2192032,4.2192032,0,NA,NA,NA,NA,NA,NA
2011-02-11,1.1e+08,4.24752,4.24752,0,NA,NA,NA,NA,NA,NA
2011-02-12,1.1e+08,4.24752,4.24752,0.0917000025510787,NA,NA,NA,NA,NA,NA
2011-02-13,1.1e+08,4.24752,4.24752,0,NA,NA,NA,NA,NA,NA
2011-02-14,1.1e+08,5.097024,5.097024,0,NA,NA,NA,NA,NA,NA
2011-02-15,1.1e+08,5.4934592,5.4934592,0,NA,NA,NA,NA,NA,NA
2011-02-16,1.1e+08,5.4934592,5.4934592,0,NA,NA,NA,NA,NA,NA
2011-02-17,1.1e+08,5.6916768,5.6916768,0.137299999929382,NA,NA,NA,NA,NA,NA
2011-02-18,1.1e+08,5.521776,5.521776,0,NA,NA,NA,NA,NA,NA
2011-02-19,1.1e+08,5.4934592,5.4934592,0,NA,NA,NA,NA,NA,NA
2011-02-20,1.1e+08,5.7199936,5.7199936,15.7809000611306,NA,NA,NA,NA,NA,NA
2011-02-21,1.1e+08,5.5500928,5.5500928,5.06819996237755,NA,NA,NA,NA,NA,NA
2011-02-22,1.1e+08,5.5500928,5.5500928,3.49390006368049,NA,NA,NA,NA,NA,NA
2011-02-23,1.1e+08,5.5500928,5.5500928,0,NA,NA,NA,NA,NA,NA
2011-02-24,1.1e+08,5.4934592,5.4934592,0,NA,NA,NA,NA,NA,NA
2011-02-25,1.1e+08,5.521776,5.521776,0,NA,NA,NA,NA,NA,NA
2011-02-26,1.1e+08,5.5500928,5.5500928,2.06969998776913,NA,NA,NA,NA,NA,NA
2011-02-27,1.1e+08,5.5784096,5.5784096,0.398000001907349,NA,NA,NA,NA,NA,NA
2011-02-28,1.1e+08,5.4934592,5.4934592,0,NA,NA,NA,NA,NA,NA
2011-03-01,1.1e+08,5.6350432,5.6350432,0,NA,NA,NA,NA,NA,NA
2011-03-02,1.1e+08,5.4934592,5.4934592,0,NA,NA,NA,NA,NA,NA
2011-03-03,1.1e+08,5.6350432,5.6350432,0,NA,NA,NA,NA,NA,NA
2011-03-04,1.1e+08,5.6067264,5.6067264,2.75879998970777,NA,NA,NA,NA,NA,NA
2011-03-05,1.1e+08,5.5500928,5.5500928,3.78260005498305,NA,NA,NA,NA,NA,NA
2011-03-06,1.1e+08,5.5500928,5.5500928,0,NA,NA,NA,NA,NA,NA
2011-03-07,1.1e+08,5.6350432,5.6350432,0.000899999984540046,NA,NA,NA,NA,NA,NA
2011-03-08,1.1e+08,5.521776,5.521776,0.806299983523787,NA,NA,NA,NA,NA,NA
2011-03-09,1.1e+08,5.6916768,5.6916768,9.60539994202555,NA,NA,NA,NA,NA,NA
2011-03-10,1.1e+08,5.5784096,5.5784096,0,NA,NA,NA,NA,NA,NA
2011-03-11,1.1e+08,5.4368256,5.4368256,0,NA,NA,NA,NA,NA,NA
2011-03-12,1.1e+08,5.5784096,5.5784096,0,NA,NA,NA,NA,NA,NA
2011-03-13,1.1e+08,5.3518752,5.3518752,0,NA,NA,NA,NA,NA,NA
2011-03-14,1.1e+08,5.380192,5.380192,0,NA,NA,NA,NA,NA,NA
2011-03-15,1.1e+08,5.380192,5.380192,0,NA,NA,NA,NA,NA,NA
2011-03-16,1.1e+08,5.4368256,5.4368256,0,NA,NA,NA,NA,NA,NA
2011-03-17,1.1e+08,5.5784096,5.5784096,0,NA,NA,NA,NA,NA,NA
2011-03-18,1.1e+08,5.5500928,5.5500928,0,NA,NA,NA,NA,NA,NA
2011-03-19,1.1e+08,5.6067264,5.6067264,0,NA,NA,NA,NA,NA,NA
2011-03-20,1.1e+08,5.6067264,5.6067264,28.5193005725741,NA,NA,NA,NA,NA,NA
2011-03-21,1.1e+08,5.6067264,5.6067264,2.17119994666428,NA,NA,NA,NA,NA,NA
2011-03-22,1.1e+08,6.229696,6.229696,15.3952003847808,NA,NA,NA,NA,NA,NA
2011-03-23,1.1e+08,5.8898944,5.8898944,8.72590038180351,NA,NA,NA,NA,NA,NA
2011-03-24,1.1e+08,5.7766272,5.7766272,0,NA,NA,NA,NA,NA,NA
2011-03-25,1.1e+08,5.7766272,5.7766272,0,NA,NA,NA,NA,NA,NA
2011-03-26,1.1e+08,5.7199936,5.7199936,0,NA,NA,NA,NA,NA,NA
2011-03-27,1.1e+08,5.7199936,5.7199936,0,NA,NA,NA,NA,NA,NA
2011-03-28,1.1e+08,5.6916768,5.6916768,0,NA,NA,NA,NA,NA,NA
2011-03-29,1.1e+08,5.7483104,5.7483104,0,NA,NA,NA,NA,NA,NA
2011-03-30,1.1e+08,5.7199936,5.7199936,0,NA,NA,NA,NA,NA,NA
2011-03-31,1.1e+08,5.7483104,5.7483104,0,NA,NA,NA,NA,NA,NA
2011-04-01,1.1e+08,5.7766272,5.7766272,14.3124000657117,NA,NA,NA,NA,NA,NA
2011-04-02,1.1e+08,5.6916768,5.6916768,0,NA,NA,NA,NA,NA,NA
2011-04-03,1.1e+08,5.8615776,5.8615776,1.6875000372529,NA,NA,NA,NA,NA,NA
2011-04-04,1.1e+08,5.7766272,5.7766272,6.07290020212533,NA,NA,NA,NA,NA,NA
2011-04-05,1.1e+08,5.7199936,5.7199936,0.214200004935265,NA,NA,NA,NA,NA,NA
2011-04-06,1.1e+08,5.7766272,5.7766272,3.37790001183748,NA,NA,NA,NA,NA,NA
2011-04-07,1.1e+08,6.512864,6.512864,0,NA,NA,NA,NA,NA,NA
2011-04-08,1.1e+08,7.220784,7.220784,1.0967999920249,NA,NA,NA,NA,NA,NA
2011-04-09,1.1e+08,7.220784,7.220784,0,NA,NA,NA,NA,NA,NA
2011-04-10,1.1e+08,7.1641504,7.1641504,0.296199995093048,NA,NA,NA,NA,NA,NA
2011-04-11,1.1e+08,7.1641504,7.1641504,1.47859997540945,NA,NA,NA,NA,NA,NA
2011-04-12,1.1e+08,7.1641504,7.1641504,0,NA,NA,NA,NA,NA,NA
2011-04-13,1.1e+08,7.1075168,7.1075168,0.441200003027916,NA,NA,NA,NA,NA,NA
2011-04-14,1.1e+08,6.37128,6.37128,0.827299997210501,NA,NA,NA,NA,NA,NA
2011-04-15,1.1e+08,6.6827648,6.6827648,9.05919983098283,NA,NA,NA,NA,NA,NA
2011-04-16,1.1e+08,7.4190016,7.4190016,3.44939994334709,NA,NA,NA,NA,NA,NA
2011-04-17,1.1e+08,7.3340512,7.3340512,0,NA,NA,NA,NA,NA,NA
2011-04-18,1.1e+08,7.3057344,7.3057344,0.82729999348521,NA,NA,NA,NA,4.114,NA
2011-04-19,1.1e+08,7.645536,7.645536,25.3613002530474,NA,NA,NA,NA,NA,NA
2011-04-20,1.1e+08,7.3340512,7.3340512,1.07560003083199,NA,NA,NA,NA,NA,NA
2011-04-21,1.1e+08,7.2774176,7.2774176,9.99999974737875e-05,7.33,8.16,0.07,10.9,NA,2.1
2011-04-22,1.1e+08,7.4473184,7.4473184,1.93689998814807,NA,NA,NA,NA,NA,NA
2011-04-23,1.1e+08,7.2491008,7.2491008,9.43380019068717,NA,NA,NA,NA,NA,NA
2011-04-24,1.1e+08,7.2491008,7.2491008,0,NA,NA,NA,NA,NA,NA
2011-04-25,1.1e+08,7.220784,7.220784,0,NA,NA,NA,NA,NA,NA
2011-04-26,1.1e+08,7.6172192,7.6172192,23.8912001252174,NA,NA,NA,NA,NA,NA
2011-04-27,1.1e+08,7.220784,7.220784,0.798700004816056,NA,NA,NA,NA,NA,NA
2011-04-28,1.1e+08,7.6738528,7.6738528,1.15489995479584,NA,NA,NA,NA,NA,NA
2011-04-29,1.1e+08,7.9853376,7.9853376,0,NA,NA,NA,NA,NA,NA
2011-04-30,1.1e+08,7.9853376,7.9853376,0.037300000549294,NA,NA,NA,NA,NA,NA
2011-05-01,1.1e+08,7.9853376,7.9853376,0.31319999252446,NA,NA,NA,NA,NA,NA
2011-05-02,1.1e+08,7.9853376,7.9853376,0,NA,NA,NA,NA,NA,NA
2011-05-03,1.1e+08,7.9570208,7.9570208,0,8.65,9.07,0.05,18.2666666666667,NA,2
2011-05-04,1.1e+08,7.9003872,7.9003872,0,NA,NA,NA,NA,NA,NA
2011-05-05,1.1e+08,7.928704,7.928704,4.15300003340235,NA,NA,NA,NA,NA,NA
2011-05-06,1.1e+08,7.928704,7.928704,1.51790001988411,NA,NA,NA,NA,NA,NA
2011-05-07,1.1e+08,7.9570208,7.9570208,0.362899988889694,NA,NA,NA,NA,NA,NA
2011-05-08,1.1e+08,7.928704,7.928704,0,NA,NA,NA,NA,NA,NA
2011-05-09,1.1e+08,7.9003872,7.9003872,4.09530002996327,NA,NA,NA,NA,NA,NA
2011-05-10,1.1e+08,7.9570208,7.9570208,0,NA,NA,NA,NA,NA,NA
2011-05-11,1.1e+08,8.2968224,8.2968224,14.2655001282692,NA,NA,NA,NA,NA,NA
2011-05-12,1.1e+08,8.0136544,8.0136544,1.29830000043148,NA,NA,NA,NA,NA,NA
2011-05-13,1.1e+08,8.0136544,8.0136544,2.67400006610842,NA,NA,NA,NA,NA,NA
2011-05-14,1.1e+08,8.0136544,8.0136544,1.50179999973625,NA,NA,NA,NA,NA,NA
2011-05-15,1.1e+08,7.9570208,7.9570208,2.40860002301633,NA,NA,NA,NA,NA,NA
2011-05-16,1.1e+08,7.9003872,7.9003872,0,NA,NA,NA,NA,NA,NA
2011-05-17,1.1e+08,7.8437536,7.8437536,0,11.82,12.12,0.06,1.9,4.217,4.9
2011-05-18,1.1e+08,7.0792,7.0792,1.8376000225544,NA,NA,NA,NA,NA,NA
2011-05-19,1.1e+08,6.4845472,6.4845472,0,NA,NA,NA,NA,NA,NA
2011-05-20,1.1e+08,6.654448,6.654448,0,NA,NA,NA,NA,NA,NA
2011-05-21,1.1e+08,6.5978144,6.5978144,1.18019998978707,NA,NA,NA,NA,NA,NA
2011-05-22,1.1e+08,6.6261312,6.6261312,0.0736999996006489,NA,NA,NA,NA,NA,NA
2011-05-23,1.1e+08,6.5694976,6.5694976,0.129499999806285,NA,NA,NA,NA,NA,NA
2011-05-24,1.1e+08,6.6261312,6.6261312,0,NA,NA,NA,NA,NA,NA
2011-05-25,1.1e+08,7.0225664,7.0225664,25.9370000606723,NA,NA,NA,NA,NA,NA
2011-05-26,1.1e+08,6.6261312,6.6261312,0,NA,NA,NA,NA,NA,NA
2011-05-27,1.1e+08,6.654448,6.654448,9.99999974737875e-05,NA,NA,NA,NA,NA,NA
2011-05-28,1.1e+08,6.8243488,6.8243488,1.13749998994172,NA,NA,NA,NA,NA,NA
2011-05-29,1.1e+08,6.796032,6.796032,3.96310001518577,NA,NA,NA,NA,NA,NA
2011-05-30,1.1e+08,6.9092992,6.9092992,0,NA,NA,NA,NA,NA,NA
2011-05-31,1.1e+08,6.796032,6.796032,0.234700001310557,NA,NA,NA,NA,NA,NA
2011-06-01,1.1e+08,6.7393984,6.7393984,0,13.52,15.78,0.08,1.66666666666667,NA,3.1
2011-06-02,1.1e+08,6.5411808,6.5411808,0.0240000002086163,NA,NA,NA,NA,NA,NA
2011-06-03,1.1e+08,5.66336,5.66336,0,NA,NA,NA,NA,NA,NA
2011-06-04,1.1e+08,4.8704896,4.8704896,0,NA,NA,NA,NA,NA,NA
2011-06-05,1.1e+08,4.8988064,4.8988064,0.294099986553192,NA,NA,NA,NA,NA,NA
2011-06-06,1.1e+08,4.7855392,4.7855392,1.07430001185276,NA,NA,NA,NA,NA,NA
2011-06-07,1.1e+08,4.7289056,4.7289056,0,NA,NA,NA,NA,NA,NA
2011-06-08,1.1e+08,4.95544,4.95544,1.40500000107568,NA,NA,NA,NA,NA,NA
2011-06-09,1.1e+08,4.6439552,4.6439552,27.2642003409565,NA,NA,NA,NA,NA,NA
2011-06-10,1.1e+08,4.7289056,4.7289056,9.15750014339572,NA,NA,NA,NA,NA,NA
2011-06-11,1.1e+08,4.6439552,4.6439552,2.5344999730587,NA,NA,NA,NA,NA,NA
2011-06-12,1.1e+08,4.7005888,4.7005888,0.102800003718585,NA,NA,NA,NA,NA,NA
2011-06-13,1.1e+08,4.5590048,4.5590048,0.00740000000223517,NA,NA,NA,NA,4.335,NA
2011-06-14,1.1e+08,4.7005888,4.7005888,0,14.25,18.77,0.17,5.04,NA,2.6
2011-06-15,1.1e+08,4.7005888,4.7005888,11.9426000583917,NA,NA,NA,NA,NA,NA
2011-06-16,1.1e+08,4.7289056,4.7289056,0.0127999999094755,NA,NA,NA,NA,NA,NA
2011-06-17,1.1e+08,4.7289056,4.7289056,0,NA,NA,NA,NA,NA,NA
2011-06-18,1.1e+08,4.5873216,4.5873216,0,NA,NA,NA,NA,NA,NA
2011-06-19,1.1e+08,3.822768,3.822768,14.4798001207819,NA,NA,NA,NA,NA,NA
2011-06-20,1.1e+08,3.5112832,3.5112832,0.0233999993652105,NA,NA,NA,NA,NA,NA
2011-06-21,1.1e+08,3.7944512,3.7944512,3.91570003211381,NA,NA,NA,NA,NA,NA
2011-06-22,1.1e+08,3.5112832,3.5112832,11.3543999652611,NA,NA,NA,NA,NA,NA
2011-06-23,1.1e+08,3.4263328,3.4263328,2.88600000739098,NA,NA,NA,NA,NA,NA
2011-06-24,1.1e+08,3.398016,3.398016,0.140300005674362,NA,NA,NA,NA,NA,NA
2011-06-25,1.1e+08,3.4263328,3.4263328,0.151100002229214,NA,NA,NA,NA,NA,NA
2011-06-26,1.1e+08,3.1997984,3.1997984,0.0232999995350838,NA,NA,NA,NA,NA,NA
2011-06-27,1.1e+08,2.973264,2.973264,0.636600010097026,NA,NA,NA,NA,NA,NA
2011-06-28,1.1e+08,2.9166304,2.9166304,0,14.52,20.32,NA,8.86666666666667,NA,2
2011-06-29,1.1e+08,2.9166304,2.9166304,0,NA,NA,NA,NA,NA,NA
2011-06-30,1.1e+08,2.8599968,2.8599968,0,NA,NA,NA,NA,NA,NA
2011-07-01,1.1e+08,3.0582144,3.0582144,1.36250002825546,NA,NA,NA,NA,NA,NA
2011-07-02,1.1e+08,2.9449472,2.9449472,0,NA,NA,NA,NA,NA,NA
2011-07-03,1.1e+08,2.973264,2.973264,0,NA,NA,NA,NA,NA,NA
2011-07-04,1.1e+08,2.8883136,2.8883136,0,NA,NA,NA,NA,NA,NA
2011-07-05,1.1e+08,2.1803936,2.1803936,0.0057000002125278,NA,NA,NA,NA,NA,NA
2011-07-06,1.1e+08,2.265344,2.265344,4.30530045530758,NA,NA,NA,NA,NA,NA
2011-07-07,1.1e+08,2.4352448,2.4352448,0.0529000005917623,NA,NA,NA,NA,NA,NA
2011-07-08,1.1e+08,2.4918784,2.4918784,0.00669999999809078,NA,NA,NA,NA,NA,NA
2011-07-09,1.1e+08,2.548512,2.548512,0,NA,NA,NA,NA,NA,NA
2011-07-10,1.1e+08,2.4635616,2.4635616,1.88809996843338,NA,NA,NA,NA,NA,NA
2011-07-11,1.1e+08,2.1803936,2.1803936,14.4534998033196,NA,NA,NA,NA,7.781,NA
2011-07-12,1.1e+08,2.0388096,2.0388096,0.361400000751018,14.69,23.32,0.28,8.62,NA,1.75
2011-07-13,1.1e+08,2.0388096,2.0388096,0,NA,NA,NA,NA,NA,NA
2011-07-14,1.1e+08,1.8122752,1.8122752,0,NA,NA,NA,NA,NA,NA
2011-07-15,1.1e+08,1.6423744,1.6423744,0,NA,NA,NA,NA,NA,NA
2011-07-16,1.1e+08,1.7273248,1.7273248,3.05499998136656,NA,NA,NA,NA,NA,NA
2011-07-17,1.1e+08,1.7273248,1.7273248,0.0015999999595806,NA,NA,NA,NA,NA,NA
2011-07-18,1.1e+08,1.5007904,1.5007904,1.63060003268038,NA,NA,NA,NA,NA,NA
2011-07-19,1.1e+08,1.5007904,1.5007904,0.0112999997800216,NA,NA,NA,NA,NA,NA
2011-07-20,1.1e+08,1.4724736,1.4724736,0.517299991159234,NA,NA,NA,NA,NA,NA
2011-07-21,1.1e+08,1.5007904,1.5007904,0.0147000001743436,NA,NA,NA,NA,NA,NA
2011-07-22,1.1e+08,1.5857408,1.5857408,6.73839987174142,NA,NA,NA,NA,NA,NA
2011-07-23,1.1e+08,1.6423744,1.6423744,3.28599993237731,NA,NA,NA,NA,NA,NA
2011-07-24,1.1e+08,1.699008,1.699008,3.2231999821015,NA,NA,NA,NA,NA,NA
2011-07-25,1.1e+08,1.6423744,1.6423744,0.00920000002952291,NA,NA,NA,NA,NA,NA
2011-07-26,1.1e+08,1.7556416,1.7556416,0.00680000013380777,14.64,25.13,0.03,10.9333333333333,NA,1.6
2011-07-27,1.1e+08,2.0104928,2.0104928,11.3422000194914,NA,NA,NA,NA,NA,NA
2011-07-28,1.1e+08,1.699008,1.699008,13.5202999413014,NA,NA,NA,NA,NA,NA
2011-07-29,1.1e+08,1.7556416,1.7556416,0.135800004005432,NA,NA,NA,NA,NA,NA
2011-07-30,1.1e+08,1.8122752,1.8122752,0,NA,NA,NA,NA,NA,NA
2011-07-31,1.1e+08,1.7556416,1.7556416,0,NA,NA,NA,NA,NA,NA
2011-08-01,1.1e+08,1.7273248,1.7273248,0,NA,NA,NA,NA,NA,NA
2011-08-02,1.1e+08,1.7273248,1.7273248,0.119599997124168,NA,NA,NA,NA,NA,NA
2011-08-03,1.1e+08,1.5857408,1.5857408,0,NA,NA,NA,NA,NA,NA
2011-08-04,1.1e+08,1.6423744,1.6423744,0,NA,NA,NA,NA,NA,NA
2011-08-05,1.1e+08,1.699008,1.699008,0,NA,NA,NA,NA,NA,NA
2011-08-06,1.1e+08,1.7556416,1.7556416,0.352899990975857,NA,NA,NA,NA,NA,NA
2011-08-07,1.1e+08,1.7839584,1.7839584,12.9032995566958,NA,NA,NA,NA,NA,NA
2011-08-08,1.1e+08,1.6706912,1.6706912,6.260600077454,NA,NA,NA,NA,NA,NA
2011-08-09,1.1e+08,1.6140576,1.6140576,0.983400002121925,15.86,26.88,0.28,16.3285714285714,NA,1.3
2011-08-10,1.1e+08,1.5857408,1.5857408,0,NA,NA,NA,NA,NA,NA
2011-08-11,1.1e+08,1.6706912,1.6706912,0,NA,NA,NA,NA,NA,NA
2011-08-12,1.1e+08,1.7839584,1.7839584,0.345299996435642,NA,NA,NA,NA,NA,NA
2011-08-13,1.1e+08,1.7556416,1.7556416,13.3401000527665,NA,NA,NA,NA,NA,NA
2011-08-14,1.1e+08,1.7556416,1.7556416,0.777100010011053,NA,NA,NA,NA,NA,NA
2011-08-15,1.1e+08,1.6706912,1.6706912,0,NA,NA,NA,NA,NA,NA
2011-08-16,1.1e+08,1.6706912,1.6706912,0,NA,NA,NA,NA,NA,NA
2011-08-17,1.1e+08,1.6140576,1.6140576,0.408799995071604,NA,NA,NA,NA,NA,NA
2011-08-18,1.1e+08,1.6423744,1.6423744,0,NA,NA,NA,NA,NA,NA
2011-08-19,1.1e+08,1.699008,1.699008,0.0249000007097493,NA,NA,NA,NA,NA,NA
2011-08-20,1.1e+08,1.6423744,1.6423744,13.7462000945234,NA,NA,NA,NA,NA,NA
2011-08-21,1.1e+08,1.6140576,1.6140576,0.447499993257225,NA,NA,NA,NA,NA,NA
2011-08-22,1.1e+08,1.5857408,1.5857408,0.00300000002607703,NA,NA,NA,NA,NA,NA
2011-08-23,1.1e+08,1.699008,1.699008,25.5801007403061,NA,NA,NA,NA,NA,NA
2011-08-24,1.1e+08,1.5291072,1.5291072,1.56349996756762,14.65,23.05,0.02,12.4333333333333,NA,1.2
2011-08-25,1.1e+08,1.5291072,1.5291072,0,NA,NA,NA,NA,NA,NA
2011-08-26,1.1e+08,1.557424,1.557424,0,NA,NA,NA,NA,NA,NA
2011-08-27,1.1e+08,1.5007904,1.5007904,0,NA,NA,NA,NA,NA,NA
2011-08-28,1.1e+08,1.5007904,1.5007904,0,NA,NA,NA,NA,NA,NA
2011-08-29,1.1e+08,1.4724736,1.4724736,0,NA,NA,NA,NA,NA,NA
2011-08-30,1.1e+08,1.4441568,1.4441568,3.68950003588543,NA,NA,NA,NA,NA,NA
2011-08-31,1.1e+08,1.41584,1.41584,4.23769997805357,NA,NA,NA,NA,NA,NA
2011-09-01,1.1e+08,1.41584,1.41584,0.0475000014994293,NA,NA,NA,NA,NA,NA
2011-09-02,1.1e+08,1.3875232,1.3875232,2.01239997148514,NA,NA,NA,NA,NA,NA
2011-09-03,1.1e+08,1.557424,1.557424,24.4654996804238,NA,NA,NA,NA,NA,NA
2011-09-04,1.1e+08,1.3875232,1.3875232,2.02429998572915,NA,NA,NA,NA,NA,NA
2011-09-05,1.1e+08,1.3875232,1.3875232,0.0288999993354082,NA,NA,NA,NA,NA,NA
2011-09-06,1.1e+08,1.3592064,1.3592064,0,NA,NA,NA,NA,NA,NA
2011-09-07,1.1e+08,1.3592064,1.3592064,0,NA,NA,NA,NA,NA,NA
2011-09-08,1.1e+08,1.3592064,1.3592064,0,NA,NA,NA,NA,NA,NA
2011-09-09,1.1e+08,1.4724736,1.4724736,0,NA,NA,NA,NA,NA,NA
2011-09-10,1.1e+08,1.5007904,1.5007904,0,NA,NA,NA,NA,NA,NA
2011-09-11,1.1e+08,1.5291072,1.5291072,0,NA,NA,NA,NA,NA,NA
2011-09-12,1.1e+08,1.4724736,1.4724736,0,NA,NA,NA,NA,NA,NA
2011-09-13,1.1e+08,1.41584,1.41584,0,14.62,21.35,0.32,14.5,NA,2.3
2011-09-14,1.1e+08,1.3875232,1.3875232,0,NA,NA,NA,NA,NA,NA
2011-09-15,1.1e+08,1.3875232,1.3875232,0,NA,NA,NA,NA,NA,NA
2011-09-16,1.1e+08,1.41584,1.41584,0.0896999984979629,NA,NA,NA,NA,NA,NA
2011-09-17,1.1e+08,1.4441568,1.4441568,0,NA,NA,NA,NA,NA,NA
2011-09-18,1.1e+08,1.5007904,1.5007904,5.42339997179806,NA,NA,NA,NA,NA,NA
2011-09-19,1.1e+08,1.4441568,1.4441568,4.28689992427826,NA,NA,NA,NA,NA,NA
2011-09-20,1.1e+08,1.4441568,1.4441568,0.138199999695644,NA,NA,NA,NA,NA,NA
2011-09-21,1.1e+08,1.4441568,1.4441568,0.0366000011563301,NA,NA,NA,NA,NA,NA
2011-09-22,1.1e+08,1.4441568,1.4441568,0,NA,NA,NA,NA,NA,NA
2011-09-23,1.1e+08,1.4441568,1.4441568,0.0529999993741513,NA,NA,NA,NA,NA,NA
2011-09-24,1.1e+08,1.4441568,1.4441568,0.0275999996811152,NA,NA,NA,NA,NA,NA
2011-09-25,1.1e+08,1.4724736,1.4724736,8.98719987343067,NA,NA,NA,NA,NA,NA
2011-09-26,1.1e+08,1.8122752,1.8122752,28.6025000112131,NA,NA,NA,NA,NA,NA
2011-09-27,1.1e+08,1.4441568,1.4441568,3.59230002993719,NA,NA,NA,NA,NA,NA
2011-09-28,1.1e+08,1.4441568,1.4441568,0.030000000311702,NA,NA,NA,NA,NA,NA
2011-09-29,1.1e+08,1.4724736,1.4724736,2.74849992990494,NA,NA,NA,NA,NA,NA
2011-09-30,1.1e+08,1.3875232,1.3875232,5.07939995080233,NA,NA,NA,NA,NA,NA
2011-10-01,1.1e+08,1.41584,1.41584,0,NA,NA,NA,NA,NA,NA
2011-10-02,1.1e+08,1.4441568,1.4441568,0,NA,NA,NA,NA,NA,NA
2011-10-03,1.1e+08,1.4441568,1.4441568,0,NA,NA,NA,NA,NA,NA
2011-10-04,1.1e+08,1.4441568,1.4441568,0,15.29,15.98,0.13,44.8333333333333,NA,0.9
2011-10-05,1.1e+08,1.4724736,1.4724736,0,NA,NA,NA,NA,NA,NA
2011-10-06,1.1e+08,1.4724736,1.4724736,0,NA,NA,NA,NA,NA,NA
2011-10-07,1.1e+08,1.4724736,1.4724736,0,NA,NA,NA,NA,NA,NA
2011-10-08,1.1e+08,1.6140576,1.6140576,0,NA,NA,NA,NA,NA,NA
2011-10-09,1.1e+08,1.6423744,1.6423744,0,NA,NA,NA,NA,NA,NA
2011-10-10,1.1e+08,1.4724736,1.4724736,0,NA,NA,NA,NA,NA,NA
2011-10-11,1.1e+08,1.5007904,1.5007904,0.00209999992512167,NA,NA,NA,NA,NA,NA
2011-10-12,1.1e+08,1.557424,1.557424,2.8322000100743,NA,NA,NA,NA,NA,NA
2011-10-13,1.1e+08,1.8689088,1.8689088,22.9110001352383,NA,NA,NA,NA,NA,NA
2011-10-14,1.1e+08,1.699008,1.699008,1.10820002108812,NA,NA,NA,NA,NA,NA
2011-10-15,1.1e+08,1.6706912,1.6706912,0,NA,NA,NA,NA,NA,NA
2011-10-16,1.1e+08,1.6140576,1.6140576,0.409200001740828,NA,NA,NA,NA,NA,NA
2011-10-17,1.1e+08,1.5857408,1.5857408,0,NA,NA,NA,NA,NA,NA
2011-10-18,1.1e+08,1.5291072,1.5291072,0,NA,NA,NA,NA,NA,NA
2011-10-19,1.1e+08,1.557424,1.557424,0,NA,NA,NA,NA,NA,NA
2011-10-20,1.1e+08,1.5857408,1.5857408,0,NA,NA,NA,NA,NA,NA
2011-10-21,1.1e+08,1.5007904,1.5007904,0,NA,NA,NA,NA,NA,NA
2011-10-22,1.1e+08,1.5291072,1.5291072,0,NA,NA,NA,NA,NA,NA
2011-10-23,1.1e+08,2.12376,2.12376,0.351000010967255,NA,NA,NA,NA,NA,NA
2011-10-24,1.1e+08,3.3413824,3.3413824,5.58989983797074,NA,NA,NA,NA,NA,NA
2011-10-25,1.1e+08,3.5112832,3.5112832,1.55890002846718,NA,NA,NA,NA,NA,NA
2011-10-26,1.1e+08,3.681184,3.681184,0.0425999984145163,NA,NA,NA,NA,NA,NA
2011-10-27,1.1e+08,3.9360352,3.9360352,0.387400002917275,NA,NA,NA,NA,NA,NA
2011-10-28,1.1e+08,3.9926688,3.9926688,0.205700000748038,NA,NA,NA,NA,NA,NA
2011-10-29,1.1e+08,4.5590048,4.5590048,0.0964000001549721,NA,NA,NA,NA,NA,NA
2011-10-30,1.1e+08,5.3518752,5.3518752,1.49059996008873,NA,NA,NA,NA,NA,NA
2011-10-31,1.1e+08,5.2669248,5.2669248,0.00120000005699694,NA,NA,NA,NA,NA,NA
2011-11-01,1.1e+08,5.2669248,5.2669248,0,11.19,11.23,0.1,15.7,NA,1.2
2011-11-02,1.1e+08,5.4651424,5.4651424,12.6722000036388,NA,NA,NA,NA,NA,NA
2011-11-03,1.1e+08,5.238608,5.238608,9.83080013818108,NA,NA,NA,NA,NA,NA
2011-11-04,1.1e+08,5.238608,5.238608,0,NA,NA,NA,NA,NA,NA
2011-11-05,1.1e+08,5.2669248,5.2669248,0,NA,NA,NA,NA,NA,NA
2011-11-06,1.1e+08,5.2669248,5.2669248,0,NA,NA,NA,NA,NA,NA
2011-11-07,1.1e+08,5.238608,5.238608,0.0198999997228384,NA,NA,NA,NA,NA,NA
2011-11-08,1.1e+08,5.4085088,5.4085088,25.3903000280261,NA,NA,NA,NA,NA,NA
2011-11-09,1.1e+08,5.946528,5.946528,28.4166002273559,NA,NA,NA,NA,NA,NA
2011-11-10,1.1e+08,5.4651424,5.4651424,0.535399973392487,NA,NA,NA,NA,NA,NA
2011-11-11,1.1e+08,5.7199936,5.7199936,0,NA,NA,NA,NA,NA,NA
2011-11-12,1.1e+08,5.66336,5.66336,0,NA,NA,NA,NA,NA,NA
2011-11-13,1.1e+08,5.6350432,5.6350432,0.0377999991178513,NA,NA,NA,NA,NA,NA
2011-11-14,1.1e+08,5.6350432,5.6350432,0.0427999995881691,NA,NA,NA,NA,NA,NA
2011-11-15,1.1e+08,7.0792,7.0792,0.00520000001415608,NA,NA,NA,NA,NA,NA
2011-11-16,1.1e+08,8.353456,8.353456,0,NA,NA,NA,NA,NA,NA
2011-11-17,1.1e+08,8.2685056,8.2685056,0,NA,NA,NA,NA,NA,NA
2011-11-18,1.1e+08,8.2685056,8.2685056,0,NA,NA,NA,NA,NA,NA
2011-11-19,1.1e+08,8.2685056,8.2685056,0.0456000007689,NA,NA,NA,NA,NA,NA
2011-11-20,1.1e+08,8.1835552,8.1835552,0,NA,NA,NA,NA,NA,NA
2011-11-21,1.1e+08,8.1835552,8.1835552,0,NA,NA,NA,NA,NA,NA
2011-11-22,1.1e+08,8.070288,8.070288,0.0648000012151897,NA,NA,NA,NA,NA,NA
2011-11-23,1.1e+08,8.49504,8.49504,0,NA,NA,NA,NA,NA,NA
2011-11-24,1.1e+08,8.636624,8.636624,0,NA,NA,NA,NA,NA,NA
2011-11-25,1.1e+08,8.6932576,8.6932576,0,NA,NA,NA,NA,NA,NA
2011-11-26,1.1e+08,8.7215744,8.7215744,7.28919999301434,NA,NA,NA,NA,NA,NA
2011-11-27,1.1e+08,8.5799904,8.5799904,0.842399969696997,NA,NA,NA,NA,NA,NA
2011-11-28,1.1e+08,8.7215744,8.7215744,0,NA,NA,NA,NA,NA,NA
2011-11-29,1.1e+08,8.5799904,8.5799904,0,NA,NA,NA,NA,NA,NA
2011-11-30,1.1e+08,8.353456,8.353456,0,NA,NA,NA,NA,NA,NA
2011-12-01,1.1e+08,8.5233568,8.5233568,0.0594000006094573,NA,NA,NA,NA,NA,NA
2011-12-02,1.1e+08,8.4100896,8.4100896,0.0141000002622604,NA,NA,NA,NA,NA,NA
2011-12-03,1.1e+08,8.636624,8.636624,11.7101001292467,NA,NA,NA,NA,NA,NA
2011-12-04,1.1e+08,8.5799904,8.5799904,12.9373005088419,NA,NA,NA,NA,NA,NA
2011-12-05,1.1e+08,8.4384064,8.4384064,0,NA,NA,NA,NA,NA,NA
2011-12-06,1.1e+08,8.353456,8.353456,0,NA,NA,NA,NA,NA,NA
2011-12-07,1.1e+08,8.353456,8.353456,0,NA,NA,NA,NA,NA,NA
2011-12-08,1.1e+08,8.6649408,8.6649408,0.00989999994635582,NA,NA,NA,NA,NA,NA
2011-12-09,1.1e+08,8.8631584,8.8631584,0.0392999988980592,NA,NA,NA,NA,NA,NA
2011-12-10,1.1e+08,8.6649408,8.6649408,0,NA,NA,NA,NA,NA,NA
2011-12-11,1.1e+08,8.8631584,8.8631584,0,NA,NA,NA,NA,NA,NA
2011-12-12,1.1e+08,8.8631584,8.8631584,0,NA,NA,NA,NA,NA,NA
2011-12-13,1.1e+08,8.7498912,8.7498912,0,NA,NA,NA,NA,NA,NA
2011-12-14,1.1e+08,8.9764256,8.9764256,16.5490001565777,NA,NA,NA,NA,NA,NA
2011-12-15,1.1e+08,8.778208,8.778208,1.037000015378,NA,NA,NA,NA,NA,NA
2011-12-16,1.1e+08,8.778208,8.778208,0,NA,NA,NA,NA,NA,NA
2011-12-17,1.1e+08,8.778208,8.778208,2.12009998969734,NA,NA,NA,NA,NA,NA
2011-12-18,1.1e+08,8.778208,8.778208,0,NA,NA,NA,NA,NA,NA
2011-12-19,1.1e+08,8.778208,8.778208,0,NA,NA,NA,NA,NA,NA
2011-12-20,1.1e+08,8.353456,8.353456,0.532599985599517,NA,NA,NA,NA,NA,NA
2011-12-21,1.1e+08,8.2401888,8.2401888,0.147899997828062,NA,NA,NA,NA,NA,NA
2011-12-22,1.1e+08,8.2968224,8.2968224,2.2458999659866,NA,NA,NA,NA,NA,NA
2011-12-23,1.1e+08,8.2401888,8.2401888,0,NA,NA,NA,NA,NA,NA
2011-12-24,1.1e+08,8.211872,8.211872,0,NA,NA,NA,NA,NA,NA
2011-12-25,1.1e+08,8.1835552,8.1835552,0,NA,NA,NA,NA,NA,NA
2011-12-26,1.1e+08,8.1552384,8.1552384,0,NA,NA,NA,NA,NA,NA
2011-12-27,1.1e+08,8.1269216,8.1269216,0,NA,NA,NA,NA,NA,NA
2011-12-28,1.1e+08,8.1835552,8.1835552,0,NA,NA,NA,NA,NA,NA
2011-12-29,1.1e+08,8.0986048,8.0986048,0.0146000001113862,NA,NA,NA,NA,NA,NA
2011-12-30,1.1e+08,5.7199936,5.7199936,9.57900019809312,NA,NA,NA,NA,NA,NA
2011-12-31,1.1e+08,4.5590048,4.5590048,0,NA,NA,NA,NA,NA,NA
2012-01-01,1.1e+08,4.672272,4.672272,1.96810006722808,NA,NA,NA,NA,NA,NA
2012-01-02,1.1e+08,3.7095008,3.7095008,0,NA,NA,NA,NA,NA,NA
2012-01-03,1.1e+08,3.114848,3.114848,0,NA,NA,NA,NA,NA,NA
2012-01-04,1.1e+08,4.6439552,4.6439552,0,NA,NA,NA,NA,NA,NA
2012-01-05,1.1e+08,4.7005888,4.7005888,0,NA,NA,NA,NA,NA,NA
2012-01-06,1.1e+08,4.5590048,4.5590048,0,NA,NA,NA,NA,NA,NA
2012-01-07,1.1e+08,4.5023712,4.5023712,0,NA,NA,NA,NA,NA,NA
2012-01-08,1.1e+08,4.530688,4.530688,0,NA,NA,NA,NA,NA,NA
2012-01-09,1.1e+08,4.5023712,4.5023712,0,NA,NA,NA,NA,NA,NA
2012-01-10,1.1e+08,4.530688,4.530688,0,NA,NA,NA,NA,NA,NA
2012-01-11,1.1e+08,4.530688,4.530688,0,NA,NA,NA,NA,NA,NA
2012-01-12,1.1e+08,4.4740544,4.4740544,8.06180007010698,NA,NA,NA,NA,NA,NA
2012-01-13,1.1e+08,3.964352,3.964352,1.72000003453286,NA,NA,NA,NA,NA,NA
2012-01-14,1.1e+08,4.5590048,4.5590048,0,NA,NA,NA,NA,NA,NA
2012-01-15,1.1e+08,4.5590048,4.5590048,0,NA,NA,NA,NA,NA,NA
2012-01-16,1.1e+08,4.5590048,4.5590048,0,NA,NA,NA,NA,NA,NA
2012-01-17,1.1e+08,4.5590048,4.5590048,5.40500000119209,NA,NA,NA,NA,NA,NA
2012-01-18,1.1e+08,4.5590048,4.5590048,0,NA,NA,NA,NA,NA,NA
2012-01-19,1.1e+08,4.5023712,4.5023712,0.000699999975040554,NA,NA,NA,NA,NA,NA
2012-01-20,1.1e+08,4.5590048,4.5590048,7.49550007283689,NA,NA,NA,NA,NA,NA
2012-01-21,1.1e+08,4.530688,4.530688,0,NA,NA,NA,NA,NA,NA
2012-01-22,1.1e+08,4.530688,4.530688,0.621900022029876,NA,NA,NA,NA,NA,NA
2012-01-23,1.1e+08,4.5873216,4.5873216,5.7266000265954,NA,NA,NA,NA,NA,NA
2012-01-24,1.1e+08,4.5023712,4.5023712,0,NA,NA,NA,NA,NA,NA
2012-01-25,1.1e+08,4.5023712,4.5023712,0,NA,NA,NA,NA,NA,NA
2012-01-26,1.1e+08,4.530688,4.530688,0,NA,NA,NA,NA,NA,NA
2012-01-27,1.1e+08,4.530688,4.530688,0,NA,NA,NA,NA,NA,NA
2012-01-28,1.1e+08,4.5873216,4.5873216,0.41049998998642,NA,NA,NA,NA,NA,NA
2012-01-29,1.1e+08,4.530688,4.530688,0.912900000810623,NA,NA,NA,NA,NA,NA
2012-01-30,1.1e+08,4.5590048,4.5590048,0,NA,NA,NA,NA,NA,NA
2012-01-31,1.1e+08,4.6439552,4.6439552,0,NA,NA,NA,NA,NA,NA
2012-02-01,1.1e+08,4.530688,4.530688,0,NA,NA,NA,NA,NA,NA
2012-02-02,1.1e+08,3.7944512,3.7944512,0,NA,NA,NA,NA,NA,NA
2012-02-03,1.1e+08,3.1997984,3.1997984,0,NA,NA,NA,NA,NA,NA
2012-02-04,1.1e+08,3.1714816,3.1714816,0,NA,NA,NA,NA,NA,NA
2012-02-05,1.1e+08,3.1997984,3.1997984,0,NA,NA,NA,NA,NA,NA
2012-02-06,1.1e+08,3.1997984,3.1997984,0,NA,NA,NA,NA,NA,NA
2012-02-07,1.1e+08,3.1997984,3.1997984,0,NA,NA,NA,NA,NA,NA
2012-02-08,1.1e+08,3.256432,3.256432,0,NA,NA,NA,NA,NA,NA
2012-02-09,1.1e+08,3.2281152,3.2281152,0,NA,NA,NA,NA,NA,NA
2012-02-10,1.1e+08,3.2281152,3.2281152,1.30069999396801,NA,NA,NA,NA,NA,NA
2012-02-11,1.1e+08,3.2281152,3.2281152,0,NA,NA,NA,NA,NA,NA
2012-02-12,1.1e+08,3.1997984,3.1997984,0,NA,NA,NA,NA,NA,NA
2012-02-13,1.1e+08,3.1997984,3.1997984,1.42150005837902,NA,NA,NA,NA,NA,NA
2012-02-14,1.1e+08,3.256432,3.256432,1.5538000613451,NA,NA,NA,NA,NA,NA
2012-02-15,1.1e+08,3.1997984,3.1997984,0,NA,NA,NA,NA,NA,NA
2012-02-16,1.1e+08,3.1431648,3.1431648,0,NA,NA,NA,NA,NA,NA
2012-02-17,1.1e+08,3.1997984,3.1997984,0.382199998944998,NA,NA,NA,NA,NA,NA
2012-02-18,1.1e+08,3.1714816,3.1714816,0,NA,NA,NA,NA,NA,NA
2012-02-19,1.1e+08,3.1431648,3.1431648,0,NA,NA,NA,NA,NA,NA
2012-02-20,1.1e+08,3.0582144,3.0582144,0,NA,NA,NA,NA,NA,NA
2012-02-21,1.1e+08,3.1997984,3.1997984,1.62370001291856,NA,NA,NA,NA,NA,NA
2012-02-22,1.1e+08,3.1431648,3.1431648,0,NA,NA,NA,NA,4.403,NA
2012-02-23,1.1e+08,3.1431648,3.1431648,0,NA,NA,NA,NA,NA,NA
2012-02-24,1.1e+08,3.2281152,3.2281152,6.15159993595444,NA,NA,NA,NA,NA,NA
2012-02-25,1.1e+08,3.1431648,3.1431648,0.0233999995980412,NA,NA,NA,NA,NA,NA
2012-02-26,1.1e+08,3.114848,3.114848,0,NA,NA,NA,NA,NA,NA
2012-02-27,1.1e+08,3.1431648,3.1431648,0,NA,NA,NA,NA,NA,NA
2012-02-28,1.1e+08,3.114848,3.114848,1.23520003631711,NA,NA,NA,NA,3.357,NA
2012-02-29,1.1e+08,3.3696992,3.3696992,13.9827999689151,NA,NA,NA,NA,NA,NA
2012-03-01,1.1e+08,2.4635616,2.4635616,0.613000005483626,NA,NA,NA,NA,NA,NA
2012-03-02,1.1e+08,1.557424,1.557424,10.4418006241322,NA,NA,NA,NA,NA,NA
2012-03-03,1.1e+08,1.6706912,1.6706912,0.772899988340215,NA,NA,NA,NA,NA,NA
2012-03-04,1.1e+08,1.5291072,1.5291072,0.955099985003472,NA,NA,NA,NA,NA,NA
2012-03-05,1.1e+08,1.5007904,1.5007904,1.72220005095005,NA,NA,NA,NA,NA,NA
2012-03-06,1.1e+08,1.6140576,1.6140576,0,NA,NA,NA,NA,NA,NA
2012-03-07,1.1e+08,1.699008,1.699008,0,NA,NA,NA,NA,NA,NA
2012-03-08,1.1e+08,1.6706912,1.6706912,9.32589999586344,NA,NA,NA,NA,NA,NA
2012-03-09,1.1e+08,1.5857408,1.5857408,0,NA,NA,NA,NA,NA,NA
2012-03-10,1.1e+08,1.6706912,1.6706912,0,NA,NA,NA,NA,NA,NA
2012-03-11,1.1e+08,1.6140576,1.6140576,0,NA,NA,NA,NA,NA,NA
2012-03-12,1.1e+08,1.699008,1.699008,9.01189997792244,NA,NA,NA,NA,NA,NA
2012-03-13,1.1e+08,1.6423744,1.6423744,0,NA,NA,NA,NA,NA,NA
2012-03-14,1.1e+08,1.6423744,1.6423744,0,NA,NA,NA,NA,NA,NA
2012-03-15,1.1e+08,1.6140576,1.6140576,0,NA,NA,NA,NA,NA,NA
2012-03-16,1.1e+08,1.3875232,1.3875232,0,NA,NA,NA,NA,NA,NA
2012-03-17,1.1e+08,1.0760384,1.0760384,0.769899994134901,NA,NA,NA,NA,NA,NA
2012-03-18,1.1e+08,1.0760384,1.0760384,0,NA,NA,NA,NA,NA,NA
2012-03-19,1.1e+08,1.1609888,1.1609888,7.70799998380244,NA,NA,NA,NA,NA,NA
2012-03-20,1.1e+08,1.0477216,1.0477216,0,NA,NA,NA,NA,NA,NA
2012-03-21,1.1e+08,1.1043552,1.1043552,0,NA,NA,NA,NA,NA,NA
2012-03-22,1.1e+08,1.1893056,1.1893056,2.61780003458262,NA,NA,NA,NA,NA,NA
2012-03-23,1.1e+08,1.3592064,1.3592064,7.54980014992179,NA,NA,NA,NA,NA,NA
2012-03-24,1.1e+08,1.1893056,1.1893056,1.9067000215291,NA,NA,NA,NA,NA,NA
2012-03-25,1.1e+08,1.132672,1.132672,0.00710000004619358,NA,NA,NA,NA,NA,NA
2012-03-26,1.1e+08,1.132672,1.132672,1.2332000117749,NA,NA,NA,NA,NA,NA
2012-03-27,1.1e+08,1.1609888,1.1609888,0.000300000014249235,NA,NA,NA,NA,NA,NA
2012-03-28,1.1e+08,1.132672,1.132672,0,NA,NA,NA,NA,NA,NA
2012-03-29,1.1e+08,1.0194048,1.0194048,0,NA,NA,NA,NA,NA,NA
2012-03-30,1.1e+08,1.274256,1.274256,19.6083002758096,NA,NA,NA,NA,NA,NA
2012-03-31,1.1e+08,1.0760384,1.0760384,0,NA,NA,NA,NA,NA,NA
2012-04-01,1.1e+08,1.0760384,1.0760384,0.511000007390976,NA,NA,NA,NA,NA,NA
2012-04-02,1.1e+08,1.0477216,1.0477216,0,NA,NA,NA,NA,NA,NA
2012-04-03,1.1e+08,1.0477216,1.0477216,0,NA,NA,NA,NA,NA,NA
2012-04-04,1.1e+08,1.0760384,1.0760384,0,NA,NA,NA,NA,NA,NA
2012-04-05,1.1e+08,0.991088,0.991088,0,9.92,10,0.06,4.83333333333333,NA,4
2012-04-06,1.1e+08,1.5857408,1.5857408,0,NA,NA,NA,NA,NA,NA
2012-04-07,1.1e+08,2.1520768,2.1520768,0.580899991095066,NA,NA,NA,NA,NA,NA
2012-04-08,1.1e+08,2.1520768,2.1520768,0.0407999991439282,NA,NA,NA,NA,NA,NA
2012-04-09,1.1e+08,2.0954432,2.0954432,0,NA,NA,NA,NA,NA,NA
2012-04-10,1.1e+08,2.0104928,2.0104928,0,NA,NA,NA,NA,NA,NA
2012-04-11,1.1e+08,1.9538592,1.9538592,0,NA,NA,NA,NA,NA,NA
2012-04-12,1.1e+08,1.9255424,1.9255424,0,NA,NA,NA,NA,NA,NA
2012-04-13,1.1e+08,2.0104928,2.0104928,0,NA,NA,NA,NA,NA,NA
2012-04-14,1.1e+08,1.9538592,1.9538592,0,NA,NA,NA,NA,NA,NA
2012-04-15,1.1e+08,2.2087104,2.2087104,16.6696998390835,NA,NA,NA,NA,NA,NA
2012-04-16,1.1e+08,2.12376,2.12376,1.56650002300739,NA,NA,NA,NA,NA,NA
2012-04-17,1.1e+08,1.982176,1.982176,0,NA,NA,NA,NA,4.623,NA
2012-04-18,1.1e+08,2.0104928,2.0104928,0,11.04,11.1,0.08,1.13333333333333,NA,4
2012-04-19,1.1e+08,2.1520768,2.1520768,15.6657002398279,NA,NA,NA,NA,NA,NA
2012-04-20,1.1e+08,2.0104928,2.0104928,7.05250044912101,NA,NA,NA,NA,NA,NA
2012-04-21,1.1e+08,1.8972256,1.8972256,0.0225000008940697,NA,NA,NA,NA,NA,NA
2012-04-22,1.1e+08,1.8689088,1.8689088,0,NA,NA,NA,NA,NA,NA
2012-04-23,1.1e+08,1.8972256,1.8972256,0,NA,NA,NA,NA,NA,NA
2012-04-24,1.1e+08,1.982176,1.982176,0.00470000016503036,NA,NA,NA,NA,NA,NA
2012-04-25,1.1e+08,2.0388096,2.0388096,4.77889996196609,NA,NA,NA,NA,NA,NA
2012-04-26,1.1e+08,1.982176,1.982176,0,NA,NA,NA,NA,NA,NA
2012-04-27,1.1e+08,2.12376,2.12376,0,NA,NA,NA,NA,NA,NA
2012-04-28,1.1e+08,2.2087104,2.2087104,4.75019992655143,NA,NA,NA,NA,NA,NA
2012-04-29,1.1e+08,2.3786112,2.3786112,0.505999982357025,NA,NA,NA,NA,NA,NA
2012-04-30,1.1e+08,2.2370272,2.2370272,14.8328998684883,NA,NA,NA,NA,NA,NA
2012-05-01,1.1e+08,2.7467296,2.7467296,0.00439999997615813,NA,NA,NA,NA,NA,NA
2012-05-02,1.1e+08,3.7095008,3.7095008,8.53210017830133,NA,NA,NA,NA,NA,NA
2012-05-03,1.1e+08,4.4740544,4.4740544,13.096700041373,11.35,13.04,0.07,2.2,NA,5
2012-05-04,1.1e+08,4.4457376,4.4457376,0.195000000763685,NA,NA,NA,NA,NA,NA
2012-05-05,1.1e+08,4.4174208,4.4174208,0.88510000705719,NA,NA,NA,NA,NA,NA
2012-05-06,1.1e+08,4.7289056,4.7289056,19.8528003526663,NA,NA,NA,NA,NA,NA
2012-05-07,1.1e+08,4.3041536,4.3041536,0.0987999998033046,NA,NA,NA,NA,NA,NA
2012-05-08,1.1e+08,4.3324704,4.3324704,0.115699999034405,NA,NA,NA,NA,NA,NA
2012-05-09,1.1e+08,4.3607872,4.3607872,0,NA,NA,NA,NA,NA,NA
2012-05-10,1.1e+08,4.3324704,4.3324704,0,NA,NA,NA,NA,NA,NA
2012-05-11,1.1e+08,4.3607872,4.3607872,0,NA,NA,NA,NA,NA,NA
2012-05-12,1.1e+08,4.389104,4.389104,0,NA,NA,NA,NA,NA,NA
2012-05-13,1.1e+08,4.6439552,4.6439552,0,NA,NA,NA,NA,NA,NA
2012-05-14,1.1e+08,5.6916768,5.6916768,0,NA,NA,NA,NA,NA,NA
2012-05-15,1.1e+08,5.6916768,5.6916768,0.331600001081824,NA,NA,NA,NA,NA,NA
2012-05-16,1.1e+08,5.7199936,5.7199936,0,11.98,16.43,0.14,10,NA,0.7
2012-05-17,1.1e+08,5.8615776,5.8615776,0,NA,NA,NA,NA,NA,NA
2012-05-18,1.1e+08,5.7483104,5.7483104,0,NA,NA,NA,NA,NA,NA
2012-05-19,1.1e+08,5.0403904,5.0403904,0,NA,NA,NA,NA,NA,NA
2012-05-20,1.1e+08,3.4829664,3.4829664,0,NA,NA,NA,NA,NA,NA
2012-05-21,1.1e+08,3.0015808,3.0015808,0,NA,NA,NA,NA,NA,NA
2012-05-22,1.1e+08,2.7750464,2.7750464,0,NA,NA,NA,NA,NA,NA
2012-05-23,1.1e+08,2.7184128,2.7184128,0,NA,NA,NA,NA,NA,NA
2012-05-24,1.1e+08,2.5201952,2.5201952,0,NA,NA,NA,NA,NA,NA
2012-05-25,1.1e+08,2.2936608,2.2936608,1.4513000161387,NA,NA,NA,NA,NA,NA
2012-05-26,1.1e+08,2.406928,2.406928,24.2755000144243,NA,NA,NA,NA,NA,NA
2012-05-27,1.1e+08,2.12376,2.12376,0.459699988365175,NA,NA,NA,NA,NA,NA
2012-05-28,1.1e+08,1.9255424,1.9255424,9.44949981570246,NA,NA,NA,NA,NA,NA
2012-05-29,1.1e+08,1.5857408,1.5857408,0.265199999324977,NA,NA,NA,NA,NA,NA
2012-05-30,1.1e+08,1.557424,1.557424,0,13.38,18.71,0.05,4.73333333333333,NA,2.7
2012-05-31,1.1e+08,1.6423744,1.6423744,11.9553999751806,NA,NA,NA,NA,NA,NA
2012-06-01,1.1e+08,1.5291072,1.5291072,0,NA,NA,NA,NA,NA,NA
2012-06-02,1.1e+08,1.6140576,1.6140576,0,NA,NA,NA,NA,NA,NA
2012-06-03,1.1e+08,1.699008,1.699008,0,NA,NA,NA,NA,NA,NA
2012-06-04,1.1e+08,1.6423744,1.6423744,0.12979999853269,NA,NA,NA,NA,NA,NA
2012-06-05,1.1e+08,1.3025728,1.3025728,0.107199996709824,NA,NA,NA,NA,NA,NA
2012-06-06,1.1e+08,1.0477216,1.0477216,0,NA,NA,NA,NA,NA,NA
2012-06-07,1.1e+08,1.1043552,1.1043552,0,NA,NA,NA,NA,NA,NA
2012-06-08,1.1e+08,1.2176224,1.2176224,0,NA,NA,NA,NA,NA,NA
2012-06-09,1.1e+08,1.3025728,1.3025728,0,NA,NA,NA,NA,NA,NA
2012-06-10,1.1e+08,1.1043552,1.1043552,0,NA,NA,NA,NA,NA,NA
2012-06-11,1.1e+08,0.70792,0.70792,6.3780001103878,NA,NA,NA,NA,4.54,NA
2012-06-12,1.1e+08,0.6229696,0.6229696,0,13.48,20.23,0.19,4.03,NA,2.3
2012-06-13,1.1e+08,0.6229696,0.6229696,0,NA,NA,NA,NA,NA,NA
2012-06-14,1.1e+08,0.6512864,0.6512864,0,NA,NA,NA,NA,NA,NA
2012-06-15,1.1e+08,0.7362368,0.7362368,0,NA,NA,NA,NA,NA,NA
2012-06-16,1.1e+08,0.7645536,0.7645536,0.00779999983933524,NA,NA,NA,NA,NA,NA
2012-06-17,1.1e+08,0.8211872,0.8211872,0.0453000009219977,NA,NA,NA,NA,NA,NA
2012-06-18,1.1e+08,0.6796032,0.6796032,0.0105000014882535,NA,NA,NA,NA,NA,NA
2012-06-19,1.1e+08,0.70792,0.70792,0,NA,NA,NA,NA,NA,NA
2012-06-20,1.1e+08,0.566336,0.566336,0,NA,NA,NA,NA,NA,NA
2012-06-21,1.1e+08,0.6512864,0.6512864,4.13129997253418,NA,NA,NA,NA,NA,NA
2012-06-22,1.1e+08,0.6512864,0.6512864,0,NA,NA,NA,NA,NA,NA
2012-06-23,1.1e+08,0.7362368,0.7362368,0,NA,NA,NA,NA,NA,NA
2012-06-24,1.1e+08,0.6796032,0.6796032,0,NA,NA,NA,NA,NA,NA
2012-06-25,1.1e+08,0.566336,0.566336,0,NA,NA,NA,NA,NA,NA
2012-06-26,1.1e+08,0.566336,0.566336,0,13.97,22.75,0.05,10,NA,1.1
2012-06-27,1.1e+08,0.5380192,0.5380192,0,NA,NA,NA,NA,NA,NA
2012-06-28,1.1e+08,0.566336,0.566336,0,NA,NA,NA,NA,NA,NA
2012-06-29,1.1e+08,0.7645536,0.7645536,0,NA,NA,NA,NA,NA,NA
2012-06-30,1.1e+08,1.1893056,1.1893056,0,NA,NA,NA,NA,NA,NA
2012-07-01,1.1e+08,1.1609888,1.1609888,0,NA,NA,NA,NA,NA,NA
2012-07-02,1.1e+08,0.8778208,0.8778208,0,NA,NA,NA,NA,NA,NA
2012-07-03,1.1e+08,0.8778208,0.8778208,0.12389999628067,NA,NA,NA,NA,NA,NA
2012-07-04,1.1e+08,1.0760384,1.0760384,0.292199999094009,NA,NA,NA,NA,NA,NA
2012-07-05,1.1e+08,0.9627712,0.9627712,0,NA,NA,NA,NA,NA,NA
2012-07-06,1.1e+08,0.991088,0.991088,0,NA,NA,NA,NA,NA,NA
2012-07-07,1.1e+08,1.1043552,1.1043552,0,NA,NA,NA,NA,NA,NA
2012-07-08,1.1e+08,1.132672,1.132672,0,NA,NA,NA,NA,NA,NA
2012-07-09,1.1e+08,1.1043552,1.1043552,0,NA,NA,NA,NA,NA,NA
2012-07-10,1.1e+08,0.9627712,0.9627712,0,NA,NA,NA,NA,4.485,NA
2012-07-11,1.1e+08,0.849504,0.849504,0,14.85,25.52,0.3,5.81,NA,1.5
2012-07-12,1.1e+08,0.9061376,0.9061376,0,NA,NA,NA,NA,NA,NA
2012-07-13,1.1e+08,1.0477216,1.0477216,0.737400006502868,NA,NA,NA,NA,NA,NA
2012-07-14,1.1e+08,1.132672,1.132672,0.281599998474121,NA,NA,NA,NA,NA,NA
2012-07-15,1.1e+08,1.0760384,1.0760384,0,NA,NA,NA,NA,NA,NA
2012-07-16,1.1e+08,0.849504,0.849504,0,NA,NA,NA,NA,NA,NA
2012-07-17,1.1e+08,0.849504,0.849504,0,NA,NA,NA,NA,NA,NA
2012-07-18,1.1e+08,1.5007904,1.5007904,18.6261998053451,NA,NA,NA,NA,NA,NA
2012-07-19,1.1e+08,0.7362368,0.7362368,44.1242992635817,NA,NA,NA,NA,NA,NA
2012-07-20,1.1e+08,0.7645536,0.7645536,0,NA,NA,NA,NA,NA,NA
2012-07-21,1.1e+08,0.8211872,0.8211872,0.00109999997948762,NA,NA,NA,NA,NA,NA
2012-07-22,1.1e+08,0.7928704,0.7928704,0.838200003156091,NA,NA,NA,NA,NA,NA
2012-07-23,1.1e+08,0.6796032,0.6796032,0.00389999989420176,NA,NA,NA,NA,NA,NA
2012-07-24,1.1e+08,0.849504,0.849504,16.6470001402777,14.46,24.26,0.03,10.9333333333333,NA,1.6
2012-07-25,1.1e+08,0.9061376,0.9061376,3.91410002019256,NA,NA,NA,NA,NA,NA
2012-07-26,1.1e+08,1.0194048,1.0194048,15.4408005587757,NA,NA,NA,NA,NA,NA
2012-07-27,1.1e+08,0.8211872,0.8211872,0.970099994447082,NA,NA,NA,NA,NA,NA
2012-07-28,1.1e+08,0.8778208,0.8778208,0.118100002408028,NA,NA,NA,NA,NA,NA
2012-07-29,1.1e+08,0.849504,0.849504,0.438299998641013,NA,NA,NA,NA,NA,NA
2012-07-30,1.1e+08,0.7362368,0.7362368,0.396999990734913,NA,NA,NA,NA,NA,NA
2012-07-31,1.1e+08,0.6512864,0.6512864,9.12289984553356,NA,NA,NA,NA,NA,NA
2012-08-01,1.1e+08,0.70792,0.70792,0,NA,NA,NA,NA,NA,NA
2012-08-02,1.1e+08,0.7645536,0.7645536,0,NA,NA,NA,NA,NA,NA
2012-08-03,1.1e+08,0.8211872,0.8211872,0,NA,NA,NA,NA,NA,NA
2012-08-04,1.1e+08,0.7645536,0.7645536,5.5460000004241,NA,NA,NA,NA,NA,NA
2012-08-05,1.1e+08,0.7362368,0.7362368,0,NA,NA,NA,NA,NA,NA
2012-08-06,1.1e+08,0.7645536,0.7645536,0.00229999992006925,NA,NA,NA,NA,4.492,NA
2012-08-07,1.1e+08,0.7362368,0.7362368,0,15.79,25.56,0.29,8.62,NA,1.1
2012-08-08,1.1e+08,0.7645536,0.7645536,5.13940002676099,NA,NA,NA,NA,NA,NA
2012-08-09,1.1e+08,0.7928704,0.7928704,7.26130016520621,NA,NA,NA,NA,NA,NA
2012-08-10,1.1e+08,0.7362368,0.7362368,3.0431999862194,NA,NA,NA,NA,NA,NA
2012-08-11,1.1e+08,0.849504,0.849504,0,NA,NA,NA,NA,NA,NA
2012-08-12,1.1e+08,0.849504,0.849504,0,NA,NA,NA,NA,NA,NA
2012-08-13,1.1e+08,0.70792,0.70792,1.00989999918238,NA,NA,NA,NA,NA,NA
2012-08-14,1.1e+08,0.70792,0.70792,0,NA,NA,NA,NA,NA,NA
2012-08-15,1.1e+08,0.70792,0.70792,2.05970001674723,NA,NA,NA,NA,NA,NA
2012-08-16,1.1e+08,0.8778208,0.8778208,20.0301998415962,NA,NA,NA,NA,NA,NA
2012-08-17,1.1e+08,0.8211872,0.8211872,0,NA,NA,NA,NA,NA,NA
2012-08-18,1.1e+08,0.8778208,0.8778208,0,NA,NA,NA,NA,NA,NA
2012-08-19,1.1e+08,0.9061376,0.9061376,0.271400008234196,NA,NA,NA,NA,NA,NA
2012-08-20,1.1e+08,0.7928704,0.7928704,1.58229997754097,NA,NA,NA,NA,NA,NA
2012-08-21,1.1e+08,0.7928704,0.7928704,0,15.06,22.75,0.03,14.8333333333333,NA,1.2
2012-08-22,1.1e+08,0.7362368,0.7362368,0,NA,NA,NA,NA,NA,NA
2012-08-23,1.1e+08,0.7928704,0.7928704,0,NA,NA,NA,NA,NA,NA
2012-08-24,1.1e+08,0.8211872,0.8211872,0,NA,NA,NA,NA,NA,NA
2012-08-25,1.1e+08,0.991088,0.991088,0.147400006651878,NA,NA,NA,NA,NA,NA
2012-08-26,1.1e+08,0.9061376,0.9061376,2.35879998584278,NA,NA,NA,NA,NA,NA
2012-08-27,1.1e+08,0.8211872,0.8211872,1.02740001305938,NA,NA,NA,NA,NA,NA
2012-08-28,1.1e+08,0.8778208,0.8778208,0.0019000000320375,NA,NA,NA,NA,NA,NA
2012-08-29,1.1e+08,0.8778208,0.8778208,0.104100001219194,NA,NA,NA,NA,NA,NA
2012-08-30,1.1e+08,0.9344544,0.9344544,0,NA,NA,NA,NA,NA,NA
2012-08-31,1.1e+08,0.9061376,0.9061376,0,NA,NA,NA,NA,NA,NA
2012-09-01,1.1e+08,0.8778208,0.8778208,0,NA,NA,NA,NA,NA,NA
2012-09-02,1.1e+08,0.9061376,0.9061376,0,NA,NA,NA,NA,NA,NA
2012-09-03,1.1e+08,0.8778208,0.8778208,0.00839999970048667,NA,NA,NA,NA,NA,NA
2012-09-04,1.1e+08,0.7362368,0.7362368,0.963700014573986,NA,NA,NA,NA,4.579,NA
2012-09-05,1.1e+08,0.7645536,0.7645536,17.302199812606,15.14,22.82,0.31,10.9375,NA,1.7
2012-09-06,1.1e+08,0.7645536,0.7645536,0.139300000621006,NA,NA,NA,NA,NA,NA
2012-09-07,1.1e+08,0.849504,0.849504,0.987300036242232,NA,NA,NA,NA,NA,NA
2012-09-08,1.1e+08,0.8778208,0.8778208,0.141500003635883,NA,NA,NA,NA,NA,NA
2012-09-09,1.1e+08,0.849504,0.849504,3.5629004240036,NA,NA,NA,NA,NA,NA
2012-09-10,1.1e+08,0.849504,0.849504,0.00400000017543789,NA,NA,NA,NA,NA,NA
2012-09-11,1.1e+08,0.849504,0.849504,0,NA,NA,NA,NA,NA,NA
2012-09-12,1.1e+08,0.8211872,0.8211872,0,NA,NA,NA,NA,NA,NA
2012-09-13,1.1e+08,0.849504,0.849504,0.138500002212823,NA,NA,NA,NA,NA,NA
2012-09-14,1.1e+08,0.849504,0.849504,0.795100011862815,NA,NA,NA,NA,NA,NA
2012-09-15,1.1e+08,0.991088,0.991088,0,NA,NA,NA,NA,NA,NA
2012-09-16,1.1e+08,0.9344544,0.9344544,0,NA,NA,NA,NA,NA,NA
2012-09-17,1.1e+08,0.8211872,0.8211872,0.0670000009049546,NA,NA,NA,NA,NA,NA
2012-09-18,1.1e+08,0.7645536,0.7645536,0.069300000439398,NA,NA,NA,NA,NA,NA
2012-09-19,1.1e+08,0.8211872,0.8211872,0.0384999996022088,NA,NA,NA,NA,NA,NA
2012-09-20,1.1e+08,0.8211872,0.8211872,0.117100003524683,NA,NA,NA,NA,NA,NA
2012-09-21,1.1e+08,0.7928704,0.7928704,3.30319996923209,NA,NA,NA,NA,NA,NA
2012-09-22,1.1e+08,0.7645536,0.7645536,2.81509991548956,NA,NA,NA,NA,NA,NA
2012-09-23,1.1e+08,0.7928704,0.7928704,0,NA,NA,NA,NA,NA,NA
2012-09-24,1.1e+08,0.7928704,0.7928704,0,NA,NA,NA,NA,NA,NA
2012-09-25,1.1e+08,0.7928704,0.7928704,0,NA,NA,NA,NA,NA,NA
2012-09-26,1.1e+08,0.7928704,0.7928704,0,NA,NA,NA,NA,NA,NA
2012-09-27,1.1e+08,0.849504,0.849504,0,NA,NA,NA,NA,NA,NA
2012-09-28,1.1e+08,0.9061376,0.9061376,0,NA,NA,NA,NA,NA,NA
2012-09-29,1.1e+08,0.991088,0.991088,0,NA,NA,NA,NA,NA,NA
2012-09-30,1.1e+08,0.9061376,0.9061376,0,NA,NA,NA,NA,NA,NA
2012-10-01,1.1e+08,0.8778208,0.8778208,0,NA,NA,NA,NA,4.712,NA
2012-10-02,1.1e+08,0.849504,0.849504,0,14.77,16.74,0.34,34.9333333333333,NA,1.1
2012-10-03,1.1e+08,0.8778208,0.8778208,0,NA,NA,NA,NA,NA,NA
2012-10-04,1.1e+08,0.9061376,0.9061376,0,NA,NA,NA,NA,NA,NA
2012-10-05,1.1e+08,1.0194048,1.0194048,0,NA,NA,NA,NA,NA,NA
2012-10-06,1.1e+08,0.7645536,0.7645536,0,NA,NA,NA,NA,NA,NA
2012-10-07,1.1e+08,0.7362368,0.7362368,0,NA,NA,NA,NA,NA,NA
2012-10-08,1.1e+08,0.7362368,0.7362368,0,NA,NA,NA,NA,NA,NA
2012-10-09,1.1e+08,0.7645536,0.7645536,2.63789996504783,NA,NA,NA,NA,NA,NA
2012-10-10,1.1e+08,0.6796032,0.6796032,1.55869999714195,NA,NA,NA,NA,NA,NA
2012-10-11,1.1e+08,0.70792,0.70792,0.282099995296449,NA,NA,NA,NA,NA,NA
2012-10-12,1.1e+08,0.7928704,0.7928704,0.114099999627797,NA,NA,NA,NA,NA,NA
2012-10-13,1.1e+08,1.0760384,1.0760384,16.4444999098778,NA,NA,NA,NA,NA,NA
2012-10-14,1.1e+08,1.557424,1.557424,41.0896989256143,NA,NA,NA,NA,NA,NA
2012-10-15,1.1e+08,1.2176224,1.2176224,0,NA,NA,NA,NA,NA,NA
2012-10-16,1.1e+08,1.0477216,1.0477216,0,NA,NA,NA,NA,NA,NA
2012-10-17,1.1e+08,1.2459392,1.2459392,6.2218999862671,NA,NA,NA,NA,NA,NA
2012-10-18,1.1e+08,1.3308896,1.3308896,12.279600173235,NA,NA,NA,NA,NA,NA
2012-10-19,1.1e+08,1.132672,1.132672,4.40539997047745,NA,NA,NA,NA,NA,NA
2012-10-20,1.1e+08,1.0477216,1.0477216,1.40710000693798,NA,NA,NA,NA,NA,NA
2012-10-21,1.1e+08,1.0477216,1.0477216,0,NA,NA,NA,NA,NA,NA
2012-10-22,1.1e+08,1.1043552,1.1043552,16.0636000931263,NA,NA,NA,NA,NA,NA
2012-10-23,1.1e+08,1.0194048,1.0194048,3.51410002820194,NA,NA,NA,NA,NA,NA
2012-10-24,1.1e+08,1.2176224,1.2176224,0,NA,NA,NA,NA,NA,NA
2012-10-25,1.1e+08,1.1609888,1.1609888,10.3714002296328,NA,NA,NA,NA,NA,NA
2012-10-26,1.1e+08,1.5291072,1.5291072,0,NA,NA,NA,NA,NA,NA
2012-10-27,1.1e+08,2.5201952,2.5201952,0,NA,NA,NA,NA,NA,NA
2012-10-28,1.1e+08,2.5768288,2.5768288,0,NA,NA,NA,NA,NA,NA
2012-10-29,1.1e+08,2.7184128,2.7184128,0,NA,NA,NA,NA,5.098,NA
2012-10-30,1.1e+08,2.5768288,2.5768288,0,NA,NA,NA,NA,NA,NA
2012-10-31,1.1e+08,2.5201952,2.5201952,0,NA,NA,NA,NA,NA,NA
2012-11-01,1.1e+08,2.7184128,2.7184128,0,10.1,10.18,0.07,14.6,NA,2.2
2012-11-02,1.1e+08,3.3413824,3.3413824,0,NA,NA,NA,NA,NA,NA
2012-11-03,1.1e+08,3.9077184,3.9077184,0,NA,NA,NA,NA,NA,NA
2012-11-04,1.1e+08,3.964352,3.964352,0,NA,NA,NA,NA,NA,NA
2012-11-05,1.1e+08,3.9360352,3.9360352,0,NA,NA,NA,NA,NA,NA
2012-11-06,1.1e+08,4.1342528,4.1342528,2.57150001823902,NA,NA,NA,NA,NA,NA
2012-11-07,1.1e+08,3.964352,3.964352,0.726900011301043,NA,NA,NA,NA,NA,NA
2012-11-08,1.1e+08,3.8794016,3.8794016,0,NA,NA,NA,NA,NA,NA
2012-11-09,1.1e+08,3.8510848,3.8510848,0,NA,NA,NA,NA,NA,NA
2012-11-10,1.1e+08,3.9360352,3.9360352,0,NA,NA,NA,NA,NA,NA
2012-11-11,1.1e+08,4.1342528,4.1342528,9.48239993996687,NA,NA,NA,NA,NA,NA
2012-11-12,1.1e+08,3.9926688,3.9926688,10.5256997048855,NA,NA,NA,NA,NA,NA
2012-11-13,1.1e+08,4.8988064,4.8988064,0,NA,NA,NA,NA,NA,NA
2012-11-14,1.1e+08,5.804944,5.804944,0,NA,NA,NA,NA,NA,NA
2012-11-15,1.1e+08,5.6916768,5.6916768,0,NA,NA,NA,NA,NA,NA
2012-11-16,1.1e+08,5.804944,5.804944,0,NA,NA,NA,NA,NA,NA
2012-11-17,1.1e+08,5.66336,5.66336,0,NA,NA,NA,NA,NA,NA
2012-11-18,1.1e+08,5.6350432,5.6350432,0,NA,NA,NA,NA,NA,NA
2012-11-19,1.1e+08,5.6067264,5.6067264,0.0908000012859702,NA,NA,NA,NA,NA,NA
2012-11-20,1.1e+08,5.5784096,5.5784096,0.0406999997794628,NA,NA,NA,NA,NA,NA
2012-11-21,1.1e+08,5.6067264,5.6067264,0,NA,NA,NA,NA,NA,NA
2012-11-22,1.1e+08,5.521776,5.521776,0,NA,NA,NA,NA,NA,NA
2012-11-23,1.1e+08,5.6350432,5.6350432,0,NA,NA,NA,NA,NA,NA
2012-11-24,1.1e+08,5.521776,5.521776,0,NA,NA,NA,NA,NA,NA
2012-11-25,1.1e+08,5.4934592,5.4934592,0,NA,NA,NA,NA,NA,NA
2012-11-26,1.1e+08,5.4651424,5.4651424,0,NA,NA,NA,NA,NA,NA
2012-11-27,1.1e+08,5.4651424,5.4651424,0,NA,NA,NA,NA,NA,NA
2012-11-28,1.1e+08,5.4651424,5.4651424,0,NA,NA,NA,NA,NA,NA
2012-11-29,1.1e+08,5.4368256,5.4368256,0,NA,NA,NA,NA,4.908,NA
2012-11-30,1.1e+08,5.2952416,5.2952416,0,NA,NA,NA,NA,NA,NA
2012-12-01,1.1e+08,5.2102912,5.2102912,2.55920004844666,NA,NA,NA,NA,NA,NA
2012-12-02,1.1e+08,5.3518752,5.3518752,0.806299984455108,NA,NA,NA,NA,NA,NA
2012-12-03,1.1e+08,5.4651424,5.4651424,0.198300002310133,NA,NA,NA,NA,NA,NA
2012-12-04,1.1e+08,5.3518752,5.3518752,0,NA,NA,NA,NA,NA,NA
2012-12-05,1.1e+08,5.2669248,5.2669248,0,NA,NA,NA,NA,NA,NA
2012-12-06,1.1e+08,5.1819744,5.1819744,0,NA,NA,NA,NA,NA,NA
2012-12-07,1.1e+08,5.097024,5.097024,0,NA,NA,NA,NA,NA,NA
2012-12-08,1.1e+08,4.8704896,4.8704896,0.0434000007808208,NA,NA,NA,NA,NA,NA
2012-12-09,1.1e+08,5.0120736,5.0120736,12.7389999628067,NA,NA,NA,NA,NA,NA
2012-12-10,1.1e+08,5.2102912,5.2102912,0,NA,NA,NA,NA,NA,NA
2012-12-11,1.1e+08,4.1342528,4.1342528,0.0410999990999699,NA,NA,NA,NA,NA,NA
2012-12-12,1.1e+08,3.3130656,3.3130656,0,NA,NA,NA,NA,NA,NA
2012-12-13,1.1e+08,3.256432,3.256432,0,NA,NA,NA,NA,NA,NA
2012-12-14,1.1e+08,3.1714816,3.1714816,0,NA,NA,NA,NA,NA,NA
2012-12-15,1.1e+08,3.3413824,3.3413824,11.1715000271797,NA,NA,NA,NA,NA,NA
2012-12-16,1.1e+08,3.1997984,3.1997984,2.06769996881485,NA,NA,NA,NA,NA,NA
2012-12-17,1.1e+08,3.1997984,3.1997984,0,NA,NA,NA,NA,NA,NA
2012-12-18,1.1e+08,3.1431648,3.1431648,3.37810005247593,NA,NA,NA,NA,NA,NA
2012-12-19,1.1e+08,3.1431648,3.1431648,0,NA,NA,NA,NA,NA,NA
2012-12-20,1.1e+08,3.2847488,3.2847488,44.1461999714374,NA,NA,NA,NA,NA,NA
2012-12-21,1.1e+08,3.1714816,3.1714816,2.13560001552105,NA,NA,NA,NA,NA,NA
2012-12-22,1.1e+08,2.3786112,2.3786112,0,NA,NA,NA,NA,NA,NA
2012-12-23,1.1e+08,3.1431648,3.1431648,0,NA,NA,NA,NA,NA,NA
2012-12-24,1.1e+08,3.114848,3.114848,0,NA,NA,NA,NA,NA,NA
2012-12-25,1.1e+08,3.1431648,3.1431648,0,NA,NA,NA,NA,NA,NA
2012-12-26,1.1e+08,3.0865312,3.0865312,0,NA,NA,NA,NA,NA,NA
2012-12-27,1.1e+08,3.0582144,3.0582144,0,NA,NA,NA,NA,NA,NA
2012-12-28,1.1e+08,3.0865312,3.0865312,2.09050000458956,NA,NA,NA,NA,NA,NA
2012-12-29,1.1e+08,3.1431648,3.1431648,0.334200009703636,NA,NA,NA,NA,NA,NA
2012-12-30,1.1e+08,2.83168,2.83168,0,NA,NA,NA,NA,NA,NA
2012-12-31,1.1e+08,2.973264,2.973264,0,NA,NA,NA,NA,NA,NA
2013-01-01,1.1e+08,2.4635616,2.4635616,0,NA,NA,NA,NA,NA,NA
2013-01-02,1.1e+08,2.7184128,2.7184128,0,NA,NA,NA,NA,NA,NA
2013-01-03,1.1e+08,2.7467296,2.7467296,0,NA,NA,NA,NA,NA,NA
2013-01-04,1.1e+08,2.690096,2.690096,0,NA,NA,NA,NA,NA,NA
2013-01-05,1.1e+08,2.690096,2.690096,0,NA,NA,NA,NA,NA,NA
2013-01-06,1.1e+08,2.7467296,2.7467296,0.00449999980628492,NA,NA,NA,NA,NA,NA
2013-01-07,1.1e+08,2.83168,2.83168,0,NA,NA,NA,NA,NA,NA
2013-01-08,1.1e+08,2.8033632,2.8033632,0,NA,NA,NA,NA,NA,NA
2013-01-09,1.1e+08,2.8599968,2.8599968,0,NA,NA,NA,NA,NA,NA
2013-01-10,1.1e+08,2.9166304,2.9166304,2.20910000801087,NA,NA,NA,NA,NA,NA
2013-01-11,1.1e+08,3.0865312,3.0865312,5.37500003911555,NA,NA,NA,NA,NA,NA
2013-01-12,1.1e+08,3.114848,3.114848,0.163399994373322,NA,NA,NA,NA,NA,NA
2013-01-13,1.1e+08,2.9166304,2.9166304,0.39030000474304,NA,NA,NA,NA,NA,NA
2013-01-14,1.1e+08,2.7184128,2.7184128,0,NA,NA,NA,NA,NA,NA
2013-01-15,1.1e+08,2.8033632,2.8033632,0,NA,NA,NA,NA,NA,NA
2013-01-16,1.1e+08,2.8033632,2.8033632,0,NA,NA,NA,NA,NA,NA
2013-01-17,1.1e+08,2.8033632,2.8033632,0,NA,NA,NA,NA,NA,NA
2013-01-18,1.1e+08,2.8033632,2.8033632,0,NA,NA,NA,NA,NA,NA
2013-01-19,1.1e+08,2.8599968,2.8599968,0,NA,NA,NA,NA,NA,NA
2013-01-20,1.1e+08,2.7467296,2.7467296,0,NA,NA,NA,NA,NA,NA
2013-01-21,1.1e+08,2.4918784,2.4918784,0,NA,NA,NA,NA,NA,NA
2013-01-22,1.1e+08,2.406928,2.406928,0.02280000038445,NA,NA,NA,NA,NA,NA
2013-01-23,1.1e+08,2.6334624,2.6334624,0.369800001382828,NA,NA,NA,NA,NA,NA
2013-01-24,1.1e+08,2.6334624,2.6334624,0,NA,NA,NA,NA,NA,NA
2013-01-25,1.1e+08,2.7467296,2.7467296,0.618500008480623,NA,NA,NA,NA,NA,NA
2013-01-26,1.1e+08,2.6051456,2.6051456,0,NA,NA,NA,NA,NA,NA
2013-01-27,1.1e+08,2.7184128,2.7184128,4.29609996452928,NA,NA,NA,NA,NA,NA
2013-01-28,1.1e+08,2.83168,2.83168,1.26799999922514,NA,NA,NA,NA,NA,NA
2013-01-29,1.1e+08,3.8510848,3.8510848,36.5299001187086,NA,NA,NA,NA,NA,NA
2013-01-30,1.1e+08,3.2281152,3.2281152,20.3163000568748,NA,NA,NA,NA,NA,NA
2013-01-31,1.1e+08,2.83168,2.83168,0.581099987030029,NA,NA,NA,NA,NA,NA
2013-02-01,1.1e+08,2.8033632,2.8033632,0,NA,NA,NA,NA,NA,NA
2013-02-02,1.1e+08,2.9166304,2.9166304,2.39250004291534,NA,NA,NA,NA,NA,NA
2013-02-03,1.1e+08,3.0582144,3.0582144,0.564000010490417,NA,NA,NA,NA,NA,NA
2013-02-04,1.1e+08,3.0865312,3.0865312,3.94690000079573,NA,NA,NA,NA,NA,NA
2013-02-05,1.1e+08,3.0865312,3.0865312,2.09680003300309,2.11,1.37,0.11,3.6,NA,NA
2013-02-06,1.1e+08,2.973264,2.973264,0.0778000005520881,NA,NA,NA,NA,NA,NA
2013-02-07,1.1e+08,3.0865312,3.0865312,13.4796998761594,NA,NA,NA,NA,NA,NA
2013-02-08,1.1e+08,2.83168,2.83168,4.20639996230602,NA,NA,NA,NA,NA,NA
2013-02-09,1.1e+08,2.8033632,2.8033632,0,NA,NA,NA,NA,NA,NA
2013-02-10,1.1e+08,3.3130656,3.3130656,13.8350004780805,NA,NA,NA,NA,NA,NA
2013-02-11,1.1e+08,3.1997984,3.1997984,0.520899999886751,NA,NA,NA,NA,NA,NA
2013-02-12,1.1e+08,2.9449472,2.9449472,0,NA,NA,NA,NA,5,NA
2013-02-13,1.1e+08,3.0582144,3.0582144,0,NA,NA,NA,NA,NA,NA
2013-02-14,1.1e+08,3.0582144,3.0582144,0.257099998125341,NA,NA,NA,NA,NA,NA
2013-02-15,1.1e+08,2.973264,2.973264,0,NA,NA,NA,NA,NA,NA
2013-02-16,1.1e+08,3.0298976,3.0298976,0,NA,NA,NA,NA,NA,NA
2013-02-17,1.1e+08,3.0582144,3.0582144,0,NA,NA,NA,NA,NA,NA
2013-02-18,1.1e+08,3.1431648,3.1431648,0.564999997615814,NA,NA,NA,NA,NA,NA
2013-02-19,1.1e+08,3.2281152,3.2281152,4.4299000336323,NA,NA,NA,NA,NA,NA
2013-02-20,1.1e+08,3.0015808,3.0015808,0,NA,NA,NA,NA,NA,NA
2013-02-21,1.1e+08,3.0298976,3.0298976,0,NA,NA,NA,NA,NA,NA
2013-02-22,1.1e+08,3.1431648,3.1431648,7.25820001959802,NA,NA,NA,NA,NA,NA
2013-02-23,1.1e+08,3.0298976,3.0298976,0,NA,NA,NA,NA,NA,NA
2013-02-24,1.1e+08,2.973264,2.973264,0,NA,NA,NA,NA,NA,NA
2013-02-25,1.1e+08,3.0298976,3.0298976,0.128600001335144,NA,NA,NA,NA,NA,NA
2013-02-26,1.1e+08,3.0298976,3.0298976,3.38139997236431,NA,NA,NA,NA,NA,NA
2013-02-27,1.1e+08,3.1714816,3.1714816,10.7617000024766,NA,NA,NA,NA,NA,NA
2013-02-28,1.1e+08,2.973264,2.973264,1.57340005040169,NA,NA,NA,NA,NA,NA
2013-03-01,1.1e+08,2.9166304,2.9166304,0.582899991422893,NA,NA,NA,NA,NA,NA
2013-03-02,1.1e+08,2.973264,2.973264,0,NA,NA,NA,NA,NA,NA
2013-03-03,1.1e+08,2.83168,2.83168,0,NA,NA,NA,NA,NA,NA
2013-03-04,1.1e+08,2.7184128,2.7184128,0.396699994802475,NA,NA,NA,NA,NA,NA
2013-03-05,1.1e+08,2.8033632,2.8033632,14.5177002102137,NA,NA,NA,NA,NA,NA
2013-03-06,1.1e+08,2.9449472,2.9449472,0.318600006401539,NA,NA,NA,NA,NA,NA
2013-03-07,1.1e+08,2.6617792,2.6617792,0,NA,NA,NA,NA,NA,NA
2013-03-08,1.1e+08,2.5201952,2.5201952,0,NA,NA,NA,NA,NA,NA
2013-03-09,1.1e+08,2.548512,2.548512,2.37930002499343,NA,NA,NA,NA,NA,NA
2013-03-10,1.1e+08,2.973264,2.973264,28.0426000058651,NA,NA,NA,NA,NA,NA
2013-03-11,1.1e+08,4.105936,4.105936,5.38599999248982,NA,NA,NA,NA,NA,NA
2013-03-12,1.1e+08,5.6067264,5.6067264,1.91660003899596,NA,NA,NA,NA,NA,NA
2013-03-13,1.1e+08,6.5411808,6.5411808,0.198499997146427,NA,NA,NA,NA,NA,NA
2013-03-14,1.1e+08,6.8809824,6.8809824,0.0837000012397766,NA,NA,NA,NA,NA,NA
2013-03-15,1.1e+08,7.4756352,7.4756352,2.6569000184536,NA,NA,NA,NA,NA,NA
2013-03-16,1.1e+08,8.070288,8.070288,0.212000004947185,NA,NA,NA,NA,NA,NA
2013-03-17,1.1e+08,8.070288,8.070288,0,NA,NA,NA,NA,NA,NA
2013-03-18,1.1e+08,8.070288,8.070288,7.97210008325055,NA,NA,NA,NA,NA,NA
2013-03-19,1.1e+08,7.8437536,7.8437536,0,NA,NA,NA,NA,NA,NA
2013-03-20,1.1e+08,7.7588032,7.7588032,0,NA,NA,NA,NA,NA,NA
2013-03-21,1.1e+08,7.78712,7.78712,0,NA,NA,NA,NA,NA,NA
2013-03-22,1.1e+08,7.78712,7.78712,0,NA,NA,NA,NA,NA,NA
2013-03-23,1.1e+08,7.8154368,7.8154368,0,NA,NA,NA,NA,NA,NA
2013-03-24,1.1e+08,7.9003872,7.9003872,0.928800011053681,NA,NA,NA,NA,NA,NA
2013-03-25,1.1e+08,7.6738528,7.6738528,0.137899993154861,NA,NA,NA,NA,NA,NA
2013-03-26,1.1e+08,7.6172192,7.6172192,0,NA,NA,NA,NA,NA,NA
2013-03-27,1.1e+08,7.5889024,7.5889024,0,NA,NA,NA,NA,NA,NA
2013-03-28,1.1e+08,7.645536,7.645536,0,NA,NA,NA,NA,NA,NA
2013-03-29,1.1e+08,7.6738528,7.6738528,0,NA,NA,NA,NA,NA,NA
2013-03-30,1.1e+08,7.7304864,7.7304864,0,NA,NA,NA,NA,NA,NA
2013-03-31,1.1e+08,7.78712,7.78712,0.119300000369549,NA,NA,NA,NA,NA,NA
2013-04-01,1.1e+08,7.8720704,7.8720704,0,NA,NA,NA,NA,NA,NA
2013-04-02,1.1e+08,7.9853376,7.9853376,0,NA,NA,NA,NA,NA,NA
2013-04-03,1.1e+08,8.1835552,8.1835552,0,NA,NA,NA,NA,NA,NA
2013-04-04,1.1e+08,8.5516736,8.5516736,0,NA,NA,NA,NA,NA,NA
2013-04-05,1.1e+08,9.5427616,9.5427616,0,NA,NA,NA,NA,NA,NA
2013-04-06,1.1e+08,9.5993952,9.5993952,0.502099997247569,NA,NA,NA,NA,NA,NA
2013-04-07,1.1e+08,9.627712,9.627712,0.235899999737739,NA,NA,NA,NA,NA,NA
2013-04-08,1.1e+08,10.194048,10.194048,10.8074000738561,NA,NA,NA,NA,NA,NA
2013-04-09,1.1e+08,10.8736512,10.8736512,31.4712994508445,NA,NA,NA,NA,NA,NA
2013-04-10,1.1e+08,11.0718688,11.0718688,33.3857001976576,NA,NA,NA,NA,NA,NA
2013-04-11,1.1e+08,10.7320672,10.7320672,13.7246998413466,NA,NA,NA,NA,NA,NA
2013-04-12,1.1e+08,10.5904832,10.5904832,1.48370004538447,NA,NA,NA,NA,NA,NA
2013-04-13,1.1e+08,10.3639488,10.3639488,0,NA,NA,NA,NA,NA,NA
2013-04-14,1.1e+08,10.6188,10.6188,3.87670002199592,NA,NA,NA,NA,NA,NA
2013-04-15,1.1e+08,10.9586016,10.9586016,14.1599998911261,NA,NA,NA,NA,NA,NA
2013-04-16,1.1e+08,10.7037504,10.7037504,0.105599995702505,NA,NA,NA,NA,NA,NA
2013-04-17,1.1e+08,11.2134528,11.2134528,21.049100674165,NA,NA,NA,NA,NA,NA
2013-04-18,1.1e+08,11.185136,11.185136,29.5235997959972,NA,NA,NA,NA,NA,NA
2013-04-19,1.1e+08,10.8453344,10.8453344,0.437900001154048,NA,NA,NA,NA,NA,NA
2013-04-20,1.1e+08,10.6754336,10.6754336,0.0048000001697801,NA,NA,NA,NA,NA,NA
2013-04-21,1.1e+08,10.4205824,10.4205824,0,NA,NA,NA,NA,NA,NA
2013-04-22,1.1e+08,10.477216,10.477216,0,NA,NA,NA,NA,NA,NA
2013-04-23,1.1e+08,10.3922656,10.3922656,0.536700006807222,NA,NA,NA,NA,NA,NA
2013-04-24,1.1e+08,10.2789984,10.2789984,0,NA,NA,NA,NA,NA,NA
2013-04-25,1.1e+08,10.335632,10.335632,0.0015999999595806,NA,NA,NA,NA,NA,NA
2013-04-26,1.1e+08,10.2506816,10.2506816,0,NA,NA,NA,NA,NA,NA
2013-04-27,1.1e+08,10.3073152,10.3073152,0,NA,NA,NA,NA,NA,NA
2013-04-28,1.1e+08,10.0241472,10.0241472,0,NA,NA,NA,NA,NA,NA
2013-04-29,1.1e+08,9.0330592,9.0330592,0.446000003255904,NA,NA,NA,NA,6.08,NA
2013-04-30,1.1e+08,9.9958304,9.9958304,0.74940001219511,NA,NA,NA,NA,NA,NA
2013-05-01,1.1e+08,10.4205824,10.4205824,0,NA,NA,NA,NA,NA,NA
2013-05-02,1.1e+08,10.5055328,10.5055328,2.27120000123977,NA,NA,NA,NA,NA,NA
2013-05-03,1.1e+08,10.6188,10.6188,18.329599914141,NA,NA,NA,NA,NA,NA
2013-05-04,1.1e+08,10.2506816,10.2506816,4.46209993213416,NA,NA,NA,NA,NA,NA
2013-05-05,1.1e+08,10.2223648,10.2223648,0,NA,NA,NA,NA,NA,NA
2013-05-06,1.1e+08,10.194048,10.194048,0,NA,NA,NA,NA,NA,NA
2013-05-07,1.1e+08,10.0241472,10.0241472,0,NA,NA,NA,26.4,NA,NA
2013-05-08,1.1e+08,9.1180096,9.1180096,0,8.09,10.36,0.06,NA,NA,1.7
2013-05-09,1.1e+08,8.1552384,8.1552384,13.8589999556425,NA,NA,NA,NA,NA,NA
2013-05-10,1.1e+08,8.4100896,8.4100896,24.8519001156092,NA,NA,NA,NA,NA,NA
2013-05-11,1.1e+08,8.0986048,8.0986048,0.339400012046099,NA,NA,NA,NA,NA,NA
2013-05-12,1.1e+08,8.070288,8.070288,0,NA,NA,NA,NA,NA,NA
2013-05-13,1.1e+08,7.928704,7.928704,0,NA,NA,NA,NA,NA,NA
2013-05-14,1.1e+08,8.0136544,8.0136544,0,NA,NA,NA,NA,6.297,NA
2013-05-15,1.1e+08,7.9003872,7.9003872,0.412799999117851,9.09,11.93,0.07,1.53333333333333,NA,5.4
2013-05-16,1.1e+08,7.5605856,7.5605856,0,NA,NA,NA,NA,NA,NA
2013-05-17,1.1e+08,6.512864,6.512864,17.5576999634504,NA,NA,NA,NA,NA,NA
2013-05-18,1.1e+08,6.4845472,6.4845472,0,NA,NA,NA,NA,NA,NA
2013-05-19,1.1e+08,6.3146464,6.3146464,5.39960000730936,NA,NA,NA,NA,NA,NA
2013-05-20,1.1e+08,6.5411808,6.5411808,12.794900440611,NA,NA,NA,NA,NA,NA
2013-05-21,1.1e+08,6.0597952,6.0597952,0,NA,NA,NA,NA,NA,NA
2013-05-22,1.1e+08,5.946528,5.946528,9.33909986913205,NA,NA,NA,NA,NA,NA
2013-05-23,1.1e+08,6.3146464,6.3146464,5.80739997513592,NA,NA,NA,NA,NA,NA
2013-05-24,1.1e+08,6.2863296,6.2863296,0,NA,NA,NA,NA,NA,NA
2013-05-25,1.1e+08,6.3146464,6.3146464,1.04809998359997,NA,NA,NA,NA,NA,NA
2013-05-26,1.1e+08,6.2863296,6.2863296,2.50880006700754,NA,NA,NA,NA,NA,NA
2013-05-27,1.1e+08,6.088112,6.088112,0.570000015199185,NA,NA,NA,NA,NA,NA
2013-05-28,1.1e+08,6.6261312,6.6261312,25.390399903059,NA,NA,NA,NA,NA,NA
2013-05-29,1.1e+08,6.512864,6.512864,0.156899999827146,9.93,16.01,0.05,2.53333333333333,NA,5
2013-05-30,1.1e+08,6.512864,6.512864,16.4786005318165,NA,NA,NA,NA,NA,NA
2013-05-31,1.1e+08,6.3995968,6.3995968,8.77550007402896,NA,NA,NA,NA,NA,NA
2013-06-01,1.1e+08,6.2580128,6.2580128,0,NA,NA,NA,NA,NA,NA
2013-06-02,1.1e+08,6.1730624,6.1730624,0,NA,NA,NA,NA,NA,NA
2013-06-03,1.1e+08,6.229696,6.229696,0,NA,NA,NA,NA,NA,NA
2013-06-04,1.1e+08,6.0597952,6.0597952,0.439100001007318,NA,NA,NA,NA,NA,NA
2013-06-05,1.1e+08,6.1164288,6.1164288,5.54170008935034,NA,NA,NA,NA,NA,NA
2013-06-06,1.1e+08,6.1164288,6.1164288,4.02070018462837,NA,NA,NA,NA,NA,NA
2013-06-07,1.1e+08,6.1447456,6.1447456,0.0658000037074088,NA,NA,NA,NA,NA,NA
2013-06-08,1.1e+08,6.2013792,6.2013792,0,NA,NA,NA,NA,NA,NA
2013-06-09,1.1e+08,6.1730624,6.1730624,0.817799990996716,NA,NA,NA,NA,NA,NA
2013-06-10,1.1e+08,5.8898944,5.8898944,5.91579999774694,NA,NA,NA,NA,4.361,NA
2013-06-11,1.1e+08,5.946528,5.946528,0,9.86,18.29,0.16,9.89,NA,4.3
2013-06-12,1.1e+08,6.4279136,6.4279136,4.55560038425029,NA,NA,NA,NA,NA,NA
2013-06-13,1.1e+08,6.2863296,6.2863296,21.1987001895905,NA,NA,NA,NA,NA,NA
2013-06-14,1.1e+08,6.3429632,6.3429632,0,NA,NA,NA,NA,NA,NA
2013-06-15,1.1e+08,6.1447456,6.1447456,5.61819991585799,NA,NA,NA,NA,NA,NA
2013-06-16,1.1e+08,6.3995968,6.3995968,15.7739002108574,NA,NA,NA,NA,NA,NA
2013-06-17,1.1e+08,6.229696,6.229696,0.00370000000111759,NA,NA,NA,NA,NA,NA
2013-06-18,1.1e+08,6.3995968,6.3995968,0,NA,NA,NA,NA,NA,NA
2013-06-19,1.1e+08,6.37128,6.37128,0,NA,NA,NA,NA,NA,NA
2013-06-20,1.1e+08,6.3995968,6.3995968,0,NA,NA,NA,NA,NA,NA
2013-06-21,1.1e+08,6.5694976,6.5694976,21.3772999068533,NA,NA,NA,NA,NA,NA
2013-06-22,1.1e+08,6.4279136,6.4279136,44.5877998694778,NA,NA,NA,NA,NA,NA
2013-06-23,1.1e+08,6.2013792,6.2013792,20.5209998943028,NA,NA,NA,NA,NA,NA
2013-06-24,1.1e+08,5.8615776,5.8615776,0.290299993939698,NA,NA,NA,NA,NA,NA
2013-06-25,1.1e+08,6.6827648,6.6827648,69.1102996505796,10.53,20.48,0.03,20.4333333333333,NA,1.9
2013-06-26,1.1e+08,7.0792,7.0792,55.3648996897974,NA,NA,NA,NA,NA,NA
2013-06-27,1.1e+08,6.7393984,6.7393984,0.00549999997019767,NA,NA,NA,NA,NA,NA
2013-06-28,1.1e+08,6.937616,6.937616,3.79009994649095,NA,NA,NA,NA,NA,NA
2013-06-29,1.1e+08,7.1641504,7.1641504,12.3742000367492,NA,NA,NA,NA,NA,NA
2013-06-30,1.1e+08,7.5322688,7.5322688,0,NA,NA,NA,NA,NA,NA
2013-07-01,1.1e+08,7.8437536,7.8437536,0,NA,NA,NA,NA,NA,NA
2013-07-02,1.1e+08,7.8437536,7.8437536,0,NA,NA,NA,NA,NA,NA
2013-07-03,1.1e+08,7.928704,7.928704,0,NA,NA,NA,NA,NA,NA
2013-07-04,1.1e+08,7.8720704,7.8720704,0,NA,NA,NA,NA,NA,NA
2013-07-05,1.1e+08,7.928704,7.928704,0,NA,NA,NA,NA,NA,NA
2013-07-06,1.1e+08,7.928704,7.928704,0,NA,NA,NA,NA,NA,NA
2013-07-07,1.1e+08,8.4667232,8.4667232,0,NA,NA,NA,NA,NA,NA
2013-07-08,1.1e+08,8.8065248,8.8065248,9.86200016736985,12.54,24.3,0.2,12.66,4.412,1.1
2013-07-09,1.1e+08,8.8065248,8.8065248,2.93379997648299,NA,NA,NA,NA,NA,NA
2013-07-10,1.1e+08,8.6649408,8.6649408,9.99999974737875e-05,NA,NA,NA,NA,NA,NA
2013-07-11,1.1e+08,8.636624,8.636624,0,NA,NA,NA,NA,NA,NA
2013-07-12,1.1e+08,8.636624,8.636624,0,NA,NA,NA,NA,NA,NA
2013-07-13,1.1e+08,8.5799904,8.5799904,0,NA,NA,NA,NA,NA,NA
2013-07-14,1.1e+08,8.6932576,8.6932576,0,NA,NA,NA,NA,NA,NA
2013-07-15,1.1e+08,9.1746432,9.1746432,0,NA,NA,NA,NA,NA,NA
2013-07-16,1.1e+08,9.061376,9.061376,0,NA,NA,NA,NA,NA,NA
2013-07-17,1.1e+08,8.9764256,8.9764256,8.44630020178736,NA,NA,NA,NA,NA,NA
2013-07-18,1.1e+08,8.8348416,8.8348416,0.896400004625323,NA,NA,NA,NA,NA,NA
2013-07-19,1.1e+08,9.5993952,9.5993952,0,NA,NA,NA,NA,NA,NA
2013-07-20,1.1e+08,9.6843456,9.6843456,0.145099994464545,NA,NA,NA,NA,NA,NA
2013-07-21,1.1e+08,10.477216,10.477216,18.3545006445784,NA,NA,NA,NA,NA,NA
2013-07-22,1.1e+08,9.91088,9.91088,0.109599999319471,11.23,23.68,0.03,14.7666666666667,NA,1
2013-07-23,1.1e+08,9.8825632,9.8825632,14.9485000222921,NA,NA,NA,NA,NA,NA
2013-07-24,1.1e+08,9.8259296,9.8259296,0,NA,NA,NA,NA,NA,NA
2013-07-25,1.1e+08,9.8259296,9.8259296,0.124499998986721,NA,NA,NA,NA,NA,NA
2013-07-26,1.1e+08,9.8259296,9.8259296,7.61140011250972,NA,NA,NA,NA,NA,NA
2013-07-27,1.1e+08,9.8259296,9.8259296,0.850300014019013,NA,NA,NA,NA,NA,NA
2013-07-28,1.1e+08,9.7409792,9.7409792,0,NA,NA,NA,NA,NA,NA
2013-07-29,1.1e+08,9.7126624,9.7126624,0,NA,NA,NA,NA,NA,NA
2013-07-30,1.1e+08,9.7126624,9.7126624,0,NA,NA,NA,NA,NA,NA
2013-07-31,1.1e+08,9.5710784,9.5710784,5.95069998502731,NA,NA,NA,NA,NA,NA
2013-08-01,1.1e+08,8.6083072,8.6083072,0,NA,NA,NA,NA,NA,NA
2013-08-02,1.1e+08,6.6827648,6.6827648,5.92720007896424,NA,NA,NA,NA,NA,NA
2013-08-03,1.1e+08,5.521776,5.521776,2.96540004014969,NA,NA,NA,NA,NA,NA
2013-08-04,1.1e+08,5.4651424,5.4651424,0.000199999994947575,NA,NA,NA,NA,NA,NA
2013-08-05,1.1e+08,5.4085088,5.4085088,2.03590002516285,NA,NA,NA,NA,4.788,NA
2013-08-06,1.1e+08,5.4085088,5.4085088,0,12.14,22.68,0.23,8.83,NA,1.2
2013-08-07,1.1e+08,5.3518752,5.3518752,0,NA,NA,NA,NA,NA,NA
2013-08-08,1.1e+08,5.0687072,5.0687072,0,NA,NA,NA,NA,NA,NA
2013-08-09,1.1e+08,4.3607872,4.3607872,0,NA,NA,NA,NA,NA,NA
2013-08-10,1.1e+08,3.9360352,3.9360352,0,NA,NA,NA,NA,NA,NA
2013-08-11,1.1e+08,3.114848,3.114848,0.532000007107854,NA,NA,NA,NA,NA,NA
2013-08-12,1.1e+08,2.2936608,2.2936608,4.36599998548627,NA,NA,NA,NA,NA,NA
2013-08-13,1.1e+08,2.1520768,2.1520768,0.0986000001430513,NA,NA,NA,NA,NA,NA
2013-08-14,1.1e+08,2.0671264,2.0671264,0,NA,NA,NA,NA,NA,NA
2013-08-15,1.1e+08,1.8689088,1.8689088,0,NA,NA,NA,NA,NA,NA
2013-08-16,1.1e+08,1.2459392,1.2459392,0,NA,NA,NA,NA,NA,NA
2013-08-17,1.1e+08,1.0760384,1.0760384,0,NA,NA,NA,NA,NA,NA
2013-08-18,1.1e+08,1.1609888,1.1609888,0,NA,NA,NA,NA,NA,NA
2013-08-19,1.1e+08,1.1043552,1.1043552,0,NA,NA,NA,NA,NA,NA
2013-08-20,1.1e+08,1.132672,1.132672,0,NA,NA,NA,NA,NA,NA
2013-08-21,1.1e+08,1.0760384,1.0760384,0,11.57,22.89,0.02,9.06666666666667,NA,1.1
2013-08-22,1.1e+08,1.1893056,1.1893056,19.4191005378961,NA,NA,NA,NA,NA,NA
2013-08-23,1.1e+08,1.132672,1.132672,0,NA,NA,NA,NA,NA,NA
2013-08-24,1.1e+08,1.1609888,1.1609888,0,NA,NA,NA,NA,NA,NA
2013-08-25,1.1e+08,1.1609888,1.1609888,0,NA,NA,NA,NA,NA,NA
2013-08-26,1.1e+08,1.0477216,1.0477216,0,NA,NA,NA,NA,NA,NA
2013-08-27,1.1e+08,1.0194048,1.0194048,0,NA,NA,NA,NA,NA,NA
2013-08-28,1.1e+08,0.991088,0.991088,0,NA,NA,NA,NA,NA,NA
2013-08-29,1.1e+08,1.132672,1.132672,0,NA,NA,NA,NA,NA,NA
2013-08-30,1.1e+08,1.0760384,1.0760384,0.176599995640572,NA,NA,NA,NA,NA,NA
2013-08-31,1.1e+08,1.132672,1.132672,0.643700017099036,NA,NA,NA,NA,NA,NA
2013-09-01,1.1e+08,1.1609888,1.1609888,0,NA,NA,NA,NA,NA,NA
2013-09-02,1.1e+08,1.0477216,1.0477216,0,NA,NA,NA,NA,NA,NA
2013-09-03,1.1e+08,0.991088,0.991088,0,NA,NA,NA,NA,NA,NA
2013-09-04,1.1e+08,0.9344544,0.9344544,0,NA,NA,NA,NA,5.692,NA
2013-09-05,1.1e+08,0.991088,0.991088,0,NA,NA,NA,NA,NA,NA
2013-09-06,1.1e+08,1.0477216,1.0477216,0,NA,NA,NA,NA,NA,NA
2013-09-07,1.1e+08,1.0477216,1.0477216,0.006699999961711,NA,NA,NA,NA,NA,NA
2013-09-08,1.1e+08,0.9627712,0.9627712,0,NA,NA,NA,NA,NA,NA
2013-09-09,1.1e+08,0.9344544,0.9344544,0,NA,NA,NA,NA,NA,NA
2013-09-10,1.1e+08,0.9344544,0.9344544,0,12.7,23.77,0.26,3.52,NA,1.8
2013-09-11,1.1e+08,0.8778208,0.8778208,2.55190001334995,NA,NA,NA,NA,NA,NA
2013-09-12,1.1e+08,0.9061376,0.9061376,1.54480000957847,NA,NA,NA,NA,NA,NA
2013-09-13,1.1e+08,0.9344544,0.9344544,0,NA,NA,NA,NA,NA,NA
2013-09-14,1.1e+08,0.991088,0.991088,0,NA,NA,NA,NA,NA,NA
2013-09-15,1.1e+08,0.991088,0.991088,17.9799998882227,NA,NA,NA,NA,NA,NA
2013-09-16,1.1e+08,0.9061376,0.9061376,0,NA,NA,NA,NA,NA,NA
2013-09-17,1.1e+08,0.9061376,0.9061376,0.0100000001111766,NA,NA,NA,NA,NA,NA
2013-09-18,1.1e+08,0.8778208,0.8778208,0.860100017031071,NA,NA,NA,NA,NA,NA
2013-09-19,1.1e+08,1.6423744,1.6423744,33.4105008598417,NA,NA,NA,NA,NA,NA
2013-09-20,1.1e+08,1.132672,1.132672,11.7102000564337,NA,NA,NA,NA,NA,NA
2013-09-21,1.1e+08,1.132672,1.132672,0,NA,NA,NA,NA,NA,NA
2013-09-22,1.1e+08,1.3592064,1.3592064,0,NA,NA,NA,NA,NA,NA
2013-09-23,1.1e+08,1.699008,1.699008,0,NA,NA,NA,NA,NA,NA
2013-09-24,1.1e+08,1.699008,1.699008,0,NA,NA,NA,NA,NA,NA
2013-09-25,1.1e+08,1.699008,1.699008,0,NA,NA,NA,NA,NA,NA
2013-09-26,1.1e+08,1.7556416,1.7556416,0,NA,NA,NA,NA,NA,NA
2013-09-27,1.1e+08,1.8689088,1.8689088,0,NA,NA,NA,NA,NA,NA
2013-09-28,1.1e+08,1.8689088,1.8689088,1.14890001341701,NA,NA,NA,NA,NA,NA
2013-09-29,1.1e+08,1.8972256,1.8972256,4.01860001753084,NA,NA,NA,NA,NA,NA
2013-09-30,1.1e+08,1.8122752,1.8122752,0,NA,NA,NA,NA,4.006,NA
2013-10-01,1.1e+08,2.0954432,2.0954432,0,12.27,18.99,0.2,8.8,NA,2
2013-10-02,1.1e+08,2.1520768,2.1520768,0,NA,NA,NA,NA,NA,NA
2013-10-03,1.1e+08,2.2370272,2.2370272,0.205999997015169,NA,NA,NA,NA,NA,NA
2013-10-04,1.1e+08,2.3219776,2.3219776,8.57479997165501,NA,NA,NA,NA,NA,NA
2013-10-05,1.1e+08,2.4352448,2.4352448,5.82330004125834,NA,NA,NA,NA,NA,NA
2013-10-06,1.1e+08,2.8033632,2.8033632,0.572800017893316,NA,NA,NA,NA,NA,NA
2013-10-07,1.1e+08,3.5679168,3.5679168,1.71810000389814,NA,NA,NA,NA,NA,NA
2013-10-08,1.1e+08,3.4829664,3.4829664,0,NA,NA,NA,NA,NA,NA
2013-10-09,1.1e+08,3.5396,3.5396,0,NA,NA,NA,NA,NA,NA
2013-10-10,1.1e+08,3.5396,3.5396,0,NA,NA,NA,NA,NA,NA
2013-10-11,1.1e+08,3.5962336,3.5962336,0,NA,NA,NA,NA,NA,NA
2013-10-12,1.1e+08,3.6528672,3.6528672,0.654800000884281,NA,NA,NA,NA,NA,NA
2013-10-13,1.1e+08,3.7378176,3.7378176,9.99999974737875e-05,NA,NA,NA,NA,NA,NA
2013-10-14,1.1e+08,3.822768,3.822768,0.08500000089407,NA,NA,NA,NA,NA,NA
2013-10-15,1.1e+08,3.9077184,3.9077184,7.54759993543849,NA,NA,NA,NA,NA,NA
2013-10-16,1.1e+08,3.9926688,3.9926688,0,NA,NA,NA,NA,NA,NA
2013-10-17,1.1e+08,4.0776192,4.0776192,4.24660001369193,NA,NA,NA,NA,NA,NA
2013-10-18,1.1e+08,4.1342528,4.1342528,0,NA,NA,NA,NA,NA,NA
2013-10-19,1.1e+08,4.24752,4.24752,0.582700015977023,NA,NA,NA,NA,NA,NA
2013-10-20,1.1e+08,4.3041536,4.3041536,2.45949999243021,NA,NA,NA,NA,NA,NA
2013-10-21,1.1e+08,4.389104,4.389104,0.0125000001862645,NA,NA,NA,NA,NA,NA
2013-10-22,1.1e+08,4.4740544,4.4740544,0,NA,NA,NA,NA,NA,NA
2013-10-23,1.1e+08,4.5590048,4.5590048,0.109700001776218,NA,NA,NA,NA,NA,NA
2013-10-24,1.1e+08,4.672272,4.672272,0,NA,NA,NA,NA,NA,NA
2013-10-25,1.1e+08,4.8704896,4.8704896,0,NA,NA,NA,NA,NA,NA
2013-10-26,1.1e+08,5.2669248,5.2669248,0,NA,NA,NA,NA,NA,NA
2013-10-27,1.1e+08,5.8615776,5.8615776,0,NA,NA,NA,NA,NA,NA
2013-10-28,1.1e+08,5.4934592,5.4934592,0,NA,NA,NA,NA,NA,NA
2013-10-29,1.1e+08,5.1819744,5.1819744,0,NA,NA,NA,NA,4.248,NA
2013-10-30,1.1e+08,5.1819744,5.1819744,0.439800005871804,11.07,11.29,0.1,8.9,NA,2.2
2013-10-31,1.1e+08,6.5411808,6.5411808,24.3725003972649,NA,NA,NA,NA,NA,NA
2013-11-01,1.1e+08,6.8526656,6.8526656,0.864400001242757,NA,NA,NA,NA,NA,NA
2013-11-02,1.1e+08,6.7393984,6.7393984,0,NA,NA,NA,NA,NA,NA
2013-11-03,1.1e+08,6.5978144,6.5978144,0.116300001740456,NA,NA,NA,NA,NA,NA
2013-11-04,1.1e+08,6.654448,6.654448,0.218999996781349,NA,NA,NA,NA,NA,NA
2013-11-05,1.1e+08,6.796032,6.796032,3.20769993960857,NA,NA,NA,NA,NA,NA
2013-11-06,1.1e+08,6.8809824,6.8809824,11.3369999214628,NA,NA,NA,NA,NA,NA
2013-11-07,1.1e+08,6.654448,6.654448,0,NA,NA,NA,NA,NA,NA
2013-11-08,1.1e+08,6.512864,6.512864,0,NA,NA,NA,NA,NA,NA
2013-11-09,1.1e+08,6.7110816,6.7110816,0,NA,NA,NA,NA,NA,NA
2013-11-10,1.1e+08,6.654448,6.654448,0,NA,NA,NA,NA,NA,NA
2013-11-11,1.1e+08,6.5411808,6.5411808,2.74459999293321,NA,NA,NA,NA,NA,NA
2013-11-12,1.1e+08,6.5411808,6.5411808,0.0335000000195578,NA,NA,NA,NA,NA,NA
2013-11-13,1.1e+08,6.7393984,6.7393984,0,NA,NA,NA,NA,NA,NA
2013-11-14,1.1e+08,7.3340512,7.3340512,0,NA,NA,NA,NA,NA,NA
2013-11-15,1.1e+08,7.8437536,7.8437536,0.0125999997835607,NA,NA,NA,NA,NA,NA
2013-11-16,1.1e+08,7.7021696,7.7021696,3.4155999571085,NA,NA,NA,NA,NA,NA
2013-11-17,1.1e+08,7.9570208,7.9570208,22.4379996969365,NA,NA,NA,NA,NA,NA
2013-11-18,1.1e+08,7.9003872,7.9003872,0,NA,NA,NA,NA,NA,NA
2013-11-19,1.1e+08,7.78712,7.78712,0,NA,NA,NA,NA,NA,NA
2013-11-20,1.1e+08,8.0136544,8.0136544,1.05870001669973,NA,NA,NA,NA,NA,NA
2013-11-21,1.1e+08,7.8720704,7.8720704,0.975600004894657,NA,NA,NA,NA,NA,NA
2013-11-22,1.1e+08,8.0136544,8.0136544,1.68470000452362,NA,NA,NA,NA,NA,NA
2013-11-23,1.1e+08,8.0136544,8.0136544,0,NA,NA,NA,NA,NA,NA
2013-11-24,1.1e+08,7.8720704,7.8720704,0,NA,NA,NA,NA,NA,NA
2013-11-25,1.1e+08,7.8720704,7.8720704,3.37119996547699,NA,NA,NA,NA,NA,NA
2013-11-26,1.1e+08,8.0419712,8.0419712,0,NA,NA,NA,NA,NA,NA
2013-11-27,1.1e+08,7.8720704,7.8720704,0,NA,NA,NA,NA,NA,NA
2013-11-28,1.1e+08,7.8437536,7.8437536,0,NA,NA,NA,NA,NA,NA
2013-11-29,1.1e+08,7.9570208,7.9570208,0,NA,NA,NA,NA,NA,NA
2013-11-30,1.1e+08,7.9003872,7.9003872,0,NA,NA,NA,NA,NA,NA
2013-12-01,1.1e+08,7.928704,7.928704,0,NA,NA,NA,NA,NA,NA
2013-12-02,1.1e+08,7.9853376,7.9853376,0,NA,NA,NA,NA,5.224,NA
2013-12-03,1.1e+08,7.928704,7.928704,4.06269996723131,NA,NA,NA,NA,NA,NA
2013-12-04,1.1e+08,5.7483104,5.7483104,1.45479997014627,NA,NA,NA,NA,NA,NA
2013-12-05,1.1e+08,4.0209856,4.0209856,0.340299993753433,NA,NA,NA,NA,NA,NA
2013-12-06,1.1e+08,3.3130656,3.3130656,0,NA,NA,NA,NA,NA,NA
2013-12-07,1.1e+08,3.5112832,3.5112832,0,NA,NA,NA,NA,NA,NA
2013-12-08,1.1e+08,3.681184,3.681184,3.67050004005432,NA,NA,NA,NA,NA,NA
2013-12-09,1.1e+08,3.7378176,3.7378176,3.913399964571,NA,NA,NA,NA,NA,NA
2013-12-10,1.1e+08,3.6528672,3.6528672,0.798300027847292,NA,NA,NA,NA,NA,NA
2013-12-11,1.1e+08,3.681184,3.681184,0,NA,NA,NA,NA,NA,NA
2013-12-12,1.1e+08,3.5112832,3.5112832,0,NA,NA,NA,NA,NA,NA
2013-12-13,1.1e+08,3.4546496,3.4546496,0,NA,NA,NA,NA,NA,NA
2013-12-14,1.1e+08,3.3413824,3.3413824,0.817399978637696,NA,NA,NA,NA,NA,NA
2013-12-15,1.1e+08,3.4263328,3.4263328,0,NA,NA,NA,NA,NA,NA
2013-12-16,1.1e+08,3.5112832,3.5112832,4.41900002956391,NA,NA,NA,NA,NA,NA
2013-12-17,1.1e+08,3.4263328,3.4263328,0.207200020551682,NA,NA,NA,NA,NA,NA
2013-12-18,1.1e+08,3.3696992,3.3696992,0,NA,NA,NA,NA,NA,NA
2013-12-19,1.1e+08,3.5396,3.5396,0,NA,NA,NA,NA,NA,NA
2013-12-20,1.1e+08,3.4263328,3.4263328,1.99610002338887,NA,NA,NA,NA,NA,NA
2013-12-21,1.1e+08,3.1997984,3.1997984,0,NA,NA,NA,NA,NA,NA
2013-12-22,1.1e+08,3.2847488,3.2847488,14.4749000072479,NA,NA,NA,NA,NA,NA
2013-12-23,1.1e+08,3.2847488,3.2847488,0.0489999987185,NA,NA,NA,NA,NA,NA
2013-12-24,1.1e+08,3.2281152,3.2281152,0,NA,NA,NA,NA,NA,NA
2013-12-25,1.1e+08,3.1431648,3.1431648,2.56140002794564,NA,NA,NA,NA,NA,NA
2013-12-26,1.1e+08,3.0582144,3.0582144,0,NA,NA,NA,NA,NA,NA
2013-12-27,1.1e+08,3.1714816,3.1714816,0,NA,NA,NA,NA,NA,NA
2013-12-28,1.1e+08,3.3413824,3.3413824,0,NA,NA,NA,NA,NA,NA
2013-12-29,1.1e+08,3.3413824,3.3413824,0,NA,NA,NA,NA,NA,NA
2013-12-30,1.1e+08,3.1714816,3.1714816,0,NA,NA,NA,NA,NA,NA
2013-12-31,1.1e+08,2.4918784,2.4918784,2.01369999349117,NA,NA,NA,NA,NA,NA
2014-01-01,1.1e+08,2.9449472,2.9449472,1.80579999648035,NA,NA,NA,NA,NA,NA
2014-01-02,1.1e+08,3.0298976,3.0298976,0,NA,NA,NA,NA,NA,NA
2014-01-03,1.1e+08,3.0582144,3.0582144,0,NA,NA,NA,NA,NA,NA
2014-01-04,1.1e+08,3.1431648,3.1431648,0,NA,NA,NA,NA,NA,NA
2014-01-05,1.1e+08,3.1714816,3.1714816,0,NA,NA,NA,NA,NA,NA
2014-01-06,1.1e+08,3.2281152,3.2281152,0,NA,NA,NA,NA,NA,NA
2014-01-07,1.1e+08,3.2847488,3.2847488,0,NA,NA,NA,NA,NA,NA
2014-01-08,1.1e+08,3.3413824,3.3413824,0,NA,NA,NA,NA,NA,NA
2014-01-09,1.1e+08,3.4263328,3.4263328,0,NA,NA,NA,NA,NA,NA
2014-01-10,1.1e+08,3.4829664,3.4829664,1.50210002064705,NA,NA,NA,NA,NA,NA
2014-01-11,1.1e+08,3.3696992,3.3696992,1.44079999625683,NA,NA,NA,NA,NA,NA
2014-01-12,1.1e+08,2.9449472,2.9449472,0,NA,NA,NA,NA,NA,NA
2014-01-13,1.1e+08,2.9166304,2.9166304,0.177300006151199,NA,NA,NA,NA,NA,NA
2014-01-14,1.1e+08,2.8883136,2.8883136,3.63959991931916,NA,NA,NA,NA,NA,NA
2014-01-15,1.1e+08,2.7184128,2.7184128,0.380400002002716,NA,NA,NA,NA,NA,NA
2014-01-16,1.1e+08,2.7184128,2.7184128,0.631100014783442,NA,NA,NA,NA,NA,NA
2014-01-17,1.1e+08,2.6051456,2.6051456,0.0377000011503696,NA,NA,NA,NA,NA,NA
2014-01-18,1.1e+08,2.83168,2.83168,2.27620002457843,NA,NA,NA,NA,NA,NA
2014-01-19,1.1e+08,2.6334624,2.6334624,0,NA,NA,NA,NA,NA,NA
2014-01-20,1.1e+08,2.8883136,2.8883136,0,NA,NA,NA,NA,NA,NA
2014-01-21,1.1e+08,2.8599968,2.8599968,0.524800002574921,NA,NA,NA,NA,NA,NA
2014-01-22,1.1e+08,2.9449472,2.9449472,0.569199979305267,NA,NA,NA,NA,NA,NA
2014-01-23,1.1e+08,3.0298976,3.0298976,0,NA,NA,NA,NA,NA,NA
2014-01-24,1.1e+08,3.1431648,3.1431648,0.0685999989509583,NA,NA,NA,NA,NA,NA
2014-01-25,1.1e+08,3.3413824,3.3413824,0.527300003916025,NA,NA,NA,NA,NA,NA
2014-01-26,1.1e+08,3.256432,3.256432,3.79280002804444,NA,NA,NA,NA,NA,NA
2014-01-27,1.1e+08,2.9166304,2.9166304,0,NA,NA,NA,NA,NA,NA
2014-01-28,1.1e+08,2.9166304,2.9166304,0,NA,NA,NA,NA,NA,NA
2014-01-29,1.1e+08,2.8599968,2.8599968,0,NA,NA,NA,NA,NA,NA
2014-01-30,1.1e+08,2.9166304,2.9166304,1.86880002915859,NA,NA,NA,NA,NA,NA
2014-01-31,1.1e+08,2.83168,2.83168,0,NA,NA,NA,NA,NA,NA
2014-02-01,1.1e+08,2.8883136,2.8883136,3.87780001014471,NA,NA,NA,NA,NA,NA
2014-02-02,1.1e+08,2.690096,2.690096,0,NA,NA,NA,NA,NA,NA
2014-02-03,1.1e+08,2.6617792,2.6617792,0,NA,NA,NA,NA,4.966,NA
2014-02-04,1.1e+08,2.6334624,2.6334624,0,NA,NA,NA,NA,NA,NA
2014-02-05,1.1e+08,2.7750464,2.7750464,1.5838999778498,NA,NA,NA,NA,NA,NA
2014-02-06,1.1e+08,2.6617792,2.6617792,0,NA,NA,NA,NA,NA,NA
2014-02-07,1.1e+08,2.6617792,2.6617792,0,NA,NA,NA,NA,NA,NA
2014-02-08,1.1e+08,2.7467296,2.7467296,1.57310000061989,NA,NA,NA,NA,NA,NA
2014-02-09,1.1e+08,2.7467296,2.7467296,0.0007999999797903,NA,NA,NA,NA,NA,NA
2014-02-10,1.1e+08,2.7467296,2.7467296,0,NA,NA,NA,NA,NA,NA
2014-02-11,1.1e+08,2.7750464,2.7750464,0,NA,NA,NA,NA,NA,NA
2014-02-12,1.1e+08,2.8599968,2.8599968,1.39290001988411,NA,NA,NA,NA,NA,NA
2014-02-13,1.1e+08,2.8033632,2.8033632,1.32490000128746,NA,NA,NA,NA,NA,NA
2014-02-14,1.1e+08,2.7750464,2.7750464,0,NA,NA,NA,NA,NA,NA
2014-02-15,1.1e+08,2.7467296,2.7467296,0,NA,NA,NA,NA,NA,NA
2014-02-16,1.1e+08,2.973264,2.973264,0.630300004035235,NA,NA,NA,NA,NA,NA
2014-02-17,1.1e+08,3.681184,3.681184,7.20270012285619,NA,NA,NA,NA,NA,NA
2014-02-18,1.1e+08,3.3696992,3.3696992,0,NA,NA,NA,NA,NA,NA
2014-02-19,1.1e+08,3.5679168,3.5679168,0,NA,NA,NA,NA,NA,NA
2014-02-20,1.1e+08,3.5679168,3.5679168,10.6386998929083,NA,NA,NA,NA,NA,NA
2014-02-21,1.1e+08,4.389104,4.389104,1.43709994852542,NA,NA,NA,NA,NA,NA
2014-02-22,1.1e+08,4.1908864,4.1908864,0,NA,NA,NA,NA,NA,NA
2014-02-23,1.1e+08,4.24752,4.24752,0,NA,NA,NA,NA,NA,NA
2014-02-24,1.1e+08,4.0493024,4.0493024,0,NA,NA,NA,NA,NA,NA
2014-02-25,1.1e+08,4.0209856,4.0209856,0,NA,NA,NA,NA,NA,NA
2014-02-26,1.1e+08,3.9360352,3.9360352,0,NA,NA,NA,NA,NA,NA
2014-02-27,1.1e+08,3.5962336,3.5962336,0.00150000001303852,NA,NA,NA,NA,NA,NA
2014-02-28,1.1e+08,3.6528672,3.6528672,0.0500999987125396,NA,NA,NA,NA,NA,NA
2014-03-01,1.1e+08,3.7661344,3.7661344,4.62820003088563,NA,NA,NA,NA,NA,NA
2014-03-02,1.1e+08,3.4829664,3.4829664,0,NA,NA,NA,NA,NA,NA
2014-03-03,1.1e+08,3.4546496,3.4546496,0,NA,NA,NA,NA,NA,NA
2014-03-04,1.1e+08,3.5396,3.5396,3.20779995314661,NA,NA,NA,NA,NA,NA
2014-03-05,1.1e+08,3.681184,3.681184,8.61680002510547,NA,NA,NA,NA,NA,NA
2014-03-06,1.1e+08,3.681184,3.681184,0,NA,NA,NA,NA,NA,NA
2014-03-07,1.1e+08,3.681184,3.681184,0,NA,NA,NA,NA,NA,NA
2014-03-08,1.1e+08,3.5962336,3.5962336,0,NA,NA,NA,NA,NA,NA
2014-03-09,1.1e+08,3.5679168,3.5679168,0,NA,NA,NA,NA,NA,NA
2014-03-10,1.1e+08,3.681184,3.681184,0,NA,NA,NA,NA,NA,NA
2014-03-11,1.1e+08,3.5962336,3.5962336,0.568600002909079,NA,NA,NA,NA,NA,NA
2014-03-12,1.1e+08,3.5962336,3.5962336,0.547700011171399,NA,NA,NA,NA,NA,NA
2014-03-13,1.1e+08,3.6528672,3.6528672,0,3.12,1.52,0.13,1.6,NA,10
2014-03-14,1.1e+08,3.7944512,3.7944512,0,NA,NA,NA,NA,NA,NA
2014-03-15,1.1e+08,3.681184,3.681184,0,NA,NA,NA,NA,NA,NA
2014-03-16,1.1e+08,3.7095008,3.7095008,0,NA,NA,NA,NA,NA,NA
2014-03-17,1.1e+08,3.7378176,3.7378176,0,NA,NA,NA,NA,NA,NA
2014-03-18,1.1e+08,3.7944512,3.7944512,0,NA,NA,NA,NA,NA,NA
2014-03-19,1.1e+08,4.0493024,4.0493024,4.71999995107763,NA,NA,NA,NA,NA,NA
2014-03-20,1.1e+08,3.9360352,3.9360352,0,NA,NA,NA,NA,NA,NA
2014-03-21,1.1e+08,3.9926688,3.9926688,0,NA,NA,NA,NA,NA,NA
2014-03-22,1.1e+08,3.964352,3.964352,0,NA,NA,NA,NA,NA,NA
2014-03-23,1.1e+08,3.9077184,3.9077184,0,NA,NA,NA,NA,NA,NA
2014-03-24,1.1e+08,3.9360352,3.9360352,0,NA,NA,NA,NA,NA,NA
2014-03-25,1.1e+08,3.964352,3.964352,0.387700008228421,NA,NA,NA,NA,NA,NA
2014-03-26,1.1e+08,3.5679168,3.5679168,0,NA,NA,NA,NA,NA,NA
2014-03-27,1.1e+08,3.4546496,3.4546496,2.93050005997065,NA,NA,NA,NA,NA,NA
2014-03-28,1.1e+08,3.4546496,3.4546496,8.29289990477264,NA,NA,NA,NA,NA,NA
2014-03-29,1.1e+08,3.3696992,3.3696992,0,NA,NA,NA,NA,NA,NA
2014-03-30,1.1e+08,3.398016,3.398016,0,NA,NA,NA,NA,NA,NA
2014-03-31,1.1e+08,3.4263328,3.4263328,0,NA,NA,NA,NA,NA,NA
2014-04-01,1.1e+08,3.4263328,3.4263328,0,NA,NA,NA,NA,NA,NA
2014-04-02,1.1e+08,3.3130656,3.3130656,0,NA,NA,NA,NA,NA,NA
2014-04-03,1.1e+08,2.3502944,2.3502944,0.00270000007003546,NA,NA,NA,NA,NA,NA
2014-04-04,1.1e+08,1.5857408,1.5857408,2.34869997948408,NA,NA,NA,NA,NA,NA
2014-04-05,1.1e+08,1.274256,1.274256,0,NA,NA,NA,NA,NA,NA
2014-04-06,1.1e+08,1.1893056,1.1893056,0,NA,NA,NA,NA,NA,NA
2014-04-07,1.1e+08,1.41584,1.41584,0.271000001746869,NA,NA,NA,NA,NA,NA
2014-04-08,1.1e+08,1.8122752,1.8122752,0.6131000071764,NA,NA,NA,NA,NA,NA
2014-04-09,1.1e+08,1.699008,1.699008,0,NA,NA,NA,NA,NA,NA
2014-04-10,1.1e+08,1.6423744,1.6423744,0,NA,NA,NA,NA,NA,NA
2014-04-11,1.1e+08,1.699008,1.699008,0,NA,NA,NA,NA,NA,NA
2014-04-12,1.1e+08,1.6706912,1.6706912,0.234099995344878,NA,NA,NA,NA,NA,NA
2014-04-13,1.1e+08,2.4635616,2.4635616,33.7093006521464,NA,NA,NA,NA,NA,NA
2014-04-14,1.1e+08,4.2192032,4.2192032,39.203400378814,NA,NA,NA,NA,NA,NA
2014-04-15,1.1e+08,6.2863296,6.2863296,0.276799990031577,NA,NA,NA,NA,NA,NA
2014-04-16,1.1e+08,7.3057344,7.3057344,0,NA,NA,NA,NA,NA,NA
2014-04-17,1.1e+08,7.2491008,7.2491008,0,NA,NA,NA,NA,NA,NA
2014-04-18,1.1e+08,7.220784,7.220784,0,NA,NA,NA,NA,NA,NA
2014-04-19,1.1e+08,7.220784,7.220784,0,NA,NA,NA,NA,NA,NA
2014-04-20,1.1e+08,7.1924672,7.1924672,1.83370001381263,NA,NA,NA,NA,NA,NA
2014-04-21,1.1e+08,7.220784,7.220784,2.52469999636377,NA,NA,NA,NA,NA,NA
2014-04-22,1.1e+08,7.1641504,7.1641504,0.00980000011622904,NA,NA,NA,NA,NA,NA
2014-04-23,1.1e+08,7.0792,7.0792,0.334100006148219,NA,NA,NA,NA,NA,NA
2014-04-24,1.1e+08,7.220784,7.220784,10.5780999746639,NA,NA,NA,NA,NA,NA
2014-04-25,1.1e+08,7.0792,7.0792,6.47249995172023,NA,NA,NA,NA,NA,NA
2014-04-26,1.1e+08,7.0792,7.0792,0,NA,NA,NA,NA,NA,NA
2014-04-27,1.1e+08,7.1358336,7.1358336,5.4837999381125,NA,NA,NA,NA,NA,NA
2014-04-28,1.1e+08,7.5322688,7.5322688,12.7612999361008,NA,NA,NA,NA,NA,NA
2014-04-29,1.1e+08,7.4473184,7.4473184,19.990200065542,NA,NA,NA,NA,4.683,NA
2014-04-30,1.1e+08,7.1924672,7.1924672,1.25029999017715,7.75,7.81,0.06,12.2333333333333,NA,2.6
2014-05-01,1.1e+08,6.9942496,6.9942496,0.760099992156028,NA,NA,NA,NA,NA,NA
2014-05-02,1.1e+08,7.1075168,7.1075168,0.246899999678135,NA,NA,NA,NA,NA,NA
2014-05-03,1.1e+08,7.1641504,7.1641504,0.556799992686136,NA,NA,NA,NA,NA,NA
2014-05-04,1.1e+08,7.1641504,7.1641504,0,NA,NA,NA,NA,NA,NA
2014-05-05,1.1e+08,7.1358336,7.1358336,0,NA,NA,NA,NA,NA,NA
2014-05-06,1.1e+08,7.1924672,7.1924672,0,NA,NA,NA,NA,NA,NA
2014-05-07,1.1e+08,7.220784,7.220784,0.00119999999878928,NA,NA,NA,NA,NA,NA
2014-05-08,1.1e+08,7.1924672,7.1924672,0.102299999445677,NA,NA,NA,NA,NA,NA
2014-05-09,1.1e+08,7.1924672,7.1924672,0.19180000241613,NA,NA,NA,NA,NA,NA
2014-05-10,1.1e+08,7.1924672,7.1924672,0,NA,NA,NA,NA,NA,NA
2014-05-11,1.1e+08,7.0508832,7.0508832,2.79879999160766,NA,NA,NA,NA,NA,NA
2014-05-12,1.1e+08,7.4190016,7.4190016,19.3556996341795,NA,NA,NA,NA,NA,NA
2014-05-13,1.1e+08,7.1075168,7.1075168,13.100399941206,NA,NA,NA,NA,NA,NA
2014-05-14,1.1e+08,7.0508832,7.0508832,0,NA,NA,NA,NA,4.649,NA
2014-05-15,1.1e+08,7.0792,7.0792,1.83530004322529,9.85,11.92,0.07,3.6,NA,4.5
2014-05-16,1.1e+08,6.9659328,6.9659328,0,NA,NA,NA,NA,NA,NA
2014-05-17,1.1e+08,6.6261312,6.6261312,0,NA,NA,NA,NA,NA,NA
2014-05-18,1.1e+08,6.3429632,6.3429632,0,NA,NA,NA,NA,NA,NA
2014-05-19,1.1e+08,5.7483104,5.7483104,1.86439997516572,NA,NA,NA,NA,NA,NA
2014-05-20,1.1e+08,5.4085088,5.4085088,1.50869998335838,NA,NA,NA,NA,NA,NA
2014-05-21,1.1e+08,5.1253408,5.1253408,0.795400003902615,NA,NA,NA,NA,NA,NA
2014-05-22,1.1e+08,5.097024,5.097024,0,NA,NA,NA,NA,NA,NA
2014-05-23,1.1e+08,5.0403904,5.0403904,0,NA,NA,NA,NA,NA,NA
2014-05-24,1.1e+08,5.1536576,5.1536576,0,NA,NA,NA,NA,NA,NA
2014-05-25,1.1e+08,5.4368256,5.4368256,0,NA,NA,NA,NA,NA,NA
2014-05-26,1.1e+08,5.380192,5.380192,5.2737999973251,NA,NA,NA,NA,NA,NA
2014-05-27,1.1e+08,6.0597952,6.0597952,8.15229997572896,NA,NA,NA,NA,NA,NA
2014-05-28,1.1e+08,5.4368256,5.4368256,10.0182999074459,10.56,16.93,0.03,4.56666666666667,NA,4
2014-05-29,1.1e+08,5.2952416,5.2952416,0,NA,NA,NA,NA,NA,NA
2014-05-30,1.1e+08,5.2102912,5.2102912,0,NA,NA,NA,NA,NA,NA
2014-05-31,1.1e+08,5.097024,5.097024,0,NA,NA,NA,NA,NA,NA
2014-06-01,1.1e+08,5.0403904,5.0403904,1.27810001187027,NA,NA,NA,NA,NA,NA
2014-06-02,1.1e+08,5.7483104,5.7483104,59.7814999558031,NA,NA,NA,NA,NA,NA
2014-06-03,1.1e+08,5.4368256,5.4368256,0.088699996471405,NA,NA,NA,NA,NA,NA
2014-06-04,1.1e+08,5.0403904,5.0403904,2.41659999638796,NA,NA,NA,NA,NA,NA
2014-06-05,1.1e+08,4.9837568,4.9837568,0,NA,NA,NA,NA,NA,NA
2014-06-06,1.1e+08,4.8988064,4.8988064,0,NA,NA,NA,NA,NA,NA
2014-06-07,1.1e+08,4.8421728,4.8421728,0.499299988150597,NA,NA,NA,NA,NA,NA
2014-06-08,1.1e+08,4.7572224,4.7572224,2.12399996647582,NA,NA,NA,NA,NA,NA
2014-06-09,1.1e+08,4.672272,4.672272,0.0381999984383583,NA,NA,NA,NA,4.585,NA
2014-06-10,1.1e+08,4.5590048,4.5590048,0.318500004010275,11.66,21.68,0.12,10.51,NA,1.4
2014-06-11,1.1e+08,4.4740544,4.4740544,1.24659997165145,NA,NA,NA,NA,NA,NA
2014-06-12,1.1e+08,4.4174208,4.4174208,0,NA,NA,NA,NA,NA,NA
2014-06-13,1.1e+08,4.4457376,4.4457376,0,NA,NA,NA,NA,NA,NA
2014-06-14,1.1e+08,4.4457376,4.4457376,0,NA,NA,NA,NA,NA,NA
2014-06-15,1.1e+08,4.24752,4.24752,0,NA,NA,NA,NA,NA,NA
2014-06-16,1.1e+08,4.1625696,4.1625696,0,NA,NA,NA,NA,NA,NA
2014-06-17,1.1e+08,4.4740544,4.4740544,36.4067005105316,NA,NA,NA,NA,NA,NA
2014-06-18,1.1e+08,4.2758368,4.2758368,10.5806000940211,NA,NA,NA,NA,NA,NA
2014-06-19,1.1e+08,4.7289056,4.7289056,21.0219001073856,NA,NA,NA,NA,NA,NA
2014-06-20,1.1e+08,4.7855392,4.7855392,44.0936993956566,NA,NA,NA,NA,NA,NA
2014-06-21,1.1e+08,4.2192032,4.2192032,0.634499988984316,NA,NA,NA,NA,NA,NA
2014-06-22,1.1e+08,4.105936,4.105936,0.0769000003201653,NA,NA,NA,NA,NA,NA
2014-06-23,1.1e+08,3.9926688,3.9926688,0.433900001458824,11.14,21.78,0.04,11.5666666666667,NA,1.5
2014-06-24,1.1e+08,3.7378176,3.7378176,0.40610000025481,NA,NA,NA,NA,NA,NA
2014-06-25,1.1e+08,3.7095008,3.7095008,0.805200009242982,NA,NA,NA,NA,NA,NA
2014-06-26,1.1e+08,3.681184,3.681184,0,NA,NA,NA,NA,NA,NA
2014-06-27,1.1e+08,3.6528672,3.6528672,0,NA,NA,NA,NA,NA,NA
2014-06-28,1.1e+08,2.8599968,2.8599968,0.00120000005699694,NA,NA,NA,NA,NA,NA
2014-06-29,1.1e+08,2.2087104,2.2087104,11.0496997609734,NA,NA,NA,NA,NA,NA
2014-06-30,1.1e+08,5.0120736,5.0120736,49.6791000608355,NA,NA,NA,NA,NA,NA
2014-07-01,1.1e+08,5.7483104,5.7483104,14.4405999984592,NA,NA,NA,NA,NA,NA
2014-07-02,1.1e+08,5.66336,5.66336,2.50109994411468,NA,NA,NA,NA,NA,NA
2014-07-03,1.1e+08,5.6067264,5.6067264,0.598399996757508,NA,NA,NA,NA,NA,NA
2014-07-04,1.1e+08,5.521776,5.521776,0,NA,NA,NA,NA,NA,NA
2014-07-05,1.1e+08,5.4651424,5.4651424,0,NA,NA,NA,NA,NA,NA
2014-07-06,1.1e+08,5.380192,5.380192,0,NA,NA,NA,NA,NA,NA
2014-07-07,1.1e+08,5.2669248,5.2669248,0.227399997413159,NA,NA,NA,NA,4.477,NA
2014-07-08,1.1e+08,5.2952416,5.2952416,13.8824000896421,NA,NA,NA,NA,NA,NA
2014-07-09,1.1e+08,5.1536576,5.1536576,0,12.05,22.57,0.19,9.26,NA,1.4
2014-07-10,1.1e+08,5.1253408,5.1253408,0,NA,NA,NA,NA,NA,NA
2014-07-11,1.1e+08,5.097024,5.097024,0.140599997714162,NA,NA,NA,NA,NA,NA
2014-07-12,1.1e+08,5.0403904,5.0403904,1.62899996170745,NA,NA,NA,NA,NA,NA
2014-07-13,1.1e+08,4.9837568,4.9837568,3.4369999691844,NA,NA,NA,NA,NA,NA
2014-07-14,1.1e+08,4.8421728,4.8421728,1.09790003299713,NA,NA,NA,NA,NA,NA
2014-07-15,1.1e+08,4.813856,4.813856,2.26149996276945,NA,NA,NA,NA,NA,NA
2014-07-16,1.1e+08,4.7572224,4.7572224,0.0100999999413034,NA,NA,NA,NA,NA,NA
2014-07-17,1.1e+08,5.1819744,5.1819744,0,NA,NA,NA,NA,NA,NA
2014-07-18,1.1e+08,6.1447456,6.1447456,0,NA,NA,NA,NA,NA,NA
2014-07-19,1.1e+08,6.7110816,6.7110816,0,NA,NA,NA,NA,NA,NA
2014-07-20,1.1e+08,5.804944,5.804944,0,NA,NA,NA,NA,NA,NA
2014-07-21,1.1e+08,3.0015808,3.0015808,0,11.27,21.71,0.03,6.46666666666667,NA,1.1
2014-07-22,1.1e+08,3.0582144,3.0582144,0,NA,NA,NA,NA,NA,NA
2014-07-23,1.1e+08,2.9449472,2.9449472,0,NA,NA,NA,NA,NA,NA
2014-07-24,1.1e+08,2.9449472,2.9449472,0.0077999997884035,NA,NA,NA,NA,NA,NA
2014-07-25,1.1e+08,3.0015808,3.0015808,0.122600000351668,NA,NA,NA,NA,NA,NA
2014-07-26,1.1e+08,3.0865312,3.0865312,0,NA,NA,NA,NA,NA,NA
2014-07-27,1.1e+08,3.0865312,3.0865312,2.70000004768371,NA,NA,NA,NA,NA,NA
2014-07-28,1.1e+08,3.0015808,3.0015808,2.0388999581337,NA,NA,NA,NA,NA,NA
2014-07-29,1.1e+08,3.0015808,3.0015808,0,NA,NA,NA,NA,NA,NA
2014-07-30,1.1e+08,2.9449472,2.9449472,1.70380002260209,NA,NA,NA,NA,NA,NA
2014-07-31,1.1e+08,2.973264,2.973264,0.097699999809265,NA,NA,NA,NA,NA,NA
2014-08-01,1.1e+08,2.9449472,2.9449472,0.681999979889953,NA,NA,NA,NA,NA,NA
2014-08-02,1.1e+08,2.973264,2.973264,0.522799999802372,NA,NA,NA,NA,NA,NA
2014-08-03,1.1e+08,2.8883136,2.8883136,0.0742999981157482,NA,NA,NA,NA,NA,NA
2014-08-04,1.1e+08,2.9449472,2.9449472,13.6481999848038,NA,NA,NA,NA,4.603,NA
2014-08-05,1.1e+08,2.2087104,2.2087104,2.70830000936985,11.46,22.5,0.22,6.6625,NA,1.1
2014-08-06,1.1e+08,1.8122752,1.8122752,0.322700001299381,NA,NA,NA,NA,NA,NA
2014-08-07,1.1e+08,1.9255424,1.9255424,0.021200000308454,NA,NA,NA,NA,NA,NA
2014-08-08,1.1e+08,1.8689088,1.8689088,0,NA,NA,NA,NA,NA,NA
2014-08-09,1.1e+08,2.0388096,2.0388096,0,NA,NA,NA,NA,NA,NA
2014-08-10,1.1e+08,2.0954432,2.0954432,0,NA,NA,NA,NA,NA,NA
2014-08-11,1.1e+08,2.1520768,2.1520768,1.37089998973534,NA,NA,NA,NA,NA,NA
2014-08-12,1.1e+08,2.3219776,2.3219776,0,NA,NA,NA,NA,NA,NA
2014-08-13,1.1e+08,2.2087104,2.2087104,0,NA,NA,NA,NA,NA,NA
2014-08-14,1.1e+08,2.0388096,2.0388096,0,NA,NA,NA,NA,NA,NA
2014-08-15,1.1e+08,1.9538592,1.9538592,0,NA,NA,NA,NA,NA,NA
2014-08-16,1.1e+08,1.6706912,1.6706912,0,NA,NA,NA,NA,NA,NA
2014-08-17,1.1e+08,1.6706912,1.6706912,0,NA,NA,NA,NA,NA,NA
2014-08-18,1.1e+08,1.41584,1.41584,0.224900006549433,NA,NA,NA,NA,NA,NA
2014-08-19,1.1e+08,1.4724736,1.4724736,12.7380995564163,NA,NA,NA,NA,NA,NA
2014-08-20,1.1e+08,1.0194048,1.0194048,0,11.33,23.44,0.02,5.43333333333333,NA,1.7
2014-08-21,1.1e+08,1.3308896,1.3308896,21.5585995287984,NA,NA,NA,NA,NA,NA
2014-08-22,1.1e+08,1.274256,1.274256,0,NA,NA,NA,NA,NA,NA
2014-08-23,1.1e+08,1.3875232,1.3875232,4.26760004088282,NA,NA,NA,NA,NA,NA
2014-08-24,1.1e+08,1.6140576,1.6140576,0.000600000028498471,NA,NA,NA,NA,NA,NA
2014-08-25,1.1e+08,1.8689088,1.8689088,38.4974001703595,NA,NA,NA,NA,NA,NA
2014-08-26,1.1e+08,1.3875232,1.3875232,0.947499973699451,NA,NA,NA,NA,NA,NA
2014-08-27,1.1e+08,1.41584,1.41584,0.466099996119738,NA,NA,NA,NA,NA,NA
2014-08-28,1.1e+08,1.557424,1.557424,0.161100000143051,NA,NA,NA,NA,NA,NA
2014-08-29,1.1e+08,1.557424,1.557424,0.532599991187454,NA,NA,NA,NA,NA,NA
2014-08-30,1.1e+08,1.41584,1.41584,4.23729999456555,NA,NA,NA,NA,NA,NA
2014-08-31,1.1e+08,1.3875232,1.3875232,0.0187999998961459,NA,NA,NA,NA,NA,NA
2014-09-01,1.1e+08,1.274256,1.274256,3.90899994829669,NA,NA,NA,NA,NA,NA
2014-09-02,1.1e+08,1.2176224,1.2176224,0.114300003275275,NA,NA,NA,NA,4.715,NA
2014-09-03,1.1e+08,1.2176224,1.2176224,0.00769999995827675,NA,NA,NA,NA,NA,NA
2014-09-04,1.1e+08,1.7273248,1.7273248,39.0121996924281,NA,NA,NA,NA,NA,NA
2014-09-05,1.1e+08,1.4441568,1.4441568,0.0382000000681728,NA,NA,NA,NA,NA,NA
2014-09-06,1.1e+08,1.41584,1.41584,0.226599998772144,NA,NA,NA,NA,NA,NA
2014-09-07,1.1e+08,1.5007904,1.5007904,0,NA,NA,NA,NA,NA,NA
2014-09-08,1.1e+08,1.3308896,1.3308896,0,12.02,22.68,0.26,5.6125,NA,1.7
2014-09-09,1.1e+08,1.3592064,1.3592064,0,NA,NA,NA,NA,NA,NA
2014-09-10,1.1e+08,1.6140576,1.6140576,13.4333005547524,NA,NA,NA,NA,NA,NA
2014-09-11,1.1e+08,1.41584,1.41584,0,NA,NA,NA,NA,NA,NA
2014-09-12,1.1e+08,1.3025728,1.3025728,4.56149998307228,NA,NA,NA,NA,NA,NA
2014-09-13,1.1e+08,1.41584,1.41584,0.00439999997615813,NA,NA,NA,NA,NA,NA
2014-09-14,1.1e+08,1.3875232,1.3875232,0,NA,NA,NA,NA,NA,NA
2014-09-15,1.1e+08,1.41584,1.41584,3.87909999053227,NA,NA,NA,NA,NA,NA
2014-09-16,1.1e+08,1.3592064,1.3592064,0,NA,NA,NA,NA,NA,NA
2014-09-17,1.1e+08,1.5291072,1.5291072,0,NA,NA,NA,NA,NA,NA
2014-09-18,1.1e+08,1.699008,1.699008,0,NA,NA,NA,NA,NA,NA
2014-09-19,1.1e+08,1.6706912,1.6706912,0,NA,NA,NA,NA,NA,NA
2014-09-20,1.1e+08,1.8122752,1.8122752,1.3231999874115,NA,NA,NA,NA,NA,NA
2014-09-21,1.1e+08,1.9255424,1.9255424,3.46119986474514,NA,NA,NA,NA,NA,NA
2014-09-22,1.1e+08,1.8689088,1.8689088,0.0971999987959862,NA,NA,NA,NA,NA,NA
2014-09-23,1.1e+08,1.982176,1.982176,0,NA,NA,NA,NA,NA,NA
2014-09-24,1.1e+08,2.0104928,2.0104928,0,NA,NA,NA,NA,NA,NA
2014-09-25,1.1e+08,2.3219776,2.3219776,0,NA,NA,NA,NA,NA,NA
2014-09-26,1.1e+08,2.3502944,2.3502944,0,NA,NA,NA,NA,NA,NA
2014-09-27,1.1e+08,2.548512,2.548512,0,NA,NA,NA,NA,NA,NA
2014-09-28,1.1e+08,2.4918784,2.4918784,0,NA,NA,NA,NA,4.402,NA
2014-09-29,1.1e+08,2.406928,2.406928,0.0160000007599592,NA,NA,NA,NA,NA,NA
2014-09-30,1.1e+08,2.6617792,2.6617792,0.64200001163408,NA,NA,NA,NA,NA,NA
2014-10-01,1.1e+08,2.6334624,2.6334624,0,11.3,17.71,0.22,6.33333333333333,NA,2.2
2014-10-02,1.1e+08,2.690096,2.690096,2.01400002092123,NA,NA,NA,NA,NA,NA
2014-10-03,1.1e+08,2.7184128,2.7184128,19.4435999840498,NA,NA,NA,NA,NA,NA
2014-10-04,1.1e+08,2.7750464,2.7750464,0.873800009489058,NA,NA,NA,NA,NA,NA
2014-10-05,1.1e+08,2.8033632,2.8033632,0,NA,NA,NA,NA,NA,NA
2014-10-06,1.1e+08,2.83168,2.83168,0,NA,NA,NA,NA,NA,NA
2014-10-07,1.1e+08,2.8883136,2.8883136,0.015599999576807,NA,NA,NA,NA,NA,NA
2014-10-08,1.1e+08,2.9449472,2.9449472,0.0776000022888183,NA,NA,NA,NA,NA,NA
2014-10-09,1.1e+08,2.7467296,2.7467296,0,NA,NA,NA,NA,NA,NA
2014-10-10,1.1e+08,2.8033632,2.8033632,0,NA,NA,NA,NA,NA,NA
2014-10-11,1.1e+08,2.8033632,2.8033632,0,NA,NA,NA,NA,NA,NA
2014-10-12,1.1e+08,2.9166304,2.9166304,0.408399999141693,NA,NA,NA,NA,NA,NA
2014-10-13,1.1e+08,3.2847488,3.2847488,23.4687998592854,NA,NA,NA,NA,NA,NA
2014-10-14,1.1e+08,3.0865312,3.0865312,20.7043998634035,NA,NA,NA,NA,NA,NA
2014-10-15,1.1e+08,2.83168,2.83168,1.00840002298355,NA,NA,NA,NA,NA,NA
2014-10-16,1.1e+08,2.83168,2.83168,0,NA,NA,NA,NA,NA,NA
2014-10-17,1.1e+08,3.0865312,3.0865312,0,NA,NA,NA,NA,NA,NA
2014-10-18,1.1e+08,3.0298976,3.0298976,0.0288999993354082,NA,NA,NA,NA,NA,NA
2014-10-19,1.1e+08,2.9449472,2.9449472,0,NA,NA,NA,NA,NA,NA
2014-10-20,1.1e+08,3.0298976,3.0298976,0,NA,NA,NA,NA,NA,NA
2014-10-21,1.1e+08,3.0015808,3.0015808,0,NA,NA,NA,NA,NA,NA
2014-10-22,1.1e+08,3.114848,3.114848,0,NA,NA,NA,NA,NA,NA
2014-10-23,1.1e+08,3.0582144,3.0582144,3.84360000863671,NA,NA,NA,NA,NA,NA
2014-10-24,1.1e+08,2.9449472,2.9449472,0,NA,NA,NA,NA,NA,NA
2014-10-25,1.1e+08,4.3324704,4.3324704,0,NA,NA,NA,NA,NA,NA
2014-10-26,1.1e+08,5.8898944,5.8898944,0.0700000002980233,NA,NA,NA,NA,NA,NA
2014-10-27,1.1e+08,5.8332608,5.8332608,0.247499998658896,NA,NA,NA,NA,NA,NA
2014-10-28,1.1e+08,5.7199936,5.7199936,0,NA,NA,NA,NA,NA,NA
2014-10-29,1.1e+08,6.229696,6.229696,0,NA,NA,NA,NA,NA,NA
2014-10-30,1.1e+08,6.4279136,6.4279136,0,NA,NA,NA,NA,4.298,NA
2014-10-31,1.1e+08,6.3146464,6.3146464,0.197200000286102,NA,NA,NA,NA,NA,NA
2014-11-01,1.1e+08,6.229696,6.229696,0,NA,NA,NA,NA,NA,NA
2014-11-02,1.1e+08,6.1730624,6.1730624,0,NA,NA,NA,NA,NA,NA
2014-11-03,1.1e+08,6.1730624,6.1730624,0,NA,NA,NA,NA,NA,NA
2014-11-04,1.1e+08,6.1447456,6.1447456,3.55960001051426,NA,NA,NA,NA,NA,NA
2014-11-05,1.1e+08,6.2013792,6.2013792,0.00400000018998981,10.3,10.31,0.07,20,NA,1.8
2014-11-06,1.1e+08,6.229696,6.229696,1.69859999971231,NA,NA,NA,NA,NA,NA
2014-11-07,1.1e+08,7.3057344,7.3057344,0.0029999998951098,NA,NA,NA,NA,NA,NA
2014-11-08,1.1e+08,8.0136544,8.0136544,0.0772999981418253,NA,NA,NA,NA,NA,NA
2014-11-09,1.1e+08,7.9003872,7.9003872,0,NA,NA,NA,NA,NA,NA
2014-11-10,1.1e+08,7.8720704,7.8720704,0.391199998557567,NA,NA,NA,NA,NA,NA
2014-11-11,1.1e+08,7.8720704,7.8720704,1.1288999915123,NA,NA,NA,NA,NA,NA
2014-11-12,1.1e+08,7.78712,7.78712,0,NA,NA,NA,NA,NA,NA
2014-11-13,1.1e+08,7.8154368,7.8154368,0.150200001895428,NA,NA,NA,NA,NA,NA
2014-11-14,1.1e+08,7.7588032,7.7588032,0,NA,NA,NA,NA,NA,NA
2014-11-15,1.1e+08,7.7021696,7.7021696,0.00270000007003546,NA,NA,NA,NA,NA,NA
2014-11-16,1.1e+08,7.78712,7.78712,2.94879999756813,NA,NA,NA,NA,NA,NA
2014-11-17,1.1e+08,7.7588032,7.7588032,0,NA,NA,NA,NA,NA,NA
2014-11-18,1.1e+08,7.645536,7.645536,0,NA,NA,NA,NA,NA,NA
2014-11-19,1.1e+08,7.6172192,7.6172192,0.0375000007916241,NA,NA,NA,NA,NA,NA
2014-11-20,1.1e+08,7.5322688,7.5322688,0,NA,NA,NA,NA,NA,NA
2014-11-21,1.1e+08,7.5322688,7.5322688,0,NA,NA,NA,NA,NA,NA
2014-11-22,1.1e+08,7.5605856,7.5605856,0.764399999286979,NA,NA,NA,NA,NA,NA
2014-11-23,1.1e+08,7.8154368,7.8154368,16.2966006319039,NA,NA,NA,NA,NA,NA
2014-11-24,1.1e+08,7.645536,7.645536,9.45440000295639,NA,NA,NA,NA,NA,NA
2014-11-25,1.1e+08,7.5889024,7.5889024,2.81099997460842,NA,NA,NA,NA,NA,NA
2014-11-26,1.1e+08,6.654448,6.654448,0,NA,NA,NA,NA,NA,NA
2014-11-27,1.1e+08,5.8332608,5.8332608,0,NA,NA,NA,NA,NA,NA
2014-11-28,1.1e+08,5.6916768,5.6916768,0.202600000236998,NA,NA,NA,NA,NA,NA
2014-11-29,1.1e+08,5.7483104,5.7483104,0,NA,NA,NA,NA,NA,NA
2014-11-30,1.1e+08,5.8332608,5.8332608,0,NA,NA,NA,NA,NA,NA
2014-12-01,1.1e+08,5.8332608,5.8332608,0,NA,NA,NA,NA,NA,NA
2014-12-02,1.1e+08,5.8332608,5.8332608,0,NA,NA,NA,NA,NA,NA
2014-12-03,1.1e+08,5.7483104,5.7483104,0,NA,NA,NA,NA,NA,NA
2014-12-04,1.1e+08,5.7483104,5.7483104,0,NA,NA,NA,NA,NA,NA
2014-12-05,1.1e+08,4.5873216,4.5873216,0,NA,NA,NA,NA,NA,NA
2014-12-06,1.1e+08,3.398016,3.398016,0,NA,NA,NA,NA,NA,NA
2014-12-07,1.1e+08,3.4829664,3.4829664,0,NA,NA,NA,NA,NA,NA
2014-12-08,1.1e+08,3.5112832,3.5112832,4.05149997735862,NA,NA,NA,NA,NA,NA
2014-12-09,1.1e+08,3.398016,3.398016,0.740800008177757,NA,NA,NA,NA,NA,NA
2014-12-10,1.1e+08,3.3696992,3.3696992,0.0564000010490417,NA,NA,NA,NA,NA,NA
2014-12-11,1.1e+08,3.3130656,3.3130656,0,NA,NA,NA,NA,NA,NA
2014-12-12,1.1e+08,3.114848,3.114848,0,NA,NA,NA,NA,NA,NA
2014-12-13,1.1e+08,3.1997984,3.1997984,0,NA,NA,NA,NA,NA,NA
2014-12-14,1.1e+08,3.2281152,3.2281152,0.07320000231266,NA,NA,NA,NA,NA,NA
2014-12-15,1.1e+08,3.2847488,3.2847488,3.81799996920745,NA,NA,NA,NA,NA,NA
2014-12-16,1.1e+08,3.3696992,3.3696992,5.33920007187407,NA,NA,NA,NA,NA,NA
2014-12-17,1.1e+08,3.2847488,3.2847488,0,NA,NA,NA,NA,NA,NA
2014-12-18,1.1e+08,3.1997984,3.1997984,0,NA,NA,NA,NA,NA,NA
2014-12-19,1.1e+08,3.1714816,3.1714816,0,NA,NA,NA,NA,NA,NA
2014-12-20,1.1e+08,3.2847488,3.2847488,0,NA,NA,NA,NA,NA,NA
2014-12-21,1.1e+08,3.3413824,3.3413824,0.409200012683868,NA,NA,NA,NA,NA,NA
2014-12-22,1.1e+08,3.3130656,3.3130656,3.13880000635982,NA,NA,NA,NA,NA,NA
2014-12-23,1.1e+08,3.4829664,3.4829664,10.1678000055253,NA,NA,NA,NA,NA,NA
2014-12-24,1.1e+08,3.398016,3.398016,0.321600006893277,NA,NA,NA,NA,NA,NA
2014-12-25,1.1e+08,3.398016,3.398016,0,NA,NA,NA,NA,NA,NA
2014-12-26,1.1e+08,3.256432,3.256432,0,NA,NA,NA,NA,NA,NA
2014-12-27,1.1e+08,3.3696992,3.3696992,1.32919999584555,NA,NA,NA,NA,NA,NA
2014-12-28,1.1e+08,3.3696992,3.3696992,0,NA,NA,NA,NA,NA,NA
2014-12-29,1.1e+08,3.3696992,3.3696992,0,NA,NA,NA,NA,NA,NA
2014-12-30,1.1e+08,3.3696992,3.3696992,0,NA,NA,NA,NA,NA,NA
2014-12-31,1.1e+08,3.398016,3.398016,0,NA,NA,NA,NA,NA,NA
